на	498
и	288
да	258
се	238
в	227
за	218
от	180
е	165
с	120
не	106
си	88
че	86
ще	85
са	73
по	70
това	62
му	49
той	40
но	36
до	33
като	33
след	31
го	27
много	27
г	26
бе	26
които	26
към	24
при	24
ли	24
още	22
ни	21
всички	21
има	20
аз	20
а	19
тези	19
вчера	18
може	18
тя	18
със	18
този	18
те	18
българия	18
трябва	17
бъде	17
софия	17
една	16
който	15
ти	15
когато	15
ако	15
няма	15
което	15
която	14
или	14
беше	14
вече	14
им	14
време	13
така	13
над	13
само	13
защото	13
я	13
ес	12
би	12
години	12
тази	12
през	12
българската	12
без	12
ми	12
ви	12
във	11
все	11
него	11
й	11
бъдат	11
събрание	11
лв	11
млн	10
докато	10
ние	10
ги	10
нас	10
едно	10
преди	10
могат	10
толкова	9
какво	9
част	9
сме	9
пак	9
под	9
политика	8
как	8
съобщи	8
работа	8
бяха	8
един	8
също	8
три	8
сега	8
обаче	7
година	7
съвет	7
страна	7
срещу	7
условия	7
проблем	7
съюз	7
нея	7
заяви	7
работи	7
тях	7
били	7
хора	7
всеки	7
достатъчно	7
народното	7
комисия	6
както	6
малко	6
винаги	6
отново	6
около	6
днес	6
състояние	6
говори	6
фирми	6
държавата	6
пари	6
добре	6
пред	6
според	6
каза	6
нашите	6
министър	6
у	6
името	6
съм	6
ме	6
повече	6
наистина	6
реши	6
отношение	6
армия	6
оценка	6
декември	6
2	6
срещата	5
европейската	5
шефът	5
европа	5
изглежда	5
път	5
20	5
годината	5
място	5
приета	5
всичко	5
георги	5
никакви	5
план	5
правителство	5
начин	5
новия	5
става	5
щом	5
бях	5
заедно	5
водата	5
кажа	5
искам	5
два	5
друг	5
книга	5
то	5
дейността	5
какви	5
развитие	5
жени	5
подготовка	5
господин	5
служба	5
две	5
между	5
едва	5
дойде	5
заради	5
другите	5
януари	5
лично	4
обяви	4
тогава	4
система	4
души	4
франция	4
очи	4
министерството	4
делото	4
сащ	4
пазара	4
средства	4
решение	4
кабинета	4
такава	4
позиция	4
въпрос	4
стабилност	4
очевидно	4
смисъл	4
даде	4
закон	4
страната	4
2000	4
седмица	4
съвсем	4
защитава	4
мисли	4
отида	4
вино	4
тъй	4
дори	4
живот	4
двама	4
вижда	4
кой	4
нещо	4
знам	4
иван	4
никой	4
депутати	4
ето	4
своя	4
бивш	4
данни	4
закона	4
дума	4
бързо	4
нова	4
нови	4
среща	4
участва	4
образование	4
каква	4
момента	4
бюджета	4
други	4
войници	4
промени	4
дни	4
комисията	4
върху	4
народно	4
остава	4
нека	4
процес	4
ред	4
освен	4
помощ	4
продължи	4
можем	4
справяне	4
3	4
съобщиха	4
бил	4
била	4
цените	4
двамата	3
столица	3
ноември	3
сериозно	3
възможността	3
косово	3
доклад	3
такова	3
въпроси	3
книгата	3
министерство	3
предаде	3
колкото	3
стане	3
възможно	3
задължения	3
смъртта	3
лято	3
стана	3
имаш	3
някой	3
хората	3
театър	3
прави	3
пръв	3
очаква	3
субсидия	3
края	3
военната	3
останалите	3
лица	3
такива	3
мнение	3
конституцията	3
валута	3
икономика	3
всяка	3
износ	3
проблеми	3
държавната	3
свързани	3
тия	3
трудности	3
обясни	3
група	3
твърди	3
член	3
сдс	3
българското	3
бел	3
решението	3
пациенти	3
кандидатите	3
общински	3
град	3
каже	3
президентът	3
дава	3
пътя	3
вероятно	3
политиката	3
полицията	3
парите	3
влезе	3
себе	3
из	3
двете	3
баща	3
големи	3
искаш	3
своята	3
земята	3
тая	3
понеделник	3
степен	3
улици	3
никога	3
сняг	3
времето	3
къде	3
тук	3
там	3
детето	3
идва	3
тръгва	3
студентка	3
иска	3
кого	3
мен	3
някои	3
зад	3
подкрепа	3
момент	3
например	3
русия	3
отговор	3
циана	3
колега	3
кои	3
сили	3
среда	3
населението	3
работата	3
представители	3
щеше	3
война	3
военнослужещи	3
кадрови	3
втория	3
моля	3
втора	3
изпълнението	3
край	3
първите	3
обществото	3
общината	3
почти	3
бих	3
страни	3
действие	3
участват	3
връзка	3
дали	3
дневния	3
право	3
после	3
точка	3
надежда	3
сила	3
език	3
имат	3
наред	3
определя	3
избира	3
приемат	3
състои	3
началото	3
образованието	3
пъти	3
десет	3
води	3
глава	3
реакции	3
здраве	3
втори	3
1000	3
фирма	3
андрей	3
ново	3
инсулин	3
фирмата	3
долара	3
петров	3
вода	3
отказа	3
народен	3
5	3
труда	3
голям	3
стойност	3
сградата	3
1	3
документи	3
задача	3
000	3
столичната	3
случай	3
константинов	3
търсят	3
дс	3
наскоро	3
президента	3
елена	3
николай	3
31	3
видят	2
западни	2
24	2
общност	2
обсъди	2
провинция	2
казва	2
заключение	2
стига	2
бившият	2
отбраната	2
счита	2
създаването	2
направи	2
бисеров	2
цонев	2
сряда	2
ню	2
инициативите	2
фестивала	2
бургас	2
жест	2
рано	2
дълбоко	2
сърцето	2
13	2
неизвестни	2
писма	2
ден	2
свят	2
отваря	2
откритие	2
бдж	2
финансовото	2
правителството	2
превози	2
полковник	2
иванов	2
голяма	2
вашето	2
съдебна	2
първата	2
свободата	2
съвестта	2
данъци	2
вторият	2
свързан	2
отговори	2
искат	2
сметка	2
имаме	2
квоти	2
продължава	2
европейския	2
левски	2
смята	2
окончателно	2
чужди	2
правителства	2
съд	2
усилията	2
бави	2
причината	2
23	2
местните	2
продължават	2
актове	2
съда	2
дипломатът	2
бившата	2
нямаше	2
шефа	2
нис	2
ниво	2
разглеждаме	2
отнасят	2
членки	2
двустранен	2
друга	2
засягат	2
отбеляза	2
роман	2
обясниха	2
официалната	2
изключително	2
пакта	2
благоденствие	2
мнението	2
отношението	2
какъвто	2
организация	2
побързо	2
красимир	2
външен	2
ами	2
започна	2
дипломатическа	2
лондон	2
нужно	2
ситуация	2
всякакви	2
съмнения	2
неговата	2
чийто	2
желание	2
бомба	2
ройтерс	2
ап	2
ругова	2
избори	2
скоро	2
югославия	2
местно	2
болестта	2
прогнози	2
приемането	2
стигат	2
страх	2
коня	2
останала	2
отиде	2
загуби	2
настъпи	2
чистата	2
тишина	2
село	2
важни	2
стоеше	2
дете	2
очите	2
почнаха	2
искаха	2
стаята	2
градината	2
сякаш	2
падне	2
щях	2
моя	2
мина	2
първият	2
някак	2
обърне	2
чиито	2
просто	2
първото	2
някъде	2
настрана	2
занимава	2
смее	2
иди	2
свидетели	2
полза	2
човек	2
нощ	2
хубаво	2
кръчмата	2
където	2
нейните	2
тебе	2
красота	2
предава	2
шум	2
началника	2
мислиш	2
остане	2
излишен	2
срещна	2
студент	2
знае	2
продават	2
имаше	2
решиш	2
настоява	2
коя	2
важно	2
забрави	2
вярвам	2
заминал	2
принудиха	2
тръгнем	2
следствието	2
дойдеш	2
книги	2
предполага	2
търси	2
оценки	2
колегите	2
стои	2
правилната	2
кауза	2
съвета	2
условията	2
програмата	2
министрите	2
сесия	2
трудно	2
такъв	2
свои	2
причини	2
реагира	2
онова	2
дотук	2
отмъсти	2
дълго	2
сатирата	2
пречи	2
реформа	2
изискванията	2
посилно	2
допускат	2
хазна	2
информация	2
групи	2
организации	2
период	2
знаят	2
предложенията	2
постигане	2
целите	2
тяхната	2
очаквам	2
стратегическа	2
решения	2
наредбата	2
близките	2
опит	2
гледаше	2
малка	2
обърка	2
председател	2
поглед	2
ученик	2
успоредно	2
студената	2
картотекираните	2
повтори	2
срок	2
книжки	2
ефективно	2
колеги	2
европейски	2
думата	2
осъществяват	2
контрол	2
програмите	2
гърба	2
всяко	2
кадрова	2
червени	2
приемане	2
въвеждането	2
войските	2
пък	2
основните	2
военното	2
вашата	2
подготовката	2
осигуряването	2
програми	2
направления	2
ситуацията	2
внимание	2
хранене	2
комисии	2
зала	2
европейска	2
сигурност	2
ролята	2
бори	2
механизма	2
напред	2
сред	2
процеса	2
чрез	2
военна	2
занаятчии	2
развитието	2
уж	2
български	2
нищо	2
кредитът	2
приходната	2
стигне	2
мнозинство	2
реформата	2
администрация	2
успя	2
правите	2
форма	2
какъв	2
разделят	2
песимизъм	2
договор	2
проверка	2
професионалната	2
основни	2
повишаване	2
икономическата	2
личния	2
състав	2
поголяма	2
лед	2
българи	2
дебат	2
остави	2
потърси	2
такси	2
лицето	2
поръмжал	2
види	2
въпроса	2
подобряване	2
резултат	2
изграждането	2
военно	2
произтекоха	2
вие	2
доста	2
длъжност	2
заповед	2
проблемът	2
оттогава	2
отдадена	2
прекратяване	2
живеем	2
нямаме	2
хвърли	2
армията	2
мога	2
комуникации	2
вярвал	2
смешни	2
понякога	2
разбра	2
разбира	2
подготвил	2
бюрото	2
погледна	2
братя	2
виж	2
стоновете	2
братята	2
патент	2
производството	2
редът	2
партии	2
гражданите	2
човешкия	2
престъпление	2
против	2
българския	2
родители	2
правилник	2
гласуването	2
предвижда	2
министерският	2
великото	2
особено	2
наложи	2
разширяването	2
посока	2
затова	2
излиза	2
призраците	2
втората	2
световна	2
никаква	2
науката	2
истински	2
учен	2
стреми	2
страхотни	2
участие	2
кратък	2
можеш	2
резултатите	2
телевизора	2
свободно	2
получиш	2
нашата	2
кръв	2
навън	2
проучване	2
moos	2
различни	2
живота	2
отговорност	2
взети	2
имали	2
добри	2
мрежа	2
помощи	2
50	2
започва	2
заявиха	2
строителството	2
27	2
евро	2
военни	2
филм	2
българска	2
играе	2
федерация	2
платили	2
бфс	2
футболисти	2
споразумение	2
месеца	2
препятствия	2
въвежда	2
целта	2
дпс	2
депутатите	2
промяна	2
последните	2
цска	2
въобще	2
фондация	2
означава	2
георгиев	2
вземат	2
2001	2
15	2
столицата	2
ремонта	2
ч	2
сравнение	2
месеци	2
дефицит	2
лева	2
телевизия	2
отборът	2
сто	2
процента	2
30	2
300	2
изваждането	2
съветник	2
спогодба	2
митата	2
стоки	2
млрд	2
документът	2
междувременно	2
25	2
астера	2
столичния	2
мвр	2
вечерта	2
колата	2
налага	2
40	2
радио	2
димитров	2
гостите	2
трябваше	2
рядко	2
200	2
догодина	2
ii	2
каса	2
др	2
поиска	2
йордан	2
бакалов	2
основната	2
причина	2
лекарство	2
22	2
часа	2
век	2
250	2
кг	2
собственик	2
миналата	2
клинтън	2
почина	2
онс	2
картички	2
успеха	2
съдържа	2
жълто	2
зелено	2
розово	2
сътрудник	2
внос	2
визи	2
москва	2
полунощ	2
добруджа	2
прогнозира	2
ареста	2
10	2
пет	2
първо	2
четене	2
сделки	2
института	2
направили	2
шампанско	2
лазаров	2
награда	2
василев	2
граждани	2
вземе	2
бнт	2
месец	2
аец	2
крайно	2
столетие	2
танев	2
тото	2
артисти	2
съпругата	2
стоичков	2
премиерата	2
хотела	2
петрол	2
см	2
500	2
тона	2
заместникпредседател	1
лидери	1
хърватската	1
балкани	1
започваща	1
тг	1
разговарял	1
жижич	1
международната	1
населената	1
главно	1
албанци	1
бивша	1
сръбска	1
получи	1
условна	1
независимост	1
ръководена	1
шведския	1
премиер	1
горан	1
першон	1
предварителен	1
дирекция	1
социални	1
евробанката	1
влияе	1
зле	1
еврото	1
пише	1
себеутвърждаването	1
германски	1
канцлер	1
хелмут	1
шмидт	1
говорителката	1
германското	1
дпа	1
спомних	1
битуващата	1
фраза	1
правило	1
поразкошен	1
офисът	1
банката	1
поблизо	1
нейният	1
крах	1
мечтае	1
невъзвращенец	1
единна	1
информационна	1
регистрация	1
заемополучателите	1
просрочени	1
кредитите	1
проливните	1
дъждове	1
ураганните	1
ветрове	1
причиниха	1
седем	1
великобритания	1
холандия	1
швеция	1
дания	1
започват	1
снимат	1
сцените	1
закрито	1
студиото	1
имидж	1
басейн	1
славия	1
гениите	1
свирят	1
затворени	1
подкрепи	1
младия	1
артдиректор	1
музикален	1
фестивал	1
варненско	1
придоби	1
международна	1
известност	1
минчев	1
художествен	1
ръководител	1
емил	1
чакъров	1
приятелски	1
колегиален	1
напусналия	1
изключителен	1
диригент	1
когото	1
свързват	1
спомени	1
юношеските	1
темпераментът	1
свирене	1
показен	1
извира	1
призовете	1
присъждат	1
категории	1
рушат	1
мита	1
оскар	1
уайлд	1
момиченце	1
вдигнем	1
сватба	1
надявам	1
забавляваш	1
кеймбридж	1
копнели	1
прекрасния	1
мерилин	1
монро	1
врати	1
подобно	1
1930	1
видяна	1
планетата	1
плутон	1
цената	1
6700	1
лири	1
стерлинги	1
управителният	1
събира	1
компанията	1
неотдавна	1
отпусна	1
покриване	1
загубите	1
пътнически	1
припомниха	1
транспорта	1
помните	1
думите	1
преподаваше	1
академия	1
следствените	1
набор	1
трагедията	1
отрази	1
позициите	1
обвиняеми	1
намерения	1
сигурно	1
протакането	1
тромава	1
точно	1
неслучайно	1
поправка	1
1791	1
визира	1
именно	1
религията	1
плащат	1
църквите	1
въпреки	1
живеят	1
преобладаващо	1
християнска	1
провиква	1
добрият	1
войник	1
швейк	1
преработка	1
изнасяха	1
елемент	1
конкурентоспособността	1
реалната	1
структура	1
предприемачеството	1
популистка	1
въжделенията	1
редовите	1
избиратели	1
губещите	1
естествено	1
всевъзможни	1
преференции	1
митнически	1
защити	1
локомотива	1
днешното	1
стопанство	1
печелившите	1
неизпълнени	1
поради	1
достигането	1
нареченото	1
дъно	1
бсп	1
функционира	1
негативен	1
сателит	1
външна	1
българските	1
свръхочакванията	1
присъединяването	1
начело	1
любен	1
каравелов	1
васил	1
революция	1
скъса	1
четническата	1
тактика	1
зависимостта	1
запечатаха	1
работилниците	1
окръжният	1
благоевград	1
отмени	1
заповедите	1
обезсмисли	1
дискредитира	1
разрешаването	1
визовия	1
показва	1
желани	1
съюза	1
процесът	1
придобие	1
стихийни	1
размери	1
обяснява	1
търговци	1
вдигнаха	1
палати	1
карат	1
мерцедеси	1
собственици	1
дървопреработвателни	1
1011	1
наказателни	1
акта	1
безпроблемно	1
трупат	1
приказване	1
изсякоха	1
надява	1
60годишният	1
борисов	1
дето	1
крадат	1
съставените	1
пропадат	1
журналисти	1
запознати	1
пенсиониран	1
настояване	1
консулка	1
бейза	1
юнтуна	1
имахме	1
връзки	1
ершов	1
материални	1
правим	1
премянов	1
познава	1
нафтекс	1
опитва	1
прехвърли	1
връзките	1
евентуална	1
приемничка	1
михайлова	1
шефското	1
парламентарната	1
росица	1
тоткова	1
достъпът	1
свободен	1
доказателства	1
подготвяли	1
успоредни	1
структури	1
общинско	1
областно	1
ангажименти	1
напълно	1
партньори	1
страните	1
отношения	1
отиват	1
външнотърговски	1
дружества	1
представителства	1
търговскопромишлена	1
палата	1
божидар	1
божинов	1
институционализирано	1
пресслужбата	1
изразява	1
надеждата	1
заявява	1
изразеното	1
ненавременно	1
неконструктивно	1
пряко	1
някакво	1
недоразумение	1
поширока	1
картина	1
региона	1
действително	1
преразгледаме	1
проекти	1
пактът	1
свързахте	1
специалния	1
координатор	1
бодо	1
хомбах	1
уведомите	1
логиката	1
създаване	1
превръщането	1
пълноправен	1
създали	1
освобождават	1
доктори	1
помалко	1
800	1
прекрати	1
рекетът	1
наемателите	1
имоти	1
участниците	1
търгове	1
районните	1
администрации	1
съветникът	1
арсов	1
датчанин	1
другата	1
жертва	1
стихията	1
южния	1
холандски	1
зееланд	1
вятърът	1
повали	1
дървета	1
отнесе	1
покриви	1
израелският	1
шломо	1
бен	1
обиколка	1
париж	1
вашингтон	1
израел	1
слаб	1
извънредната	1
шарон	1
можеше	1
гласност	1
подписването	1
сбърках	1
похвално	1
качество	1
уви	1
отрицателен	1
ефект	1
предизборна	1
кампания	1
гласи	1
поговорка	1
политическия	1
фолклор	1
икономиката	1
сменя	1
управляващите	1
личности	1
екипи	1
избухна	1
австрийската	1
щирия	1
близо	1
полицейското	1
управление	1
киндберг	1
предадоха	1
изборите	1
откриват	1
независимостта	1
ибрахим	1
демократичен	1
спечели	1
признаят	1
публично	1
завоя	1
заплаши	1
демократично	1
избран	1
президент	1
воислав	1
кощуница	1
партньор	1
слобо	1
продаде	1
тв	1
пинк	1
австрийски	1
бизнесмен	1
мадрид	1
отцепила	1
района	1
арести	1
извършени	1
намерен	1
окаяно	1
езеро	1
браун	1
подчерта	1
недостатъчните	1
научни	1
познания	1
пречат	1
точни	1
половина	1
върха	1
берлин	1
поясно	1
наям	1
ставам	1
заека	1
омръзна	1
студува	1
подаде	1
слугата	1
повода	1
двора	1
огрените	1
скали	1
отсреща	1
немееха	1
стареца	1
христина	1
хубавата	1
внучка	1
ганини	1
власт	1
гробно	1
мълчание	1
надлъж	1
нашир	1
селото	1
сестри	1
започнаха	1
шепнат	1
пониско	1
безплатно	1
пожар	1
позвънете	1
телефон	1
160	1
бурен	1
знойните	1
лъки	1
расте	1
носеше	1
равният	1
самотен	1
глас	1
кукувицата	1
спестените	1
останали	1
малкият	1
свършило	1
присъстващите	1
събранието	1
сложиха	1
подписите	1
туту	1
съотносителен	1
разлъка	1
драгалевци	1
разположено	1
полите	1
витоша	1
прогърми	1
чичо	1
митуш	1
залови	1
трионът	1
заскрибуца	1
задържат	1
тука	1
девойчето	1
заковано	1
духовният	1
радваше	1
цялото	1
сърце	1
прикриваше	1
радостта	1
стар	1
мъртъв	1
марга	1
стават	1
покажат	1
наели	1
шегувам	1
помня	1
ходил	1
горния	1
етаж	1
ниско	1
чувахме	1
шумят	1
овошките	1
вместо	1
радва	1
плаче	1
чувстват	1
близки	1
столетия	1
болен	1
ябълката	1
раздрусаш	1
клона	1
помлад	1
гората	1
уловя	1
славейче	1
спрях	1
удари	1
щастлив	1
останах	1
долу	1
гаснат	1
лампите	1
снахата	1
наточи	1
постоплите	1
минута	1
стъпя	1
нозете	1
изгоря	1
мъка	1
ядат	1
жаби	1
надвечер	1
високи	1
викове	1
дойдоха	1
отзад	1
накараха	1
говореха	1
суровите	1
мрачни	1
хайдути	1
корави	1
сърца	1
трогнати	1
найлошото	1
поразена	1
мозъка	1
костите	1
впечатление	1
разтресла	1
артилерийският	1
огън	1
премества	1
техния	1
творчество	1
историята	1
глупецът	1
дързък	1
надявай	1
зарадва	1
смееше	1
дигне	1
четирите	1
топа	1
престанали	1
гърмят	1
стояха	1
неми	1
битката	1
дунавът	1
тих	1
спокоен	1
нане	1
стоичко	1
глух	1
страхът	1
статуя	1
найгениалните	1
произведения	1
ваятелството	1
тоя	1
вагабонтин	1
минува	1
честен	1
падна	1
чудна	1
лятна	1
прохладна	1
свежа	1
лепо	1
момче	1
живея	1
горя	1
съмва	1
смълчания	1
ала	1
бойте	1
деца	1
утрешния	1
надошли	1
вчерашните	1
овчари	1
слуги	1
веселбата	1
продължаваше	1
коси	1
всъщност	1
съжаление	1
криеше	1
учудването	1
циганка	1
ах	1
природа	1
въобразяваме	1
смятаме	1
закони	1
видя	1
кметът	1
вътре	1
илия	1
повърна	1
слушам	1
опря	1
главата	1
дрямка	1
кривите	1
селски	1
заскърцаха	1
коли	1
досега	1
срещнах	1
благородство	1
нежна	1
излязоха	1
ботушите	1
загърмяха	1
коридора	1
отвън	1
входа	1
дупката	1
върховете	1
доловете	1
равнината	1
побелели	1
колът	1
забит	1
закован	1
почакаха	1
могила	1
направиха	1
чадъра	1
индже	1
морето	1
сиянието	1
срамота	1
появявате	1
небрежен	1
вид	1
почнеше	1
влошава	1
събуждаше	1
дрямката	1
пръска	1
луди	1
негови	1
успокоява	1
манол	1
разиграва	1
оставя	1
бутилката	1
дурак	1
искаше	1
веднага	1
казал	1
целият	1
питам	1
отидеш	1
говориш	1
изляза	1
сетих	1
студента	1
помогнаха	1
рецензента	1
прочетена	1
купена	1
уморен	1
стая	1
езика	1
сок	1
малини	1
бутилки	1
студенти	1
зачуди	1
седнала	1
подарък	1
майката	1
играчка	1
реже	1
помолиш	1
забрани	1
запознах	1
странно	1
търсиш	1
замине	1
посъветвах	1
чух	1
вземи	1
каквото	1
каквато	1
давам	1
даваш	1
прочети	1
упътването	1
включиш	1
уреда	1
подобре	1
отколкото	1
пишеш	1
знаех	1
дойда	1
повикаха	1
кажи	1
донесеш	1
дренки	1
моливи	1
стойко	1
замълча	1
заминат	1
разказваха	1
вицове	1
цигарата	1
паднала	1
пода	1
димеше	1
кучето	1
съседите	1
изчезнало	1
ходи	1
отивам	1
магазина	1
купя	1
весела	1
лятото	1
горещо	1
търсеха	1
книгите	1
усмихвала	1
усмихва	1
помислих	1
питаш	1
сприхав	1
шотландски	1
характер	1
представени	1
икономически	1
договорил	1
посещения	1
канада	1
унгария	1
армения	1
известна	1
затварянето	1
реактори	1
тип	1
взаимно	1
съгласувани	1
срокове	1
показа	1
каузата	1
югославската	1
скупщина	1
френските	1
изразиха	1
одобрението	1
потвърдиха	1
окаже	1
необходимата	1
изпълнение	1
членство	1
югоизточна	1
комитета	1
юбилейната	1
будапеща	1
важен	1
създаде	1
модел	1
исторически	1
културни	1
масова	1
емиграция	1
революцията	1
полша	1
терасата	1
отвърна	1
нов	1
смях	1
поважният	1
изведнъж	1
хрумна	1
излязло	1
идеалното	1
крупие	1
поизисканите	1
гости	1
казиното	1
далечно	1
свършва	1
найактивни	1
конфликта	1
актьори	1
мяркали	1
сцената	1
режисьорите	1
проявяват	1
интерес	1
административната	1
любопитството	1
раздели	1
имате	1
поделения	1
найголям	1
брой	1
пътнотранспортни	1
произшествия	1
противниците	1
кандидати	1
отчаяли	1
предвид	1
издължаването	1
патента	1
равни	1
части	1
свидетелства	1
положително	1
едноличните	1
данъкоплатци	1
малките	1
семейни	1
данъчните	1
законът	1
достъп	1
обществена	1
пакета	1
областта	1
стопанското	1
възстановяване	1
сътрудничество	1
таблицата	1
субект	1
организираната	1
престъпност	1
престъпните	1
образувани	1
действащи	1
продължителен	1
неопределен	1
чак	1
офицерите	1
корпуса	1
езици	1
изучаването	1
секват	1
появяване	1
обучение	1
места	1
отворихме	1
разправихме	1
спорът	1
чу	1
глъчка	1
тропот	1
зиналите	1
врата	1
занадничаха	1
сънните	1
рошави	1
глави	1
пробудените	1
съседи	1
здрави	1
уверени	1
собствените	1
настойчиви	1
гонене	1
говоря	1
служат	1
лидерите	1
осъдиха	1
насилието	1
подготвят	1
декларация	1
външната	1
началната	1
фаза	1
впоследствие	1
разпадат	1
отделни	1
сражения	1
боеве	1
глобалната	1
характеризира	1
ускорено	1
технологиите	1
технологични	1
качествено	1
пробиви	1
добиването	1
енергия	1
изхранването	1
здравеопазването	1
суровинната	1
база	1
сигурността	1
стабилността	1
планетарен	1
мащаб	1
немислими	1
приложението	1
описани	1
подробно	1
отговарят	1
различните	1
сгради	1
съоръжения	1
обществено	1
ползване	1
знаеше	1
сбогувал	1
натрупали	1
знаем	1
доказваме	1
практиката	1
бясно	1
въртящия	1
цифров	1
брояч	1
годините	1
впечатленията	1
поддържа	1
военнослужещите	1
гражданското	1
население	1
бере	1
спори	1
кандидатът	1
голотата	1
материал	1
пристигаше	1
трупаше	1
купчини	1
всекидневно	1
съчинения	1
валяха	1
ведро	1
предстои	1
направено	1
постигнем	1
мечта	1
униформа	1
красиви	1
елегантни	1
женствени	1
смятам	1
книжа	1
приватизация	1
определени	1
обекти	1
правилна	1
създадохме	1
раздвижването	1
инструменти	1
обект	1
преговори	1
проведени	1
срещи	1
магистратура	1
постановление	1
наредба	1
принципите	1
методиката	1
определяне	1
концесионното	1
възнаграждение	1
добив	1
подземни	1
богатства	1
викнал	1
правя	1
глупак	1
оправдания	1
абсолютно	1
черен	1
скафандър	1
виждаме	1
радарния	1
екран	1
вакуума	1
излизането	1
люка	1
инерция	1
движи	1
кораба	1
изостане	1
сантиметър	1
очевидна	1
неподготвеността	1
европейските	1
въоръжени	1
променената	1
обстановка	1
подреждането	1
водят	1
кадровите	1
семействата	1
загинали	1
повод	1
гражданските	1
текст	1
четете	1
комплимента	1
върна	1
декларацията	1
спазен	1
навремето	1
прибираха	1
шофьорските	1
войниците	1
момчетата	1
изсмяха	1
наивност	1
гарантира	1
разпределение	1
ресурсите	1
отбрана	1
търпение	1
уважаеми	1
мислете	1
реплика	1
овчаров	1
парламентарна	1
харно	1
ама	1
свако	1
дан	1
имал	1
весело	1
ръгна	1
юмрук	1
гърдите	1
орелът	1
противогаз	1
заседанието	1
приключи	1
трети	1
казвам	1
намеренията	1
относно	1
бъдещето	1
инвалидните	1
колички	1
том	1
усети	1
мравки	1
полазиха	1
звено	1
носи	1
печалба	1
постъпилите	1
гостът	1
разписа	1
почетната	1
насвятка	1
злобно	1
приклекна	1
великолепна	1
черна	1
ваза	1
фигури	1
необходимостта	1
общинското	1
кредитиране	1
въпросът	1
автоматизираната	1
откак	1
почна	1
хирургия	1
дублира	1
механизмите	1
правораздаване	1
роля	1
миротворци	1
жена	1
грабна	1
вестника	1
ококори	1
редове	1
разглежда	1
разпределяне	1
средствата	1
разходи	1
описвам	1
реално	1
виждате	1
реализирането	1
идеята	1
фирмено	1
писателят	1
уплашено	1
дръпна	1
мяха	1
успее	1
запуши	1
крачето	1
оплиска	1
плочника	1
включва	1
плановете	1
защитата	1
предлагат	1
пленарна	1
обсъждат	1
двата	1
проекта	1
избърза	1
целувката	1
възпре	1
някоя	1
глупост	1
нима	1
командват	1
развиват	1
командири	1
денят	1
завърши	1
празнична	1
чаша	1
офицерската	1
столова	1
френския	1
контингент	1
дебата	1
трансатлантическата	1
човекът	1
калява	1
волята	1
противопоставя	1
енергично	1
изчака	1
джина	1
задейства	1
призова	1
подкрепено	1
предложението	1
внесено	1
крачка	1
важна	1
цел	1
европейското	1
приобщаване	1
френска	1
заявено	1
председателства	1
искала	1
отличниците	1
разширяване	1
мълчи	1
трае	1
чува	1
обмен	1
висококвалифицирани	1
подлежащи	1
абитуриенти	1
майстори	1
началниците	1
непрекъснато	1
дават	1
преценка	1
позволявам	1
формирането	1
работеща	1
здрава	1
босна	1
херцеговина	1
военните	1
спокойно	1
оттеглят	1
заеманите	1
позиции	1
сомът	1
хапеше	1
въздуха	1
широката	1
уста	1
говореше	1
разбираше	1
искал	1
поема	1
никакъв	1
риск	1
познавал	1
предположим	1
обслужван	1
съобразно	1
приетия	1
погасителен	1
средата	1
третата	1
появяват	1
неблагополучия	1
затруднения	1
връщането	1
кредита	1
насаме	1
уреди	1
престоя	1
подчертае	1
подкрепяно	1
парламентарни	1
найважните	1
нисък	1
грозен	1
провиснал	1
корем	1
усмихне	1
мило	1
изявление	1
големина	1
цвят	1
мирис	1
имахте	1
възможност	1
качествен	1
подбор	1
девойки	1
цивилизовано	1
дългогодишните	1
предварително	1
могъл	1
дам	1
докладът	1
получен	1
премиера	1
евентуалните	1
нощи	1
валя	1
дъжд	1
вятър	1
брули	1
прехвръква	1
обозните	1
коне	1
гладни	1
открито	1
изпаднаха	1
отчаяние	1
мястото	1
агенцията	1
осъществяването	1
искрено	1
пожелаваме	1
професионални	1
подписват	1
извършване	1
пригодност	1
мероприятия	1
финансира	1
бюджетът	1
бойната	1
оперативната	1
мароканската	1
делегация	1
ръководствата	1
самоуправление	1
регионален	1
показани	1
характеристики	1
взаимоотношенията	1
съседните	1
перспективите	1
тяхното	1
установи	1
влиянието	1
хода	1
здравословното	1
психическото	1
отчитането	1
реалности	1
включително	1
планиране	1
имало	1
успех	1
висшето	1
съвпадат	1
изучаваната	1
тематика	1
техническите	1
университети	1
боеше	1
изцапа	1
ослепително	1
непозната	1
настилка	1
пистата	1
заприличала	1
обикновено	1
печелят	1
лотарията	1
негодяите	1
наказани	1
доброто	1
побеждава	1
действаше	1
найдепресивно	1
водим	1
вярват	1
найважното	1
тридесет	1
осмото	1
отговорно	1
найтрудни	1
връщайки	1
предишния	1
парадоксалното	1
подписван	1
договорът	1
знаела	1
параметри	1
системата	1
съгласява	1
приятелка	1
лекарката	1
влизането	1
кабелна	1
гърция	1
южна	1
италия	1
променя	1
положението	1
пръчката	1
огъна	1
рибата	1
тръгна	1
могъща	1
дъга	1
събра	1
копринения	1
тапет	1
стената	1
усетил	1
дебелия	1
кара	1
кольо	1
направил	1
чул	1
посмял	1
иде	1
единственото	1
опозицията	1
справи	1
възстановяването	1
сърбия	1
помогнете	1
наредя	1
трудова	1
държава	1
земеделския	1
стопанин	1
неговия	1
инвентар	1
дребната	1
етап	1
обожават	1
пътуват	1
граница	1
начина	1
посрещат	1
уважение	1
отбелязано	1
значителното	1
деловия	1
климат	1
силното	1
присъствие	1
международни	1
хвана	1
залата	1
воля	1
движим	1
честни	1
общодостъпна	1
организира	1
постарите	1
повтарям	1
рискове	1
разходите	1
ясно	1
жената	1
прегърнах	1
заведох	1
цветето	1
чухте	1
трудна	1
забави	1
назначаването	1
точки	1
горе	1
получават	1
остатъка	1
лимита	1
отдаване	1
частта	1
сложен	1
решен	1
договора	1
сдаване	1
длъжността	1
караулната	1
върви	1
герои	1
случки	1
романа	1
плод	1
въображение	1
размисъл	1
самодоволство	1
самочувствие	1
блика	1
тече	1
крачолите	1
панталоните	1
заслужава	1
осъдителна	1
извън	1
министърпредседателят	1
посочи	1
рая	1
ада	1
потрети	1
увери	1
напредват	1
отговорите	1
поусмихне	1
шепа	1
царевица	1
па	1
извий	1
закрачи	1
бавно	1
къщи	1
служебните	1
апартаменти	1
предоставят	1
временно	1
задоволяване	1
жилищната	1
нужда	1
заеманата	1
ръководни	1
кадри	1
уточнява	1
решаването	1
зависи	1
политическата	1
социалната	1
колко	1
началник	1
водя	1
преговорите	1
найсъществената	1
социалните	1
кога	1
норвежците	1
забелязах	1
видях	1
сянката	1
пада	1
надолу	1
камък	1
слънчевата	1
фасада	1
срещното	1
здание	1
безсмъртието	1
старостта	1
професионално	1
ориентиране	1
виждат	1
излишни	1
педагогията	1
диетата	1
предписва	1
изпълнява	1
чудовище	1
съвършенство	1
осъден	1
създава	1
фрагменти	1
показаха	1
моите	1
противоречия	1
съгласих	1
оставих	1
огънят	1
угасне	1
гориво	1
индивидуалността	1
произхожда	1
несъвършенството	1
увеличавайки	1
количеството	1
поголямо	1
количество	1
чудото	1
тримата	1
невероятно	1
омекна	1
учуди	1
взря	1
личицето	1
пораснала	1
избърса	1
опакото	1
ръката	1
продължиха	1
текат	1
та	1
драскаше	1
срамуваше	1
опитите	1
благодаря	1
зная	1
страха	1
очаквал	1
укори	1
закъснението	1
отбранява	1
празник	1
смръщи	1
прекъсна	1
вальо	1
изправи	1
румен	1
заобиколи	1
сложи	1
длани	1
раменете	1
емоциите	1
щяха	1
правят	1
уязвим	1
светльо	1
превеждаше	1
филми	1
телевизията	1
предложение	1
книжен	1
плъх	1
някога	1
доживя	1
наложило	1
опре	1
изпитание	1
верността	1
благодарност	1
късно	1
материализира	1
потече	1
секретарката	1
плачеше	1
посвени	1
погали	1
косата	1
бащински	1
приюти	1
видим	1
плебей	1
рождение	1
дрипльовци	1
мои	1
голите	1
кървави	1
меса	1
чуй	1
удоволствие	1
минеш	1
стъпала	1
зарад	1
стъпало	1
вземам	1
двоен	1
откуп	1
дай	1
паметта	1
юношата	1
зелените	1
иронични	1
дявола	1
виждаше	1
доле	1
празнично	1
облечени	1
тълпи	1
химни	1
прилага	1
уговорено	1
действия	1
подаването	1
заявка	1
патентното	1
ведомство	1
издаването	1
публикуването	1
поддържането	1
действието	1
заплащат	1
тарифа	1
министерския	1
трансформация	1
автономни	1
териториални	1
образувания	1
влизат	1
обнародването	1
определен	1
образуване	1
политически	1
дейност	1
уреждат	1
частната	1
собственост	1
неприкосновена	1
основно	1
национално	1
богатство	1
ползва	1
особената	1
закрила	1
права	1
посегателството	1
наказва	1
найтежко	1
погасяват	1
давност	1
наказателното	1
преследване	1
наказанието	1
престъпления	1
мира	1
човечеството	1
българският	1
майчин	1
задължителното	1
изучаване	1
изучават	1
ползват	1
организиране	1
провеждане	1
събрания	1
манифестации	1
отглеждането	1
възпитанието	1
децата	1
пълнолетието	1
задължение	1
техните	1
подпомага	1
организацията	1
въз	1
основа	1
приет	1
постоянни	1
временни	1
явно	1
тайно	1
гласуване	1
указите	1
приподписват	1
министърпредседателя	1
съответния	1
министърпредседател	1
заместник	1
министърпредседатели	1
министри	1
постановления	1
приема	1
правилници	1
наредби	1
400	1
народни	1
избрани	1
общия	1
правомощията	1
прекратяват	1
произнесе	1
въпросите	1
избрано	1
герб	1
печат	1
знаме	1
химн	1
реалностите	1
третото	1
хилядолетие	1
субсидии	1
структурни	1
фондове	1
търговски	1
запази	1
ветото	1
киноиндустрията	1
започне	1
половинчата	1
дойче	1
марка	1
общата	1
войната	1
изчезнали	1
живи	1
премиерът	1
склонна	1
задълбочената	1
интеграция	1
люксембург	1
жанклод	1
юнкер	1
обявява	1
галоп	1
сегашните	1
своето	1
постулат	1
приеме	1
предизвикателствата	1
своите	1
способности	1
случайно	1
обещаваше	1
спасение	1
вечната	1
разпадналото	1
единение	1
цялостност	1
поскоро	1
повдига	1
липсват	1
трима	1
учители	1
вълнуващо	1
съжаляваш	1
получила	1
съсредоточиш	1
водиш	1
записки	1
вземаш	1
часовете	1
минават	1
попитайте	1
джуди	1
тест	1
математика	1
сравни	1
импровизирай	1
пишейки	1
измислиш	1
кажеш	1
мами	1
плагиатствай	1
същото	1
математиката	1
изключи	1
компютъра	1
чакай	1
свършиш	1
сядане	1
нуждаеш	1
приятели	1
роднини	1
светът	1
срути	1
добър	1
стратегия	1
църквата	1
чувството	1
трагичното	1
пронизва	1
литература	1
абстрактно	1
плаща	1
съгласие	1
габриел	1
марсел	1
комба	1
1948	1
невинната	1
течеше	1
голямо	1
фарисейско	1
бръщолевене	1
забравихте	1
1936	1
генерал	1
бунтовник	1
вдигна	1
христа	1
мавританци	1
законното	1
испанската	1
република	1
спомогна	1
възтържествува	1
несправедлива	1
неизкупими	1
кланета	1
жестока	1
репресия	1
завършила	1
бъда	1
запазим	1
правото	1
протестираме	1
терора	1
грешката	1
оправдаване	1
престъплението	1
алиби	1
първа	1
понятието	1
термина	1
използват	1
цялата	1
първична	1
вторична	1
четиринадесета	1
отдава	1
почит	1
претърпели	1
наранявания	1
травми	1
използвате	1
първичната	1
забележете	1
различното	1
влияние	1
субективността	1
първичните	1
пример	1
насочените	1
ориентирани	1
промяната	1
поведението	1
девет	1
изследвани	1
billings	1
1981	1
holahan	1
1987	1
трета	1
изследователи	1
проучват	1
преживяванията	1
изправени	1
заплахи	1
предизвикателства	1
mccrae	1
costa	1
1986	1
търсенето	1
социална	1
характерно	1
60годишните	1
повъзрастните	1
свързва	1
депресия	1
тревожност	1
себеомаловажаване	1
лошо	1
психично	1
отношенията	1
безнадеждност	1
ниска	1
самооценка	1
неразрешен	1
гняв	1
липса	1
удовлетворение	1
въодушевявам	1
литературата	1
поезията	1
изкуствата	1
влизам	1
спорове	1
гордея	1
недостатък	1
стил	1
изолиращ	1
разграничаване	1
себеобвиненията	1
поемането	1
избягвам	1
сближавам	1
избягването	1
отричане	1
използването	1
обратната	1
околните	1
растеж	1
досег	1
чувствата	1
предизвикателни	1
ситуации	1
стресиращо	1
опитваш	1
наблюдаваш	1
заплаха	1
потенциално	1
засегне	1
твърдения	1
скалата	1
хронично	1
себеразрушаване	1
chronic	1
selfdestructiveness	1
scale	1
kelley	1
et	1
al	1
1985	1
стратегии	1
често	1
ефективни	1
разпознаят	1
ригидността	1
разбираемо	1
лицата	1
биография	1
отхвърляне	1
поголеми	1
научаването	1
адаптивни	1
ролеви	1
модели	1
растат	1
научите	1
рамките	1
марин	1
пенков	1
изградила	1
газопроводната	1
транзитните	1
газопроводи	1
общо	1
3000	1
км	1
задължителните	1
забавят	1
плащането	1
енергийни	1
теодосий	1
наш	1
казаха	1
митинга	1
вееха	1
знамена	1
сърп	1
чук	1
носеха	1
маршове	1
отпреди	1
отначало	1
подал	1
звуков	1
сигнал	1
светкавично	1
дръпнал	1
спирачка	1
махалата	1
жалвали	1
транспортното	1
социологът	1
райчев	1
дискусия	1
клуб	1
100	1
училище	1
нордиск	1
зарежда	1
аптеките	1
генералният	1
мениджър	1
крум	1
касабов	1
инциденти	1
кризата	1
мз	1
нужни	1
спешни	1
ремонти	1
водоемите	1
строеж	1
язовири	1
районния	1
възстанови	1
газопровода	1
ниш	1
транзитната	1
найуязвимата	1
еврокомисията	1
завлякла	1
прелитането	1
американски	1
бойни	1
кораби	1
особена	1
чест	1
руските	1
летци	1
уточняват	1
осведомителните	1
агенции	1
замяна	1
гор	1
откаже	1
завеждането	1
съдебни	1
дела	1
бъдеще	1
лос	1
анжелис	1
таймс	1
цитиран	1
115минутният	1
затъмнението	1
канал	1
показан	1
национален	1
конкурс	1
операторско	1
майсторство	1
сцена	1
творба	1
популярната	1
руска	1
писателка	1
птушкина	1
алжирската	1
футболна	1
30000	1
условие	1
играем	1
найдобрите	1
последният	1
найголеми	1
шансове	1
поста	1
извънсъдебното	1
приемлива	1
цена	1
петричанка	1
намерила	1
20000	1
четирилистни	1
детелини	1
първи	1
нептюн	1
събс	1
минава	1
мотото	1
плешив	1
миниробот	1
изследва	1
заобикалящата	1
преодолява	1
изобретил	1
британският	1
компютърен	1
специалист	1
алекс	1
клейнър	1
наградата	1
базата	1
робота	1
цифрата	1
0	1
жп	1
извършват	1
частници	1
доволен	1
включването	1
новобранците	1
св	1
янчев	1
допусне	1
поставянето	1
нежелани	1
външнополитически	1
рамки	1
обединиха	1
стоянов	1
членовете	1
кс	1
ограничиха	1
достъпа	1
имената	1
сътрудници	1
декларации	1
намерени	1
югоагент	1
миролюб	1
гаич	1
възобновено	1
жалба	1
вложител	1
добричкият	1
прокурор	1
коларов	1
отървали	1
уплаха	1
маргарита	1
миланова	1
57	1
филолог	1
пестим	1
предпочитам	1
хабя	1
плащам	1
съществува	1
неприемливо	1
разпространение	1
грешки	1
законността	1
редовността	1
плащанията	1
настоявам	1
получа	1
писмени	1
обяснения	1
факти	1
обстоятелства	1
накарали	1
окръзи	1
решат	1
щата	1
червените	1
шейховете	1
останаха	1
тима	1
урната	1
тегленето	1
жребия	1
найинтересната	1
двойка	1
нефтохимик	1
бием	1
съдиите	1
футболните	1
терени	1
съдебната	1
учудвайте	1
уединение	1
сприятелява	1
отбягва	1
шумните	1
връстници	1
събраните	1
сватбата	1
насочени	1
дилън	1
научи	1
дарява	1
използвал	1
самоличностите	1
ментета	1
банкови	1
сметки	1
подписва	1
невалидни	1
чекове	1
позова	1
експертиза	1
независима	1
лаборатория	1
бан	1
лабораторията	1
дал	1
бръмбарите	1
устройствата	1
могли	1
активирани	1
използвани	1
намирането	1
шеф	1
контраразузнаването	1
юлий	1
секретар	1
защита	1
хонорари	1
лекции	1
научна	1
ядреният	1
институт	1
поискал	1
минимум	1
абоната	1
приемът	1
vii	1
клас	1
централизиран	1
инспектората	1
хаосът	1
кампанията	1
избегнат	1
разделени	1
синьото	1
бзнс	1
цепи	1
момченцето	1
появи	1
бял	1
810	1
пострадали	1
шофьорът	1
близкото	1
кафене	1
заловеният	1
хероин	1
служители	1
1997	1
финансовият	1
муравей	1
радев	1
треперела	1
мутрите	1
пресрещнат	1
тъмните	1
слуховете	1
костинброд	1
приписват	1
вината	1
източването	1
съдружниците	1
олинеза	1
противоречи	1
налоговите	1
облекчения	1
договорени	1
мвф	1
надхвърли	1
330	1
предоставила	1
кметовете	1
180	1
допълнителна	1
есен	1
кърпеж	1
стария	1
кодекс	1
раждането	1
понедъгаво	1
отроче	1
даденото	1
предприятие	1
договарят	1
заплащането	1
сте	1
враг	1
синдикатите	1
вятъра	1
отидоха	1
частна	1
горките	1
седмокласници	1
кирил	1
миланов	1
охрана	1
дея	1
кожухарова	1
използвана	1
нападателите	1
бягство	1
местопрестъплението	1
родолюбец	1
общественик	1
борец	1
преуспяването	1
откриването	1
представен	1
сборникът	1
алтернативната	1
кабелни	1
мрежи	1
региони	1
яснота	1
следващата	1
чешкият	1
победа	1
класирал	1
самостоятелна	1
изява	1
столичен	1
подиум	1
готви	1
бургаската	1
чар	1
омагьоса	1
публиката	1
форум	1
мода	1
умрял	1
395	1
германката	1
хелга	1
хаук	1
натрупала	1
продажбата	1
флакончета	1
аромата	1
берлинското	1
метро	1
форумът	1
ндк	1
предложат	1
правосъдието	1
вътрешните	1
демонстранти	1
превзеха	1
босилеград	1
извършва	1
191	1
спонсорирано	1
холандското	1
възможна	1
безопасна	1
операция	1
курск	1
дъното	1
баренцово	1
море	1
изпратените	1
следователи	1
открили	1
затвора	1
следи	1
сблъсъци	1
убиха	1
горанка	1
цветкова	1
рядка	1
мъдрост	1
устройството	1
инспекторатите	1
поскъпа	1
жилищата	1
водомери	1
1996	1
изпълнила	1
ангажимента	1
намали	1
март	1
1999	1
наши	1
храни	1
леката	1
промишленост	1
гласят	1
акцизите	1
бюджетната	1
прие	1
договорените	1
плащания	1
наймного	1
инвестиционна	1
банка	1
уволнение	1
6	1
вида	1
заболявания	1
единствено	1
разреши	1
отстраняването	1
учениците	1
занятия	1
изведени	1
касите	1
нои	1
влязат	1
химко	1
10дневен	1
престой	1
предстоящите	1
съдбовни	1
лошото	1
вживяват	1
ръководители	1
съдят	1
съдружник	1
подправяне	1
дело	1
заведено	1
бившия	1
съсобственик	1
козметичен	1
завод	1
митев	1
бта	1
земеделски	1
обединяват	1
хлапета	1
срутиха	1
шенгенската	1
стена	1
съобщението	1
пребит	1
ограбен	1
бандити	1
12	1
тм	1
повредила	1
разклона	1
сливенското	1
тополчане	1
пребили	1
консула	1
рецидивистът	1
красе	1
гуменяка	1
дошъл	1
народният	1
трибун	1
петко	1
илиев	1
нагърбил	1
непосилната	1
обединява	1
безенесета	1
даваме	1
производители	1
надя	1
пенова	1
41	1
продавачка	1
купувам	1
вносни	1
намират	1
колебая	1
избрала	1
наводнения	1
провинции	1
южен	1
тайланд	1
отнеха	1
обединили	1
еврейството	1
основали	1
комитет	1
равнопоставеност	1
турското	1
малцинство	1
румяна	1
червенкова	1
напусна	1
свободна	1
поеме	1
шефския	1
пост	1
всекидневник	1
собствениците	1
капитал	1
пускат	1
разпусна	1
категорично	1
станимир	1
откри	1
5ата	1
мин	1
игнатов	1
изравни	1
реферът	1
врайков	1
изгони	1
защитника	1
реализира	1
отсъдената	1
дузпа	1
словашкия	1
национал	1
хрънчар	1
пристигне	1
проби	1
дечица	1
възрастни	1
дами	1
чакаха	1
сан	1
стефано	1
29	1
час	1
уречения	1
гледам	1
комедии	1
сещам	1
сполучлива	1
американска	1
комедия	1
маркс	1
случаи	1
утвърдените	1
експерти	1
заплатите	1
марки	1
отлагането	1
данъка	1
свързано	1
конкуренцията	1
туристическия	1
пазар	1
внесли	1
дск	1
898	1
левове	1
продадоха	1
пампорово	1
11	1
разлепват	1
доносниците	1
избирателните	1
списъци	1
католиците	1
поканиха	1
йоанпавел	1
лични	1
лекари	1
фалшиви	1
здравни	1
предупреди	1
здравноосигурителна	1
веселин	1
писмо	1
чирипов	1
презапасяването	1
изчезването	1
животоподдържащото	1
ендокринолози	1
здравната	1
оставки	1
белия	1
дом	1
полетът	1
минути	1
главорези	1
автоматичното	1
оръжие	1
изработено	1
80те	1
xix	1
1905	1
направени	1
подобрения	1
пушкалото	1
олекнало	1
65	1
пътниците	1
признал	1
златото	1
чиято	1
хил	1
умерените	1
времетраене	1
интензивност	1
физически	1
натоварвания	1
спомогнат	1
тонуса	1
самочувствието	1
кръвообръщението	1
тъканното	1
нормализиране	1
органи	1
системи	1
организъм	1
мъглата	1
полетите	1
балкан	1
8272	1
абонатните	1
станции	1
топломери	1
топлофикация	1
вземаме	1
94	1
заеми	1
дунав	1
мост	1
въвеждаме	1
калибър	1
556	1
данните	1
чувстваме	1
европейци	1
заловиха	1
бомбаджии	1
взривиха	1
бмв	1
футболист	1
европата	1
висим	1
посолствата	1
държавите	1
шенген	1
хала	1
помоли	1
оправим	1
светослав	1
каногерев	1
работник	1
бчк	1
засили	1
вярата	1
поставяни	1
негативния	1
списък	1
безвизовото	1
пътуване	1
кандидатира	1
кмет	1
йорк	1
2002	1
милан	1
статут	1
европеец	1
украинския	1
нападател	1
шевченко	1
карпин	1
клубът	1
отправи	1
запитване	1
италианската	1
изрази	1
готовност	1
предостави	1
необходимите	1
диниз	1
син	1
мултимилионер	1
вериги	1
магазини	1
ванеса	1
почерпила	1
сътрудниците	1
22рата	1
годишнина	1
сдобила	1
нестандартен	1
дар	1
поднесли	1
костюм	1
любимия	1
шарпей	1
оповести	1
собеседник	1
ударите	1
понесе	1
окачването	1
автомобила	1
значително	1
помалки	1
атакувате	1
препятствието	1
ъгъл	1
шпионирали	1
сънародници	1
написаха	1
коледни	1
шестимата	1
подсъдими	1
либия	1
посланикът	1
людмил	1
спасов	1
оригиналните	1
пристигнат	1
поща	1
найкъсно	1
пияници	1
говорят	1
водачът	1
смазан	1
ламарините	1
британското	1
разузнаване	1
личните	1
играят	1
тайбрек	1
ускорен	1
шах	1
утре	1
1800	1
модела	1
колекцията	1
сезон	1
преобладават	1
флуорисцентните	1
романтичните	1
съчетания	1
кафяво	1
бебешки	1
меките	1
синьо	1
лютфи	1
октай	1
консултация	1
юристи	1
конкурса	1
докаже	1
осъждана	1
приятелки	1
хортуват	1
македония	1
пуска	1
автомобили	1
постари	1
преграда	1
въведе	1
безусловно	1
съгласи	1
подпише	1
реадмисия	1
нелегалните	1
имигранти	1
86	1
решенията	1
квалифицирано	1
припомня	1
вестникът	1
снимките	1
планирани	1
австралиец	1
оженил	1
златни	1
пясъци	1
пропускателна	1
такса	1
автомобил	1
мярката	1
предприема	1
ограничи	1
замърсяването	1
шума	1
автомобилния	1
трафик	1
изморени	1
мачовете	1
свършват	1
лягаме	1
101	1
абонати	1
сметките	1
октомври	1
хранят	1
добитъка	1
хлебно	1
зърно	1
разорат	1
есенниците	1
независимият	1
депутат	1
зърнотърговец	1
колев	1
спряла	1
животоспасяващото	1
фактор	1
р	1
лекувани	1
тексасците	1
операции	1
организирани	1
последно	1
нареждане	1
вътрешния	1
садеттин	1
тантан	1
арестувани	1
123ма	1
участвали	1
крупни	1
финансови	1
злоупотреби	1
обща	1
милиарда	1
благоевградският	1
никола	1
вапцаров	1
гостува	1
спектакъла	1
театралната	1
продукция	1
панчарево	1
78	1
набелязани	1
привличане	1
уточни	1
us	1
дама	1
режима	1
изключването	1
парното	1
газ	1
преминаването	1
поголямата	1
отопление	1
електроуреди	1
обсъждаше	1
пусне	1
купи	1
чудесни	1
подаръци	1
налогът	1
градовете	1
намалени	1
спиртни	1
напитки	1
гу	1
митници	1
семейства	1
приватизационни	1
лидерът	1
александър	1
томов	1
назове	1
специалисти	1
доти	1
специална	1
техника	1
следовател	1
оглед	1
видеозапис	1
магдалена	1
илиева	1
33	1
рекламен	1
дано	1
магазините	1
нормални	1
граничния	1
пункт	1
капъкуле	1
върнати	1
6500	1
чужденци	1
туристически	1
външният	1
почерпи	1
българско	1
отменяне	1
визите	1
останалото	1
минуси	1
социалистическо	1
обслужване	1
разрушени	1
хотели	1
стаи	1
топла	1
разбити	1
пътища	1
мръсни	1
плажове	1
режисьор	1
майкъл	1
бей	1
показват	1
найважната	1
шапки	1
фидел	1
дон	1
диего	1
критичното	1
положение	1
обсъдено	1
извънредна	1
общинския	1
васко	1
връща	1
12годишно	1
отсъствие	1
демирбанк	1
привлечени	1
52	1
февруари	1
идването	1
пролетта	1
съживяване	1
торове	1
фабрикант	1
печели	1
програма	1
младежки	1
дейности	1
лесно	1
изкара	1
семестър	1
изпити	1
примерно	1
преподавателят	1
учебник	1
предлага	1
автограф	1
масовия	1
младите	1
отговорности	1
ходиш	1
сърбите	1
косовска	1
митровица	1
блокирали	1
подстъпи	1
главни	1
града	1
пенсионерите	1
отишли	1
американското	1
посолство	1
киев	1
френски	1
найдобрия	1
понятие	1
личен	1
разнищващ	1
предизвикателен	1
чувства	1
долавя	1
ненатрапената	1
преданост	1
вслушва	1
препоръките	1
сезира	1
нсрт	1
предаването	1
гласове	1
членът	1
цик	1
михаил	1
нарочи	1
движението	1
доносници	1
внесен	1
продължаване	1
белене	1
плевенският	1
градоначалник	1
найден	1
зеленогорски	1
експертите	1
разследваха	1
6годишния	1
мартин	1
неин	1
пациент	1
циркът	1
увеселителен	1
парк	1
издигне	1
парцел	1
квадрат	1
местността	1
погребите	1
митьо	1
шашмата	1
плака	1
стр	1
4	1
народа	1
петър	1
35	1
безработен	1
поне	1
народът	1
макар	1
нашият	1
парламент	1
обективен	1
чайка	1
кръжи	1
небето	1
успехът	1
покъсно	1
цяло	1
световен	1
триумф	1
сериала	1
стефан	1
данаилов	1
валентин	1
чочо	1
попйорданов	1
петрова	1
урумов	1
ласкин	1
малин	1
кръстев	1
марта	1
кондова	1
стоян	1
кралев	1
янакиев	1
контузии	1
днешния	1
мач	1
левскисиконко	1
златната	1
волейболна	1
лига	1
сложната	1
костов	1
скара	1
затрупахте	1
стотици	1
честитки	1
телеграми	1
хрумвания	1
изпускате	1
4часов	1
проектът	1
отваряне	1
архивите	1
румно	1
152	1
гласа	1
независими	1
изискваше	1
осигурени	1
нормите	1
посевите	1
поникване	1
твърдят	1
влагата	1
недостатъчна	1
крайна	1
повлияе	1
реколтата	1
десетте	1
статистиката	1
регистрира	1
ръст	1
търговията	1
дребно	1
сравнено	1
същия	1
новогодишен	1
купон	1
площад	1
ал	1
батенберг	1
организират	1
община	1
навръх	1
запилял	1
старецът	1
деси	1
сама	1
жилището	1
неадекватна	1
можа	1
троян	1
водолазите	1
телата	1
студа	1
последствия	1
значи	1
вузовете	1
поставени	1
хроничен	1
финансов	1
задължително	1
намалява	1
поръчка	1
играете	1
награди	1
непознали	1
нито	1
число	1
играя	1
пробвам	1
непечелившите	1
присъдата	1
систематичната	1
принуждава	1
проституция	1
окупираните	1
япония	1
територии	1
приветстват	1
ирландия	1
поставя	1
забележително	1
работят	1
есенна	1
соната	1
изключителна	1
работя	1
обичам	1
разказвам	1
подписано	1
тристранно	1
галерията	1
мк	1
гъливър	1
оон	1
заделила	1
красива	1
44	1
найдобрият	1
негов	1
благодарим	1
страхотната	1
публика	1
допринесе	1
треньорът	1
игор	1
приложни	1
резерви	1
мотивът	1
обикновените	1
възмути	1
замшефката	1
парламента	1
шопова	1
премахването	1
научната	1
доктор	1
науките	1
специализира	1
детски	1
болести	1
персонал	1
прегледа	1
констатирахме	1
1657	1
лекува	1
20ина	1
записалите	1
предполагам	1
петя	1
маринова	1
ангажиран	1
мегазвездата	1
футбол	1
христо	1
интересува	1
постове	1
двойката	1
забелязана	1
джим	1
кери	1
гринч	1
халища	1
красят	1
фоайето	1
лекото	1
увеличение	1
производителите	1
суровият	1
преживя	1
найголемия	1
ценови	1
бум	1
насам	1
хляба	1
леко	1
повишиха	1
тестени	1
сладкарски	1
изделия	1
серията	1
публикации	1
общото	1
заглавие	1
ловци	1
бизнесменът	1
слави	1
славов	1
застрелян	1
гр	1
вторник	1
мандрата	1
поводът	1
изявления	1
нсбоп	1
незаконно	1
освободени	1
наркотрафиканти	1
неколцина	1
измежду	1
мълчаливите	1
невзрачни	1
прочуха	1
ходеше	1
ярко	1
червена	1
вратовръзка	1
неволно	1
подръпваше	1
гласуваха	1
съответни	1
текстове	1
регистрират	1
валутни	1
подпалвачите	1
крадци	1
успели	1
задигнат	1
измерени	1
107	1
намалението	1
21	1
спрямо	1
плащаме	1
отстъпка	1
глобата	1
просрочат	1
декларират	1
приходите	1
нефта	1
тръгнаха	1
нагоре	1
барел	1
62	1
л	1
скочи	1
нивото	1
2450	1
афп	1
забраната	1
земни	1
противопехотни	1
мини	1
човешка	1
лечебна	1
кал	1
натурално	1
получени	1
хуманитарна	1
изрично	1
дарителя	1
пиратки	1
заглушиха	1
идея	1
изпратят	1
отиващото	1
песента	1
xx	1
тонове	1
ракия	1
поддържаха	1
градуса	1
изходите	1
площада	1
причакваха	1
мургави	1
сурвакарчета	1
задънена	1
улица	1
попадна	1
убийството	1
наркодилъра	1
сивков	1
столичното	1
спецследствие	1
пое	1
атентатите	1
рекорден	1
недоимък	1
местната	1
отчете	1
общинската	1
морската	1
другото	1
събитие	1
смолян	1
каскада	1
горна	1
арда	1
мръсните	1
ръце	1
заболяха	1
фойерверките	1
купени	1
сергиите	1
часове	1
забрана	1
продаваха	1
коледа	1
днсп	1
ген	1
обеща	1
конфискува	1
оръжието	1
използвали	1
предназначение	1
празниците	1
учредителния	1
конгрес	1
юни	1
синдикалистът	1
почетен	1
партията	1
изпуска	1
конците	1
април	1
изтича	1
срокът	1
обещанието	1
преизпълни	1
плана	1
основателните	1
ход	1
разчистват	1
законовите	1
негово	1
величество	1
президентската	1
надпревара	1
идеите	1
лансирани	1
премиерския	1
кабинет	1
качеството	1
централно	1
бюро	1
дп	1
вълчев	1
непряк	1
избор	1
разчетени	1
същата	1
хърсев	1
оценявате	1
макроикономическа	1
гледна	1
цял	1
умиращ	1
сектор	1
вашият	1
пръмов	1
доларът	1
195	1
напролет	1
радост	1
щастие	1
кайков	1
самоделна	1
експлодира	1
наем	1
зона	1
парижкото	1
летище	1
шарл	1
де	1
гол	1
ранените	1
тежко	1
превъзходство	1
групировки	1
комплектуването	1
реагиране	1
свръхмодерно	1
автоматизирано	1
роботизирано	1
безнаказано	1
атмосферата	1
космоса	1
остават	1
дефинирани	1
влиятелни	1
цели	1
новата	1
ера	1
199	1
4те	1
роли	1
състезаваха	1
348	1
избраниците	1
илка	1
зафирова	1
йоана	1
буковска	1
жорета	1
николова	1
атанас	1
атанасов	1
14	1
приятелска	1
португалския	1
гранд	1
бенфика	1
мениджърът	1
лъчезар	1
сделката	1
29годишния	1
българин	1
договорена	1
футболистът	1
отметна	1
последния	1
титулярно	1
нюрнберг	1
павлина	1
стоянова	1
нола	1
класира	1
кръг	1
тенис	1
турнира	1
оуклънд	1
зеландия	1
откриете	1
изпитва	1
възможностите	1
трудностите	1
съсредоточите	1
въздействието	1
преодоляването	1
вътрешната	1
битка	1
недоволните	1
душата	1
пророчеството	1
изпращането	1
господния	1
предтеча	1
подготви	1
спасителя	1
туристи	1
резервации	1
пренощуват	1
направен	1
4500	1
необясними	1
видения	1
предсказват	1
катастрофи	1
смърт	1
