aents	188
apajuí	165
jisus	102
nuna	102
shiig	99
ashí	98
uchijí	85
aidau	84
tusa	78
ni	76
mina	69
nu	59
tujash	59
tau	58
tikich	58
nunú	58
pegkegchau	57
nunik	53
duka	51
dekas	49
tiuwai	49
senchi	48
niina	47
asamtai	46
kuashat	45
wi	45
nui	42
asa	41
aina	40
aidauk	39
chichajak	37
wakan	37
jisusan	37
nunak	37
tuidau	37
nuigtú	36
tutai	36
aidaun	35
atum	35
tusag	34
tsawan	33
tama	33
tuja	32
chicham	32
ju	30
wait	30
ainawai	27
tiu	27
asag	26
dita	26
ayaak	26
imá	26
ame	25
makichik	24
nuwa	23
pegkeg	23
jega	23
jintintaiji	22
amina	22
juan	22
apu	21
aidaushkam	21
ayatak	20
aidaujai	20
chichaak	19
maría	19
dutika	19
nunikag	19
atumek	19
nunikmatai	19
aidaush	19
apajuin	19
yaakat	19
ditak	18
dutikam	17
nayaimpinmaya	17
nunitai	17
nugka	17
wainak	16
nunin	16
ti	16
wají	16
uchi	16
yamai	16
tiagtai	16
nigka	15
juna	15
wakaní	15
amek	15
tibauwa	15
fariseo	15
nuniagtai	14
dekaskeapi	14
aentsun	14
etsegtin	14
wika	14
jeen	14
numamtuk	14
jisuschakam	14
jerusalén	13
nuniai	13
nunisag	13
wagka	13
aidaunash	13
tuke	13
tsawantai	13
nuní	13
josé	12
chichaman	12
juki	12
apuji	12
pachis	12
chichamen	12
tima	11
kaya	11
nugkanum	11
yamajam	11
duke	11
jau	11
ditá	11
betek	11
nuniau	11
aidaunashkam	11
wayaa	11
awa	11
aidaunak	11
atumin	11
apuh	11
atumi	11
pedro	11
nayaimpinum	11
juka	10
nuigtushkam	10
aatus	10
ayamtai	10
jimag	10
wajas	10
nuaduí	10
dutiksag	10
wajuk	10
nuniamunum	10
pegkeji	10
tusá	10
duwi	10
makichkish	10
juwi	10
jintinkagtinuh	10
anentai	9
untsu	9
wegantu	9
batsatbaunum	9
dutikamu	9
uchin	9
ya	9
umiktinun	9
atinun	9
idayak	9
jujú	9
tajime	9
ajak	9
aentsuk	9
simón	9
aentsnum	9
jacobo	8
jisusa	8
jisusak	8
wainkaju	8
aidaunum	8
atinai	8
dutikak	8
david	8
awai	8
timatai	8
weuwai	8
jutii	8
nuniak	8
duwik	8
ajamu	8
doce	8
jintinkagtin	8
suwimak	8
egkemtuamu	8
jegá	8
uchijiyaitkun	8
jigkai	8
dukují	7
dushakam	7
wainkag	7
galilea	7
aajakua	7
antuk	7
asan	7
pujamunum	7
umiktajum	7
ijuntainum	7
aentsji	7
jiinki	7
ukuak	7
pujus	7
daagtin	7
pujau	7
aminak	7
israel	7
senchijin	7
yaunchuk	7
ditan	7
ditajai	7
namak	7
tikiju	7
aneasjum	7
nigki	7
yaaktanum	7
asagmin	7
pegkegnum	7
timajai	7
diidau	6
ukukiuwai	6
nujai	6
muun	6
wake	6
suwimkan	6
nuninak	6
ashimak	6
wegak	6
atí	6
herodes	6
elisabet	6
aneasam	6
apajuiya	6
elías	6
tawa	6
wagkag	6
ememattainum	6
yamaik	6
jegaa	6
aneas	6
minai	6
junak	6
kampatum	6
tu	6
dutikamtai	6
batsamin	6
minak	6
tsaaptin	6
inamu	6
apú	6
judá	6
iwanch	6
tusan	6
jegantun	6
tamawaik	6
atajum	6
anentajime	6
atak	6
tusajum	6
aantsag	6
magdalanmaya	5
pujusá	5
takatan	5
nuwiya	5
niishkam	5
wainkajui	5
nunash	5
nantakí	5
besemag	5
ditashkam	5
mesanum	5
dekau	5
judea	5
sacerdote	5
zacarías	5
aajakajui	5
ijunag	5
apajuik	5
nazaret	5
aishmag	5
nuwi	5
jiiká	5
imanchau	5
uchí	5
iina	5
aajakajua	5
agkan	5
tudau	5
anentaimu	5
makí	5
kuitamin	5
titajum	5
eke	5
moisés	5
apajuinu	5
atumnash	5
wegau	5
yujumkan	5
apajuishkam	5
minash	5
tawai	5
yajumin	5
tusam	5
chichame	5
jusha	5
yaaktanmaya	5
kumpají	5
aentskesh	5
wajumak	5
aentsmaga	5
tudaugtin	5
nugkutai	5
aentsmagan	5
atumnak	5
akiinauwaitag	5
aidautigminak	5
wajagme	5
pegkegchaunak	5
tujutjume	5
chichamjun	5
tamak	5
nuwan	5
antukag	5
nuuwai	5
timag	5
takun	5
jaanch	4
wajau	4
nuanuí	4
galileanum	4
jisusjai	4
eme	4
iyashin	4
yamá	4
weenak	4
tudayinau	4
dekatkauk	4
we	4
batsatun	4
jintá	4
asagmatai	4
wainchatai	4
imatiksag	4
pegkejam	4
ayaumas	4
nunittaman	4
wakegamun	4
idayinak	4
anentus	4
dekaskeap	4
pegkeja	4
cinco	4
pujai	4
nuwiyan	4
amijai	4
iman	4
dusha	4
tikima	4
ibau	4
inake	4
pujusuí	4
susauwai	4
judío	4
apajin	4
egkemtujam	4
senchigtin	4
uwemtikagtinun	4
pegkejan	4
uwegshunum	4
jegau	4
kashi	4
kristu	4
emematuinak	4
see	4
aig	4
jukiag	4
mijan	4
pujú	4
niiní	4
jegawag	4
yachi	4
wekagas	4
agagbauwa	4
tutupit	4
asajum	4
kuichkiji	4
jutiish	4
apujum	4
ijumag	4
yatsum	4
auk	4
nagkaemas	4
juagkan	4
achiká	4
uchig	4
leví	4
imaan	4
pag	4
agagbau	4
wetá	4
nuniakum	4
puyatjusag	4
capernaum	4
mujanum	4
jintinkagtau	4
untsumak	4
ukuktá	4
asaya	4
yutain	4
niijai	4
atsamunum	4
ejapeen	4
tikishmatug	4
wegajui	4
dutiksamek	4
ainká	4
kajinas	4
tsagkugnaje	4
atumesh	4
yamijatna	4
jintintaijum	4
duwap	4
ai	4
ainajum	4
chichameg	4
ainagme	4
kuichkin	4
aidauwah	4
jaa	4
waketug	4
iniak	4
tabaun	4
jegajuí	4
tame	4
chichainak	4
ukukiag	4
kakekauwai	4
inama	4
nuninawai	4
lámpara	4
wisha	4
uchijum	4
capitán	3
aentsua	3
ikaag	3
ijunaidau	3
etsa	3
akagu	3
josen	3
joseshkam	3
puju	3
wegag	3
wegaju	3
yaki	3
diikmá	3
ekeemtatman	3
juwig	3
atsawai	3
ujaktajum	3
eemak	3
tiuwa	3
ukuinak	3
siete	3
ujak	3
wantintuku	3
ujakaju	3
wetajum	3
nunikjum	3
chichama	3
dapi	3
uwejen	3
nayaim	3
dekaskenum	3
pachisag	3
wainkau	3
tsawantinig	3
aajakuí	3
nunidau	3
jegamtai	3
incienso	3
agaa	3
dii	3
ishamkaipa	3
aishmagkun	3
adaikattame	3
umutai	3
israelan	3
taa	3
daká	3
batsatu	3
nuninai	3
nuwe	3
nantu	3
awemauwai	3
asam	3
muunji	3
wegawai	3
aunum	3
elisabetan	3
nuniaig	3
aish	3
miname	3
senchigtina	3
imanchauch	3
maríak	3
tuké	3
aikasag	3
abraham	3
atina	3
tumain	3
wakitkiuwai	3
ijutkau	3
ocho	3
wetai	3
apají	3
jegagchaju	3
ataktú	3
dekaidau	3
juuwai	3
batsamas	3
tudauji	3
wajukmaina	3
jinta	3
jegatai	3
tibau	3
tagku	3
ayugtainum	3
uwijá	3
pujutan	3
tibaunak	3
agajua	3
jukiaju	3
emtin	3
simeón	3
wainkatatus	3
awemamu	3
maríajai	3
judiuchu	3
paan	3
y	3
ashimkamtai	3
waketjaju	3
nunashkam	3
weu	3
ekeemas	3
chichaamun	3
puyatkag	3
apag	3
mijadai	3
felipe	3
yujagme	3
jutiik	3
wajukmainaitji	3
apunu	3
kuichik	3
tikitchakam	3
atumí	3
awematnaitjai	3
niiya	3
ajakbau	3
nejeen	3
pegkegchaun	3
matata	3
matat	3
melqui	3
emam	3
yakí	3
wagki	3
chichaidau	3
ausatatus	3
ujunauch	3
wainmachu	3
etsegkata	3
inagnak	3
pekajaidau	3
waje	3
yaaktan	3
amesh	3
jiinkim	3
pegkegchaushkam	3
nugká	3
pegkegchauk	3
idaichau	3
tuinam	3
antukagtatus	3
machik	3
namakan	3
mai	3
imatika	3
wakegajai	3
nugkanmaya	3
tudaujum	3
tajame	3
jeemin	3
tudaujin	3
aiinak	3
jintintai	3
yuwinak	3
dutikamak	3
uva	3
yumiji	3
au	3
pujustajum	3
nemagtuidau	3
shiwajum	3
aneetajum	3
imana	3
juwagme	3
kumpajum	3
nuniakjum	3
yujaigpajum	3
susatajum	3
nagkaesauk	3
jiin	3
tsetse	3
idaisata	3
yaakta	3
weedau	3
jakau	3
jintintaijin	3
tuinaig	3
wainkatasagmea	3
wegabiugme	3
dase	3
wegabiujum	3
nugkujá	3
pachisan	3
pempeentuniki	3
tajume	3
wekaewai	3
anentaimas	3
takasá	3
cincuenta	3
diis	3
ajakan	3
pishak	3
jagki	3
ekemakajag	3
botenum	3
pempeentunikiag	3
nuwig	3
tepaun	3
wajai	3
jukigpajum	3
jegaantag	3
batsata	3
aujak	3
segatajum	3
auwai	3
apawah	3
nagkaemakmá	3
segapaig	3
sumainkaitjum	3
beelzebú	3
jiyaawai	3
megkaemain	3
jonás	3
jimaituk	2
achigbaun	2
uchijiyai	2
ijunas	2
salomé	2
etsegtai	2
umikagtatus	2
etsashkam	2
wakejin	2
untsuká	2
jakame	2
ujakam	2
jukita	2
najanamun	2
sumak	2
tai	2
egkea	2
ukusbaunum	2
tsawaju	2
pempentunisag	2
jegantag	2
diikmag	2
untsugnumanini	2
ishamkaju	2
ishamkaigpajum	2
nantakne	2
anuí	2
wejum	2
ishamkag	2
ujakchajui	2
dekapenak	2
buutú	2
ujamash	2
ajanum	2
jegajiag	2
ditanash	2
tichaju	2
etsegkatajum	2
uwemjagtinai	2
jukiagtinai	2
jatai	2
achikag	2
ekeemsauwai	2
etsegbaunash	2
aikasnuk	2
pujujakuí	2
umiidau	2
muuntuch	2
takajin	2
takaak	2
tutaya	2
wayaash	2
kugkuin	2
zacariasan	2
antigkui	2
aujú	2
zacariasak	2
puyatuk	2
ishamak	2
vinunash	2
nagkamsag	2
pegkejig	2
senchijí	2
uminkattawa	2
inakegaitjai	2
ujaktí	2
nagkamsamek	2
takaamujinak	2
dukap	2
jeenig	2
agma	2
nunikui	2
seis	2
aentsú	2
wakejus	2
etegtamjae	2
atatui	2
ajumaish	2
senchijiya	2
pataim	2
wegamunum	2
waujus	2
mujajin	2
zacariasa	2
chichatai	2
pegkegmai	2
maríashkam	2
ajutui	2
daajig	2
umijuidaunak	2
emakui	2
jiikí	2
nujantai	2
wiyakuch	2
wegantun	2
nuwish	2
batsataidau	2
patayí	2
pakaji	2
jukiajui	2
uchik	2
nuwiyag	2
iniidau	2
sujustá	2
dutikamuik	2
atinaita	2
emematiagmi	2
awetugmaji	2
nagkamas	2
kajimattsuk	2
emama	2
suwenum	2
tsaaptinun	2
uchishkam	2
tsakaak	2
jintiag	2
tsawantin	2
roma	2
siria	2
yaaktajin	2
agatmamjatatus	2
belén	2
uchigmaku	2
pempeag	2
egkeauwai	2
kashia	2
nugkanmag	2
ishamkajui	2
antuinak	2
akiinauwa	2
akiinae	2
egketu	2
anentaimsa	2
waketjamtai	2
jegakmag	2
marían	2
tibaun	2
cuarenta	2
tibaunum	2
aentsjum	2
josek	2
yaimpaktinme	2
nijah	2
uchia	2
anentaiminig	2
wajasá	2
jegantá	2
wakega	2
pascua	2
aidaunmash	2
wainkachag	2
antak	2
dukujijai	2
dekapedau	2
anentaimtú	2
pujuttaman	2
chichagkagtau	2
isaías	2
iwajug	2
esegak	2
nugkan	2
tsanú	2
wajuku	2
amainaita	2
yupichuch	2
abragka	2
ajaka	2
taká	2
iniinak	2
ajamuk	2
suntag	2
trigo	2
jii	2
jintintu	2
uchijiya	2
galileanmaya	2
apua	2
aminí	2
mijanji	2
jisusnak	2
jana	2
matatiasa	2
matatías	2
eslí	2
nagai	2
maata	2
semei	2
joana	2
resa	2
neri	2
adi	2
josué	2
melea	2
isaí	2
taré	2
ragau	2
sala	2
cainagka	2
cainán	2
noé	2
pujaun	2
uchijiyaitkumek	2
chichamega	2
inagkeaki	2
jintinkagtutai	2
wakitki	2
tsawagmatai	2
auju	2
ujaktá	2
ekeemsau	2
antukujum	2
pachisa	2
tujuttatjume	2
juwish	2
dutikata	2
etsegtinuk	2
tajai	2
pujujakua	2
etsagautsuk	2
betsag	2
eteenki	2
eketu	2
yaitpa	2
dekagme	2
wegakum	2
aanú	2
jiinkiu	2
aentsnak	2
dutikamua	2
tepettaman	2
segajui	2
wajasuí	2
dutikawagmatai	2
etsagakui	2
agkantu	2
segaidau	2
chanuidau	2
bote	2
simogka	2
simogkan	2
imanitai	2
lepragtin	2
tajuauwai	2
megkaekauwai	2
tsagaja	2
jaamujinash	2
kanaká	2
agkantunum	2
etsagamun	2
wekaechaun	2
anentaimaidaun	2
wainu	2
niish	2
dukaih	2
atsa	2
nantakim	2
akiinau	2
wakitkita	2
ditash	2
wekamá	2
wemí	2
ampijatnunak	2
tauwaitjai	2
umutnash	2
nuwena	2
ipaamu	2
juwam	2
junashkam	2
augmatus	2
vino	2
kajiak	2
pegkejak	2
amainai	2
uwejé	2
wajakí	2
wajantú	2
tusaik	2
diisá	2
jisusash	2
judas	2
jerusalegnumia	2
nayants	2
sidognumia	2
jintinkagtamujin	2
etsagau	2
iik	2
atumiin	2
yajá	2
daagmin	2
ajutjamaidau	2
muunjum	2
waittsatin	2
imatikas	2
pataká	2
susata	2
nunisjumek	2
aaja	2
dutikakjum	2
apa	2
pujuwa	2
tikichi	2
augmatú	2
amastatjume	2
augmatak	2
wainmachush	2
nuniakjumek	2
egketun	2
piipich	2
takaam	2
idaisam	2
nejemaitsui	2
pegkegnak	2
apujuh	2
initak	2
jegamkamun	2
piyujak	2
numamtinai	2
jakattak	2
tepau	2
inakeg	2
tsagagti	2
inakjush	2
pujusag	2
jegagchau	2
tutainum	2
makichkiuch	2
jakamtai	2
yanasá	2
nantaktá	2
dutikamun	2
ujaam	2
jimajan	2
amekaitam	2
amechuitkuminig	2
dakastatag	2
timae	2
wainainak	2
aneasagtinai	2
umpuau	2
wainkatasagmek	2
iwajamun	2
nuniktajum	2
wajina	2
ayamunum	2
yutai	2
aniawai	2
umutain	2
yujumak	2
yuwami	2
pujutji	2
nawen	2
intashinig	2
kugkuinui	2
tujutta	2
akikmamainun	2
juwiyash	2
yumik	2
dawejun	2
anentui	2
ujumak	2
kajintsá	2
uyunaidau	2
pachitkau	2
kuichkijin	2
ajajin	2
kayá	2
awanken	2
ayaunum	2
pachismesh	2
augmatbaun	2
iyaaju	2
pachitsuk	2
umiina	2
dukukag	2
dutikachkush	2
wakentinkish	2
ekenin	2
tajim	2
ajá	2
suwam	2
tuwakaju	2
kuchá	2
amain	2
ishamain	2
gadaranmaya	2
suwimkak	2
utsanawajui	2
pisajag	2
nunikagmatai	2
etsejuinak	2
ujakajui	2
jisusai	2
nunikam	2
jairo	2
ijuntaiya	2
etsaentujata	2
antinkae	2
ijunuk	2
anentaimsam	2
jeenia	2
nuwauch	2
pachisjum	2
ujakaigpajum	2
egkesá	2
pujusjum	2
maamua	2
tuinai	2
ishiakbau	2
yajuak	2
dutikawajam	2
yaayai	2
tujamainawai	2
idaikujum	2
kashí	2
kashinig	2
nemagtuk	2
winchamtin	2
ijuntatman	2
yujagkim	2
kashinia	2
tuwakbaunmaya	2
wajupá	2
uchijin	2
anentaimainamun	2
awetiuwa	2
samarianmaya	2
ajuinawai	2
idaitusta	2
betekak	2
ata	2
tsayaak	2
ayampatua	2
setenta	2
dos	2
puja	2
namput	2
wajaschae	2
sukagtamu	2
jegatna	2
jukiagtin	2
egkemtuau	2
dekaske	2
asamin	2
imatiksam	2
wakegajakú	2
pujut	2
wajintu	2
aneeta	2
ijutkamushkam	2
anenmamsam	2
kasa	2
yajutuk	2
kuitamak	2
suwimaam	2
takamain	2
apajuish	2
ii	2
imatjamak	2
waitinum	2
dutikachkugmesh	2
uchijimpashit	2
batsatiatak	2
maaní	2
senchijinash	2
senchijiin	2
akajun	2
awemamuapita	2
salomogkan	2
bakugmagtinai	2
nagkaesaun	2
chichagmash	2
ekemakam	2
jiim	2
umiktin	2
jintinjama	2
ejaamuk	1
yakiin	1
nagkamnas	1
ichiinak	1
kanakuí	1
diyaak	1
untsumká	1
jaamun	1
dekaskenmag	1
kampatumak	1
ijunu	1
yujasag	1
yaijakaju	1
kaunawajua	1
ayamtaig	1
akaikimtai	1
nagkamnatin	1
takainai	1
arimateanmaya	1
inagdau	1
anentsá	1
diitaiya	1
taú	1
inatjati	1
ajantsuk	1
pilatun	1
utua	1
segauwai	1
segam	1
jakaek	1
jegachu	1
capitanin	1
itan	1
jakamka	1
iniau	1
pilatushkam	1
iyashig	1
numinum	1
kuwakí	1
pempeaju	1
umikbaunum	1
muuntan	1
akagketuk	1
waajin	1
epeti	1
ukuamun	1
dukujiya	1
nagkaemakmatai	1
kugkuinun	1
sumakaju	1
ukatkagtatus	1
tumig	1
kashikmasag	1
jiinai	1
eketjamkati	1
waitainum	1
aputuamuwe	1
aputukbauk	1
ekemak	1
atatman	1
utuawag	1
datsauch	1
esagman	1
nugkuaju	1
nazaretnumian	1
achijag	1
maawagma	1
egagme	1
ukusagma	1
diistajum	1
pedroshkam	1
wetatui	1
awi	1
wainkagtatui	1
ukusmaunum	1
jegantajuk	1
tupikakiaju	1
kujaidau	1
aentsnakesh	1
tumigtin	1
kashikmas	1
wantintukui	1
chimpimtuamun	1
jiijamu	1
yujajakú	1
jegajua	1
iwaakuwe	1
wainkamjai	1
tuinachu	1
wetainum	1
wetatman	1
niimtina	1
wantintukam	1
tuinamash	1
once	1
pekajun	1
kakakan	1
tatsugme	1
nemagtukag	1
yamiimaidauk	1
tuinachuk	1
tujutuina	1
iwainagtinai	1
daajui	1
egkemtujunash	1
jiijainak	1
chichashtainash	1
chichagtinai	1
esaimash	1
egketuamun	1
umuinakush	1
jakashtin	1
etsagaidiagtinai	1
taka	1
takawa	1
takuniuwai	1
waka	1
untsujin	1
jiinjajui	1
yantamnum	1
etsegkagtatus	1
titinme	1
iwainamunmash	1
yaigkuí	1
agajaje	1
jutiiní	1
augmatbau	1
nagkaemakiuwa	1
etsejuina	1
jutiinashkam	1
jintinjamawaju	1
wishakam	1
nagkamdauwaita	1
iniimsan	1
dekaan	1
agatjame	1
aneetaiju	1
teofiloh	1
dekaskea	1
jintinjamawajua	1
aminum	1
abías	1
nuweg	1
aarón	1
emtinish	1
pegkegchauji	1
atsugbau	1
tibaunashkam	1
uchijig	1
atsujuidau	1
kaga	1
wajasaju	1
zacariasjai	1
takastin	1
emematku	1
dutikin	1
ememattai	1
dekatkau	1
tesamu	1
tutainash	1
apeati	1
tabaunum	1
apetai	1
wantintuk	1
altar	1
apetainum	1
wajantau	1
zacariasah	1
aujam	1
antugtamkae	1
nuwem	1
uchigmakmatai	1
dakujustatme	1
aneediagtatui	1
akiinamunum	1
uwagchatnai	1
kajiau	1
wakeen	1
ajitnai	1
etsegbaunum	1
umijiagtatui	1
niiyá	1
etsegkattawai	1
minitnun	1
ajujakua	1
uchijijai	1
iwajag	1
pujustinme	1
intimkiu	1
umiktinme	1
minitaish	1
nuwajaí	1
muumpakig	1
juninnush	1
itugsanuk	1
titaja	1
gabrielaitjai	1
awetime	1
tujutua	1
tatsum	1
chichatsuk	1
pujusam	1
tajam	1
ejetatme	1
zacariasash	1
imanikash	1
megkaekae	1
augmamainchau	1
dekapeak	1
iwiimau	1
awiyap	1
wantintuke	1
umik	1
wakitkiu	1
pujatsaig	1
ejapjuku	1
wantintsuk	1
nantun	1
inagkeakiu	1
anenjak	1
jutijuae	1
uchigmachui	1
dushijin	1
tujutchagtatui	1
ejapjuk	1
gabrielan	1
takashtai	1
anagmamu	1
gabriel	1
pujamek	1
dutijabau	1
puyatkau	1
tuush	1
kumpamjawa	1
etegtamjau	1
anenjamui	1
ejapjukam	1
uchigmakam	1
inamajakua	1
emattawai	1
israela	1
inamjatnai	1
inabaujig	1
nagkankashtinai	1
nunimainaita	1
aishinchauwaitagjama	1
tajutjamamtai	1
ejapjuktatme	1
akiinatta	1
elisabetchakam	1
muumpatnum	1
ejapjuke	1
kagai	1
tinu	1
tujinmainuk	1
tujutam	1
uminkati	1
nayaimpimaya	1
aentschakam	1
ukukiu	1
kumpamak	1
wakeenia	1
kakaaju	1
egkemtuju	1
antsag	1
uchigmishkam	1
imanchawaitag	1
apujú	1
dukujimesh	1
waitkatasamesh	1
wayaam	1
kumpamjakum	1
chichaam	1
antaig	1
kakaaje	1
aneak	1
aneastatme	1
apajuinak	1
anentaimtagjaí	1
emematjai	1
aneamu	1
uwemtijin	1
aigkish	1
etegtua	1
pachitus	1
chichainakug	1
etegkamu	1
tujutiagtin	1
uminkatnun	1
tujuti	1
tumaitsui	1
anentsagké	1
jutikae	1
emebau	1
inamin	1
ajapeak	1
waituidaunashkam	1
idaisauwai	1
ayamjuke	1
anentanak	1
kajimatkiche	1
anagkuauwai	1
akiinak	1
wegagtina	1
tsawanji	1
uminkamtai	1
uchigmakui	1
anenjam	1
uchigmakbaun	1
antukaju	1
aneasajui	1
akiina	1
akiinaunak	1
ajapjin	1
dutikawagtatus	1
daajiya	1
atsá	1
daagtinuk	1
atsajama	1
iwiyas	1
tawaki	1
taapna	1
inakmatai	1
susam	1
juagkai	1
agaju	1
chichakú	1
emematiu	1
puyatjukaju	1
dekaawaju	1
antuidauk	1
uchish	1
wajukuk	1
anentaimaidau	1
yayamun	1
apajuijiya	1
aentsjin	1
uwemtijatatus	1
aajakaju	1
etsegkajua	1
shiwaji	1
kajegtamin	1
depetuk	1
uwemtijamjatna	1
anagkuak	1
anenjatnaitjame	1
umiké	1
abragkan	1
umiktatjai	1
shiwajinash	1
depetukan	1
ematnaitjai	1
ishamkagtutsuk	1
umigtuinak	1
pegkediag	1
wakegamunak	1
takastinme	1
uchijinashkam	1
etsegtinai	1
atatme	1
takastina	1
emtikam	1
umigkattame	1
uwemjatnuji	1
tsagkugnagtinchakam	1
pachisam	1
ujaktatme	1
anenjamu	1
nayaimpinmayan	1
awetugmae	1
tsawantan	1
wajaktinun	1
takainak	1
wajainak	1
jaak	1
megkaemainnum	1
batsatunash	1
iwaintuktatui	1
pujutnum	1
ekagtina	1
wetinme	1
dekamtijamattawai	1
israelnum	1
etsegkatin	1
awemam	1
wantinkatatus	1
augusto	1
daaji	1
agatnakti	1
inamjau	1
dutikchatain	1
cirenio	1
dutikauwai	1
shimuidau	1
juwaki	1
akiinamu	1
nuwenamig	1
anagmamuji	1
ejamtinun	1
ayasá	1
pujuinai	1
uchigmaktinji	1
jegajiu	1
iwaijin	1
pempetaiyai	1
ijagka	1
kajiitainig	1
ayamainuk	1
agkantak	1
atsusú	1
uwigjin	1
kuitamainak	1
tsaaptinjiya	1
awasau	1
ujaktasan	1
minitjime	1
aneasagtata	1
yaaktanmag	1
uwemtikagtin	1
pempeajam	1
wainkajum	1
juwapita	1
taig	1
wantinjau	1
kantamainak	1
nayaimpinmash	1
nugkanmayanash	1
susatta	1
wajaidau	1
uwijan	1
pempentunisajag	1
tujama	1
wegaja	1
wainkagmita	1
josejai	1
egkemtatman	1
etsejuidau	1
etsejiagtai	1
puyatus	1
antuidau	1
etsejuinamun	1
sakapamainchau	1
waketuinak	1
ajapjuinak	1
adaikaju	1
ejapjumainchau	1
pegkeetnume	1
ejeyag	1
iwainakagtatus	1
iwai	1
akiinuk	1
tórtola	1
atsakuig	1
paum	1
tsakat	1
itaatajum	1
aneen	1
agkanmitkamun	1
pujujin	1
pegkejishkam	1
dekamtikau	1
waintsukek	1
jakashtinaitme	1
jegawaju	1
umiktinum	1
dutikatajum	1
simeogshakam	1
anentaimtikjam	1
midaaki	1
emematu	1
tujutbauwa	1
uminkau	1
anentaimsan	1
jaaknush	1
jakatjai	1
uwemtikagtina	1
jiijuí	1
wainkajai	1
awemamun	1
wainkagtata	1
tsaaptina	1
uwemtikatin	1
ematnai	1
jegachaju	1
ditanashkam	1
dakitiagtinai	1
nemajuidaush	1
agtinai	1
anentaibaujin	1
iwainatta	1
nagkí	1
ijumaina	1
imatijamak	1
waitkagmastinai	1
nuanuig	1
ana	1
fanuela	1
nawanji	1
aser	1
tsakatuch	1
aishina	1
wajemea	1
ochenta	1
cuatro	1
ememattainmag	1
tsawai	1
kashishkam	1
ijagmá	1
anashkam	1
taku	1
emematak	1
agkanmagati	1
dakaina	1
dutikatnai	1
umikag	1
iyashinish	1
aneau	1
mijantin	1
wesagké	1
jista	1
inagkeautaiya	1
dutikatatus	1
ashimnakmatai	1
juwaku	1
dukujish	1
dekatsaig	1
anentaimsajag	1
aidaujais	1
wegatai	1
kuwaekaju	1
waintai	1
egakú	1
egainak	1
tsawanta	1
ejapena	1
chichaagtai	1
iniimak	1
eketun	1
antujuidauk	1
yachajin	1
diijus	1
iniamash	1
aimu	1
puyatjuk	1
uchuchih	1
aan	1
wekaenaitme	1
apajai	1
puyatjukan	1
egakun	1
wekaetusjamna	1
egatjume	1
dekatsjumek	1
takaakun	1
pujumainaitag	1
dekagmainchau	1
waketjajui	1
tabaunak	1
umiau	1
dukujig	1
nunikbaunak	1
tsakau	1
dekatjinishkam	1
anentuidau	1
tiberio	1
quince	1
poncio	1
pilato	1
judeanum	1
iturea	1
traconitenum	1
lisanias	1
abilinianum	1
anás	1
caifás	1
sumo	1
batsatai	1
ujakuí	1
chichagkagtukti	1
jordagnum	1
batsataidaunum	1
yamimag	1
tsagkugnagtinme	1
chichagkagtak	1
wekaesatnun	1
jintan	1
dakueg	1
japagau	1
aintug	1
nainnashkam	1
yumpuag	1
pakamak	1
betekmak	1
tunin	1
tutitag	1
umiyajama	1
anentaimish	1
iwajajum	1
minitin	1
uwemtikatnun	1
awematta	1
wainkagtinai	1
yamiijati	1
minituidau	1
iwanchi	1
yamimagtasagmesh	1
wakegagme	1
yamimamuikis	1
sukagtumaina	1
uwemtumainaitai	1
tajumek	1
idaisaush	1
iwainmamkatajum	1
atumkek	1
asaja	1
uweemain	1
ainaji	1
tumamigpa	1
junakeshkam	1
emamainai	1
nejechu	1
jachai	1
tsupija	1
apetiama	1
tudaunak	1
susatnuk	1
uminas	1
nugkumainji	1
atsugbaun	1
susati	1
yumainji	1
ajamushkam	1
dutikati	1
yamimagtasag	1
kaunawag	1
akikmainakui	1
juwajum	1
inagkeasjum	1
akikmakta	1
tigpajum	1
uwakajum	1
atanjum	1
dutikawaigpa	1
wainkagmek	1
tsanumjujaigpajum	1
akigmaina	1
nujaig	1
juwaktajum	1
juagchauwashit	1
anentaimtuidau	1
anentaibiagtai	1
yumí	1
yamijatjai	1
nagkaetasu	1
minittawai	1
sapatjinakesh	1
atitmaitsujai	1
yamigmagtatjume	1
pegkejiya	1
jiiyai	1
sukagtustinuk	1
akanjattawai	1
trigon	1
juuká	1
awagti	1
wampujin	1
utsaak	1
ijumtainum	1
yajumama	1
umigchaunak	1
kajinkashtina	1
suwak	1
umigkau	1
pujutaijin	1
yajuaktinai	1
nuigtush	1
pekeja	1
tajutjamae	1
jintinkagtú	1
wekagu	1
igkua	1
herodías	1
jujukium	1
pegkegchauwai	1
takame	1
jiyakú	1
kajeká	1
chimpitainum	1
yamiak	1
yamimajui	1
aujai	1
ujaniuwai	1
pauma	1
wainainamunum	1
antuekau	1
ametme	1
aneetaigmek	1
aneajai	1
tabau	1
treinta	1
nagkabauwai	1
elí	1
elik	1
levik	1
melquik	1
amosa	1
amós	1
nahuma	1
nahum	1
maat	1
zorobabela	1
zorobabel	1
salatiela	1
salatiel	1
cosama	1
cosam	1
elmodama	1
elmodam	1
era	1
er	1
eliezera	1
eliezer	1
jorima	1
jorim	1
simeogka	1
jonagka	1
jonán	1
eliaquima	1
eliaquim	1
mainagka	1
mainán	1
natagka	1
natán	1
davita	1
obeta	1
obed	1
booza	1
booz	1
salmogka	1
salmón	1
naasogka	1
naasón	1
aminadapa	1
aminadab	1
arama	1
aram	1
esroma	1
esrom	1
faresa	1
fares	1
jacopa	1
jacob	1
isaaka	1
isaac	1
nacora	1
nacor	1
serugka	1
serug	1
pelegka	1
peleg	1
hebera	1
heber	1
arfaxata	1
arfaxad	1
sema	1
sem	1
lameka	1
lamec	1
matusalegka	1
matusalén	1
enoca	1
enoc	1
jareta	1
jaret	1
mahalaleela	1
mahalaleel	1
enosa	1
enós	1
seta	1
set	1
adagka	1
adagkak	1
najanamu	1
jordagnumia	1
wakettai	1
emauwai	1
dekapsauwai	1
yutsuk	1
inagkeau	1
yapajuauwai	1
yuwakia	1
yujumkajaigkik	1
pujumaitsui	1
nujaishkam	1
pujumainai	1
muja	1
tsakajunum	1
iwakuí	1
juú	1
inaktamuik	1
iwaintukui	1
imaja	1
amastajame	1
idaisamui	1
sumainaitjai	1
tikishmajam	1
emematjakminig	1
aminuk	1
idaitustajame	1
iwanchih	1
emematta	1
umigkata	1
ejegau	1
iwaká	1
wajasmek	1
tsekem	1
iyaata	1
awetugmattawai	1
kuitamjamkatnun	1
uwegmin	1
achigmakagtatui	1
iyaakum	1
tukumkaim	1
pegkegchaunum	1
dekapsatasamek	1
wakeyipa	1
iwanchik	1
takamtiksatatus	1
anentaimtusbaunak	1
dekapes	1
tsawantinish	1
dekapsatjai	1
senchimtikam	1
batsataidauk	1
emematuidau	1
tsakagbaunum	1
wayau	1
wajainiu	1
papiin	1
agagbaun	1
susaju	1
dakuek	1
etegtuae	1
awetine	1
achikbau	1
agkanmagawagtatui	1
wainmitkakta	1
dutikakum	1
waitkatai	1
ayamjukta	1
anentawai	1
aujus	1
takaun	1
susa	1
utsanawajuk	1
augbau	1
uminkae	1
etsegtuidau	1
chichamunashkam	1
jama	1
ampijatnuh	1
ampimata	1
antinuweg	1
nugkemia	1
nugkenig	1
wakejusa	1
antugmak	1
achauwai	1
batsamajakajui	1
waitiamu	1
tepeauwai	1
yumi	1
yutachu	1
atumní	1
yaigtí	1
awematsuk	1
sareptanmaya	1
sidón	1
pujaunum	1
eliasnak	1
jata	1
lepra	1
tutain	1
achimaku	1
aijakuí	1
eliseo	1
naamán	1
nugkanmayaya	1
etsagajui	1
utsaanawajuk	1
kajekaju	1
wajatjag	1
ukumtikiag	1
iwakaju	1
tajaekaunum	1
ajuami	1
mininamunmag	1
waketak	1
tsawautai	1
antujuidau	1
jintiamunak	1
antugtai	1
nagkaesau	1
nazaretnumiayah	1
ukujatkita	1
pujamunmash	1
ijijatuatasamek	1
minam	1
pegkegma	1
nuuwaitme	1
jiyaak	1
itatkata	1
takamtak	1
ajiaju	1
dutikashkam	1
machikish	1
emachui	1
chichamesh	1
senchigtinaita	1
chichamenig	1
jiyaa	1
batsatuk	1
antujajui	1
ijuntainmaya	1
jegauwai	1
nunikmá	1
tsatsají	1
tsuweak	1
etsagagta	1
tsatsajin	1
tsuntsumtua	1
tsuwemuwah	1
inajuk	1
yujau	1
ajamsau	1
agkuantai	1
jaidaun	1
ikautkajui	1
egkemtujuk	1
jiinainak	1
uchijiyaitme	1
kristuk	1
awemamua	1
chichaktí	1
tsawau	1
tsawaig	1
egai	1
egainakua	1
ukujatkipa	1
inamua	1
etsegkattajai	1
nunikti	1
awemamuitjai	1
ijuntai	1
kucha	1
genesaretnum	1
uwet	1
wekagai	1
tuwakag	1
imaniagtai	1
niimkamá	1
anugkam	1
namaká	1
main	1
botenmaya	1
jinjag	1
redjin	1
nijainak	1
batsamtuidaun	1
botejin	1
egkemag	1
inanmanta	1
tuwakun	1
wiyankam	1
redjum	1
ajugkam	1
ajú	1
ajunkawa	1
tsawampakuish	1
maachmaji	1
chichamjumin	1
ajugtajai	1
ajugkú	1
dutikkamá	1
achikú	1
imatikamu	1
rednak	1
ichiau	1
botenmayan	1
iwiyaidau	1
taawag	1
kautuawaju	1
namaknak	1
botenmag	1
aimkaju	1
botek	1
tepeattak	1
pujujus	1
ukugkita	1
tudauwaitjai	1
kajegkaju	1
yujaidauk	1
puyatkajui	1
simogjai	1
ijunja	1
mautaiji	1
zebedeo	1
simogkah	1
maatasajum	1
yujagjum	1
anmamtuk	1
etsegkujum	1
ikautjin	1
jintintuatjime	1
anugkag	1
tikishmag	1
tsuntsumá	1
nijayin	1
antig	1
wakegakmek	1
etsaentumainaitme	1
antiak	1
tsagagta	1
leprak	1
ujakaipa	1
jegaata	1
webaujum	1
iwainmamkum	1
ejegata	1
tsagaje	1
tujabiagti	1
naatu	1
tuwajuidau	1
antugkagtatus	1
etsaentugtinme	1
wayawag	1
kaunkajushkam	1
wainaidau	1
tepetaijin	1
pataidiag	1
itawag	1
wayaik	1
wajamunum	1
ejentag	1
tuwakú	1
waimainchau	1
tuntupen	1
wakag	1
chigkaidiag	1
wekaechauwa	1
tepetaijijai	1
nenawag	1
akakiaju	1
dutikawag	1
aepsaju	1
aishmagkuh	1
anentaimsag	1
apajuinash	1
pegkegchaunash	1
chichajua	1
apajuikeajama	1
tudaun	1
tsagkugkagtumainuk	1
annush	1
anentaimjume	1
tuwaita	1
tumainush	1
taja	1
tumainaitag	1
tsagkugkagtumainaitag	1
dekaatajum	1
tepetaijum	1
jukim	1
ijunaig	1
tepamujin	1
emematki	1
wainkaji	1
levin	1
wainkauwai	1
akikmagtai	1
yajumak	1
jintintaig	1
atá	1
takataijinak	1
tsawantaik	1
ajamsatatus	1
umikú	1
dutikamunum	1
ashishmatuidau	1
ibaujai	1
ijunjajum	1
yuwakjumesh	1
umutash	1
ditajaish	1
umajume	1
jamamtuchu	1
atsumtsame	1
atsumame	1
tudaugtuchu	1
minitchauwaitjai	1
nemagtuktinme	1
ijagmainaish	1
umu	1
wajaash	1
yujainawa	1
nuwenu	1
pujaigkish	1
ijagmak	1
pekamainkaih	1
jegattawai	1
atata	1
yujumkanak	1
ijagmakagtatui	1
yamagman	1
tsupikag	1
mamujunmag	1
adujtuchu	1
yamagmaitak	1
besemain	1
tsupikbau	1
mamujunum	1
adujtamashkam	1
juwamaitsui	1
ijugbaunak	1
yajatai	1
apagbau	1
ajutnumag	1
yajachu	1
ijugbau	1
apagbaun	1
ipatmainai	1
vinuk	1
ukagag	1
apagbaujai	1
ajapnamainai	1
ijugbauk	1
apagbaunum	1
yajataiyai	1
pushutakushkam	1
egkenag	1
umin	1
yamagmanak	1
wakegainatsui	1
najanamua	1
pegkejai	1
ajakbaunum	1
nagkaebau	1
kupik	1
pakajag	1
yuwidau	1
chichajuinak	1
tsawagmataig	1
takantsashti	1
aikagme	1
agagbauk	1
ausachuk	1
yujaamujai	1
yapajuinak	1
sacerdotek	1
yuwati	1
yuwawajua	1
tsawagmataish	1
wajukmainaita	1
wikitjai	1
tumainnuk	1
atakeshkam	1
untsujiya	1
chuwijú	1
etsagaun	1
tsanumjugtasag	1
anentaibaujinak	1
chuwijun	1
wajakim	1
wajantá	1
iniastajime	1
duká	1
takamainait	1
dutikmainait	1
tsawaje	1
jakati	1
idaimainait	1
ijunun	1
uwejum	1
dakuekta	1
dakueku	1
uwejenig	1
wajasú	1
kajekag	1
itugmainkita	1
aujkawa	1
tsawampajui	1
tsawaag	1
etegkeg	1
ijumjauwai	1
etsegtujin	1
andrés	1
bartolomé	1
mateo	1
tomás	1
alfeo	1
nugken	1
agkanmitkatatus	1
chichaajakua	1
iscariote	1
unupiag	1
sujukua	1
akaiki	1
pakanum	1
tuwagkaju	1
judeanmaya	1
tiro	1
etsaentugti	1
egkemtugbau	1
antigtatus	1
kakanmamaidau	1
niiniya	1
jiinak	1
nagkamik	1
senchijinig	1
pujuta	1
jumaitsuapi	1
tautigmek	1
inamjatin	1
takastasa	1
wakegakjum	1
yapajaku	1
waitmaina	1
imanikjum	1
waitiautigmek	1
amastin	1
batsatkujum	1
pujautigmesh	1
aneakjum	1
dushigtin	1
kajegtamainak	1
pujusta	1
jiipainak	1
chichagtamainak	1
adaisajash	1
tujamainakuish	1
aneastin	1
imatjutpainakuish	1
dakujustajum	1
jukitna	1
batsamajakajua	1
waitkasaju	1
pujajume	1
atsumkas	1
yuwá	1
batsatutigminak	1
yapajakjum	1
uyumat	1
aneakas	1
dushit	1
batsamtautigminak	1
waitiakjum	1
buuttin	1
chichajam	1
chichajujakajui	1
waitá	1
etsejin	1
antugtautigmin	1
kajegtamaidaushkam	1
yaigtajum	1
chichagtamaidaush	1
chichagkatajum	1
tsanumjutpainakuish	1
aujtustajum	1
yapinum	1
awatamkujaish	1
juinia	1
yapijuish	1
awatita	1
ayampatuatajum	1
awantak	1
nugkuagbaugmin	1
jujutjamkujaish	1
atsumamun	1
segapainakuig	1
sujittsuk	1
wajiigmin	1
segapatsuk	1
jujutjamkuishkam	1
awagtugkita	1
tutsuk	1
idaisatajum	1
awajtuktinme	1
tikichish	1
awajkatajum	1
anempa	1
atumshakam	1
aneakjumesh	1
aneniamujaig	1
aneninawai	1
yaimpaina	1
yayakjumesh	1
yainiamujaig	1
yainin	1
waamak	1
awagtugmamaina	1
tsagkatkugmesh	1
kumpajin	1
tsagkatkag	1
awagtugkitpash	1
dakainawai	1
yaimkatajum	1
tsagkatkagtukmesh	1
betekash	1
awagtugkit	1
tusagmek	1
pujuigpa	1
jukitnuk	1
ajutjamiagtinai	1
atinaitjume	1
tuchau	1
anentin	1
anenkagtin	1
anenkagtina	1
pujutjig	1
tujaminum	1
susatasagmesh	1
umijú	1
itujajum	1
dutijamawainum	1
tsagkujatajum	1
tsagkugtamjatnume	1
atsumaushkam	1
suwajume	1
atsumamunak	1
wainmachunash	1
jintanash	1
inaktumainkaih	1
waanum	1
iyaumainchaukaih	1
jintinbauwa	1
jintinkagtinun	1
dekatsui	1
papí	1
augbaujin	1
jintinkagtinjai	1
wemainai	1
takaish	1
takaayatkugmesh	1
takaawai	1
tusagmesh	1
waintsuk	1
wainmaina	1
itugsagmek	1
takaajum	1
wainmamchautigmesh	1
yatsujuh	1
titagme	1
nuuwá	1
takaidaushkam	1
dekanui	1
untukjak	1
munchiinak	1
nejetsame	1
uvashkam	1
jagkinmayag	1
juushtayame	1
pegkegnumag	1
chichaakush	1
chichauwai	1
chichawai	1
wajukuna	1
anentaimua	1
iwainawai	1
umigtachiatkugmesh	1
antugtukag	1
umigtuidaush	1
wajukuita	1
titajai	1
jegamkatatus	1
muunnum	1
dekanmitkak	1
ajia	1
tukuakush	1
umuchkachua	1
antayatak	1
umigtachuk	1
jegamak	1
suugnum	1
ajitsuk	1
dujajua	1
tukú	1
tegak	1
ajapama	1
capitani	1
aneetaiji	1
awetiuwai	1
etsaentujati	1
capitanik	1
yaimainaitme	1
aidautinash	1
anejatnuwe	1
ijuntainash	1
jegamjutpakmayi	1
weenai	1
awetiu	1
kajegtukaigka	1
ibaunak	1
jegajuig	1
awaimaitsujai	1
egamainnash	1
egakchamjai	1
tujutti	1
tsagagtatui	1
umigbau	1
umigtuidau	1
ajutuinawai	1
jiinjajum	1
shiyaktajum	1
jiinag	1
shimumainai	1
waketjatajum	1
tamashkam	1
kaunmainai	1
umigtuinawai	1
tsagaumainai	1
tujamae	1
minidaun	1
ayampattsag	1
nuigkish	1
anentaimunak	1
wainchaujai	1
kaunkamá	1
inak	1
ukukbauk	1
tsagag	1
naín	1
saetukaju	1
waitijin	1
wegai	1
wajé	1
ukustatus	1
emaidau	1
uyunainak	1
anenjau	1
buutipa	1
wegamun	1
antigku	1
weedaush	1
wajantaju	1
datsauchih	1
jakaushkam	1
chichau	1
dukujin	1
jutiinish	1
ajutjamji	1
aidautin	1
yaimpaktatus	1
dutikamuk	1
judeanmag	1
antuejau	1
aneem	1
aidaunmashkam	1
juagká	1
juagnashkam	1
awebau	1
iniastinme	1
tikichnak	1
awemajam	1
kautuawag	1
iniasti	1
awetamaji	1
tikichik	1
waituidaunash	1
etsagaku	1
wainkaujum	1
wainmainawai	1
shutushkam	1
wekagainawai	1
tsagainawai	1
empekush	1
antuinawai	1
jakaush	1
nantainawai	1
jintinmae	1
takaamujua	1
tujutuidauk	1
uwegshunmash	1
tagkanan	1
nuniachkugmesh	1
iwagmamaidauk	1
pujuinawai	1
wainkatasajum	1
nagkaesauwai	1
etsegnun	1
emtimin	1
awemajai	1
jintanak	1
umigtamkattawai	1
akiinaidauk	1
inamtainig	1
imanchauchia	1
kuichki	1
umiinak	1
yamimakajui	1
yamijatbaunum	1
dakitjaju	1
umitnak	1
yamijatbaunash	1
pachikchajui	1
takunua	1
antumtikmainaitjime	1
pekaamsag	1
wasugkamainak	1
nantsematnume	1
flauta	1
umpuakuish	1
nantsemachmaugme	1
besemjan	1
kantamtai	1
buuttinme	1
tamash	1
buutchamugme	1
untsuniyama	1
yuwachu	1
umachu	1
chichagkujum	1
akiinaun	1
yutainash	1
yuwakun	1
umaish	1
yu	1
umú	1
kumpajiyai	1
umijuidau	1
pujuinawa	1
yachajiya	1
dekamain	1
ipauwai	1
jegan	1
yuwatatus	1
dekaa	1
alabastro	1
botella	1
najanamunum	1
tajuntau	1
naween	1
buutak	1
negaikiajui	1
ujugtau	1
kugkuntak	1
ukatkauwai	1
dutiktai	1
ipauwa	1
etsegtinaitkug	1
dekamainapi	1
antia	1
iniastajame	1
jintinkagtinú	1
tsagkatkagtinun	1
diwimaidau	1
makichkia	1
quinientos	1
diwimai	1
tikichia	1
diwimu	1
nunidaun	1
akikmamainji	1
atsujiagtai	1
tsagkujauwai	1
jimaja	1
senchish	1
aneemainaita	1
diwijí	1
tsagkujamua	1
aneemainai	1
wainmek	1
wayamtaish	1
daweg	1
nijamainkesh	1
sujuschamume	1
negaikiag	1
ujugtujae	1
kumpamjakmekesh	1
kugkuntsachmaume	1
wayamag	1
dawegnak	1
kugkunjú	1
pujawai	1
buukeajuish	1
asaitaikish	1
nijatkashmaume	1
nijatjuje	1
kuashta	1
tsagkujamuk	1
pekajaidauk	1
tudaunash	1
tsagkugkagtawa	1
anentaibaunum	1
uwemjaume	1
batsataidaunmash	1
inapaji	1
ishiaktinji	1
etegjamu	1
etsagagbau	1
jiijamua	1
juana	1
chuza	1
herodesa	1
kuitamnun	1
susana	1
sumakag	1
etegjamuji	1
atsumiagtaish	1
yaidau	1
wainkatasag	1
tuwakagmatai	1
jigkayin	1
nagkimak	1
ukutatus	1
ajakmau	1
nagkimkau	1
jintaa	1
nunikun	1
najakag	1
ukukbaun	1
yakiya	1
kaketuk	1
amukajui	1
tsapainiuwaitak	1
jakauwai	1
chupitnuchu	1
kakekajui	1
tsapaidiajuitak	1
yutuam	1
jinauwai	1
nunikajuk	1
tsapaidiag	1
cien	1
jigkain	1
nejeawajui	1
antutaiji	1
antuktinme	1
takumea	1
timaume	1
inamjatnuji	1
dekajakchamun	1
etsejag	1
dekamtijamatatus	1
wakejutpagme	1
ujaajai	1
wainkujash	1
antakush	1
antuchu	1
ajakbaun	1
augmattsan	1
jigkaiya	1
kakekaun	1
amukuí	1
antittaman	1
juwatki	1
anentain	1
wayaun	1
tuinak	1
uwemjainum	1
yajuta	1
wakegas	1
nemajuidau	1
utugchatnum	1
jegaak	1
idayina	1
antuinayatak	1
wiyakchameauta	1
uyumainak	1
awagma	1
puyatjuinak	1
idayinawai	1
nejechua	1
nemagkag	1
nejekajua	1
pegaká	1
awayag	1
apujchau	1
dutiktsuk	1
wayatatus	1
minidaush	1
wainkatnume	1
uukbauwa	1
wantinkatnai	1
dekamainchauwa	1
dekamu	1
anentaimtustajum	1
uwaetuka	1
atantam	1
jintinkagtai	1
tajuawajui	1
wajamunmag	1
jegamainchau	1
ujainak	1
duku	1
waipaktatus	1
tajutjamawag	1
ijunui	1
dukug	1
yatsug	1
chimpimjaju	1
katigkagmi	1
kanaju	1
nuniku	1
dasentak	1
kuchan	1
yajanu	1
imaniau	1
ishintainak	1
jakektatji	1
shintaag	1
dasen	1
jiyak	1
tsukatunashkam	1
mijakta	1
imaniauk	1
mijak	1
namakash	1
miyaasu	1
patamsau	1
apajuiyai	1
kajintsajum	1
anentaimtsugme	1
asamtaiya	1
dasesh	1
yumish	1
antujuinawa	1
katigkag	1
batsamtai	1
nugkeen	1
igkuas	1
anumkajui	1
jiinkimtai	1
wisú	1
jegaash	1
pujuchu	1
ukutainum	1
wekayin	1
jisusah	1
uchijiyah	1
itugtuktasamea	1
sukagtusaipa	1
pegkegchauwah	1
jiju	1
ikagmauwai	1
uwegnumash	1
dawenum	1
jigkagmashkam	1
tsujiag	1
utsag	1
aimak	1
untsujiyaitjai	1
chimpimtua	1
batsamtau	1
waa	1
akaga	1
chimpijatuawaipa	1
kuchi	1
yujaidau	1
wayatjai	1
kuchinum	1
kuchishkam	1
tajagak	1
kuchanum	1
najataunum	1
iyagkag	1
jinawajui	1
kuchí	1
batsataidaunash	1
ujakajam	1
ankae	1
diisagmi	1
wejiajui	1
jiigbaun	1
etsagagmae	1
ujaidau	1
pujutsuk	1
weta	1
tiaju	1
ishamaidau	1
ayú	1
egkemtai	1
jiijamushkam	1
wekaesatjai	1
segau	1
anenjamjae	1
anenja	1
etsegkau	1
tuwakajuk	1
dakaidau	1
tajuntun	1
nawantug	1
pujugta	1
ukukmag	1
imaniamunum	1
numpan	1
puwak	1
ampijatin	1
ampimak	1
ashimkau	1
imaniakush	1
tsagagchauwai	1
ukunum	1
nugkuagbauji	1
wenin	1
numpa	1
puwamujinak	1
achah	1
yatsukait	1
chanumpaina	1
nuniaigkik	1
dekajai	1
antintuk	1
senchijuí	1
jaamujin	1
nuwak	1
dekajuagapi	1
kujaukmaikia	1
antuinamunum	1
antigke	1
antiamuik	1
tsagagbaujinashkam	1
ujakú	1
nawantah	1
anentaimam	1
tsagajume	1
tanta	1
nawanjumek	1
nuigtuk	1
jintinkagtinuk	1
waitkasaipa	1
puyatkaipa	1
kajintsam	1
anentaimjata	1
nawanjumik	1
aneantatui	1
wayamunum	1
awayachajui	1
jakaun	1
buutuidau	1
buutigpajum	1
jakache	1
kanaje	1
dushikidau	1
uwegnum	1
achiak	1
chichaká	1
nuwauchih	1
mayai	1
nantakiu	1
yumain	1
ayujatajum	1
nuwauchi	1
apajig	1
puyatkaju	1
jiimainun	1
etsagaumainnash	1
etsagagtajum	1
ishimak	1
wegaku	1
atsumainuk	1
ushujutaigkesh	1
jutaigkesh	1
yuwatnukesh	1
kuichkikesh	1
nugkutaigmesh	1
yachiagmek	1
jeganma	1
wayattagme	1
nunikjumek	1
wegakjum	1
ukuktajum	1
tuwí	1
awaintamtan	1
dakitjabiagtatua	1
dutijamainakuig	1
yaaktak	1
ukuakjum	1
daweminia	1
pegatjajum	1
akaketkatajum	1
jukitnuji	1
iwaintakjum	1
tiajam	1
jiinjag	1
etsagaidau	1
dutikamujin	1
anentaimá	1
wantinkae	1
juagnak	1
inamja	1
buuken	1
tsupikagmayajama	1
antujag	1
wakegau	1
kaunkag	1
dutikamujinak	1
kanakiag	1
betsaida	1
dekaawag	1
shimutkajui	1
jegajuawajam	1
jintintak	1
batsatji	1
ishiakta	1
jegattak	1
aja	1
yumainjin	1
kajigtinme	1
yuwatnuk	1
ayugmainuk	1
atsugtamji	1
jimagchik	1
ayugkata	1
takuik	1
wemainchawa	1
yuwatin	1
sumagkatasa	1
mil	1
akanjajum	1
batsagtajum	1
umikaju	1
pagkan	1
namaka	1
pagkai	1
puug	1
tinabiu	1
tinamkatnume	1
yuwawag	1
ejemakaju	1
ampinkaunak	1
yajuakag	1
chagkinnum	1
aimjajui	1
pujuidau	1
tujutuinawa	1
yamijatin	1
eliasai	1
tujamainai	1
etsegtujakú	1
dutsu	1
nantakitai	1
awemamuitme	1
pachittsagmek	1
waitkagsag	1
dakitjuinak	1
mantuawagtatui	1
dutijuawagmataish	1
kampatumchik	1
nantaktatjai	1
nemagtuktasajum	1
wakegautigmek	1
wakegamuk	1
waitiakjumesh	1
atsanjajum	1
nemagtuktajum	1
wakegak	1
waittan	1
dakitauk	1
uwemjashtin	1
uwemjatin	1
juwiya	1
niinu	1
emakush	1
jaakug	1
wakaninak	1
uwemtikmaitsui	1
pachittsa	1
chichat	1
datsamakjum	1
chichamjushkam	1
datsanjau	1
apajú	1
tsaaptinjijai	1
wajasan	1
minaknushkam	1
midauchu	1
titinaitjime	1
ijunjum	1
juwiyatijum	1
jatsuk	1
inamaujiya	1
wainkatnutigmesh	1
ajume	1
pedron	1
jacobon	1
wakauwai	1
niimenig	1
yapajinauwai	1
jaanchjish	1
aujuidaun	1
eliasjai	1
tenteamunum	1
waitkasa	1
maam	1
aujuidau	1
yujaidaushkam	1
kaji	1
pujajuinam	1
kajigkú	1
shintaukmá	1
wegagmatai	1
maigkis	1
batsatagtai	1
aak	1
umikagmi	1
aminu	1
moisesdau	1
eliasdau	1
dekachiatak	1
chichai	1
ijikuí	1
ijikam	1
yujagminmaya	1
anetaijuk	1
antugkujum	1
umigkatajum	1
antukajui	1
ashimaig	1
wainkajash	1
mujanmaya	1
akagag	1
mininai	1
igkugtatus	1
minidau	1
makichkiuchia	1
egkemtug	1
untsumtiknuwe	1
imatikam	1
kujainuwe	1
weninig	1
saunak	1
pushukasua	1
emauwe	1
kakajus	1
idaichamu	1
tunamag	1
pujugtawai	1
imatikakui	1
waitkagta	1
jiigtugkitajum	1
tujinkagmae	1
anentaimchau	1
dukapea	1
atumjai	1
ijunjanush	1
pujumainaitja	1
dukapek	1
dakastajime	1
minaig	1
anentaimjatnume	1
tusanush	1
itantá	1
ejentattak	1
emai	1
waugmitkak	1
ajiajam	1
kujau	1
imatiktai	1
egkemtuaushkam	1
wajasmatai	1
senchijiniap	1
aikawa	1
etsagagbaun	1
augmatiagtai	1
antuktajum	1
aneaku	1
uchijiyaitak	1
sujukag	1
idaisagtatui	1
tutaish	1
takumpap	1
tusajag	1
dekamainchau	1
dekamtikchamu	1
iniaschajui	1
ajaantuinak	1
ainag	1
wagakush	1
dekaju	1
ayaunas	1
awajus	1
jumamtin	1
juwidauk	1
dutijuinawai	1
jujuidauk	1
juwinawai	1
anuiya	1
anenmamaina	1
wagaaku	1
wainkamji	1
egkemtuamun	1
jiyau	1
dutikakui	1
aikawaipa	1
jutiijai	1
ijunchau	1
tiigpajum	1
jutiin	1
shiwagmatjamtsu	1
jutiinu	1
jintinkagtamun	1
wakitkitnuji	1
puyatkas	1
emtikak	1
samarianum	1
kanumainun	1
egakagtatus	1
ikantanak	1
dakituidau	1
juagjai	1
wakitkiag	1
iish	1
segatí	1
ajuntug	1
ijinauwa	1
dutikmainchaukaih	1
kakaakan	1
aiká	1
dekatsjume	1
anentaimkugmea	1
ijinata	1
tusanuk	1
taachuitjai	1
uwemtikatasan	1
ashinbaunum	1
tuwig	1
wekaetam	1
nuniakminish	1
nemagkiní	1
wajatin	1
atajai	1
kujancham	1
kanutaijig	1
pasugkeg	1
akiinaunuk	1
jeenchau	1
tepesá	1
ayamainkesh	1
atsugtaig	1
wainkan	1
wekaejai	1
aentsnashkam	1
nemagtukta	1
wenu	1
ukusan	1
ukuakun	1
nemagkatjame	1
wakanin	1
jakaujai	1
jakamtaish	1
ukustin	1
atinme	1
yamagma	1
etsegkum	1
etsejata	1
pataag	1
akattsan	1
ukuktajai	1
tsaitaijiya	1
bakajin	1
nenaa	1
wekaetayatak	1
ukujin	1
wajauk	1
emamaitsui	1
etsegkatatus	1
wakegayatak	1
patayin	1
ukukchamin	1
dekapeauk	1
etsegkati	1
atsumaitsui	1
idayas	1
etegjauwai	1
chichagkagtuktajum	1
wetin	1
jimá	1
ishiakajui	1
minaish	1
inamjati	1
atsumainawai	1
ujumchikiuchi	1
etsejuidauk	1
etsegmain	1
ishiakti	1
kuitamamkatajum	1
uwig	1
ikamyawa	1
ishimaina	1
ishimjime	1
wegakjumesh	1
kuichkik	1
jutaigmekesh	1
sapatjumkesh	1
wesajum	1
igkuakjumesh	1
chichaakjum	1
megkaekaigpajum	1
wamkesjum	1
nagkaetajum	1
yana	1
wayattajume	1
amastinme	1
tajumin	1
jujabiagtaik	1
yaigtatui	1
jujamchagtaik	1
ditanak	1
yaigchagtatui	1
amainamuk	1
yuwakjum	1
amainakuish	1
uwagtajum	1
akiam	1
jeganum	1
kanagjum	1
nagkaemá	1
jegagminchakam	1
jeentin	1
jujamki	1
ajamjamainakuig	1
yuwatajum	1
akuish	1
etsagaitajum	1
inamjatnuk	1
jegagmin	1
jujamtan	1
dakitjamainakuig	1
jiinkujum	1
nugkem	1
sapatjin	1
peemja	1
atuminig	1
pegajá	1
akakeka	1
ukuaji	1
etsegbauk	1
dakitjau	1
inamjatta	1
nunina	1
sodomanmaya	1
susauwa	1
corazignumia	1
betsaidanmayanash	1
anentuinajai	1
tujutchaju	1
sidognum	1
tironmash	1
batsataina	1
wainchatain	1
iwaintajim	1
iwaintam	1
wainkujag	1
pujaku	1
iwainmamtain	1
jaanchin	1
nugkujag	1
buukenish	1
yukuun	1
batsakag	1
batsatbaunash	1
iwaintumain	1
tironmaya	1
nagkaemasjum	1
anentaimsagmek	1
jainakuish	1
agtinaitji	1
achatnaitjume	1
jinawaju	1
waitú	1
batsamsatnaitjume	1
etsegbaun	1
antugtamaina	1
antugtuinawai	1
dakitjamaina	1
dakitjak	1
dakitjuinakug	1
dakituinak	1
ishiakui	1
kaunak	1
aneasag	1
daajum	1
adaisa	1
jinkita	1
iinash	1
antugtamak	1
jiinkiag	1
ukuagmae	1
wainkabiajai	1
peem	1
wajukea	1
imanik	1
iyaun	1
iwanchia	1
depetkatnun	1
senchijun	1
amasmajime	1
esapainakuish	1
titigkesh	1
ijupakuish	1
wajukashtatjume	1
antugtamkaja	1
duwikik	1
anenigpa	1
daagmik	1
anemtikam	1
nugkaya	1
emematjame	1
yacha	1
iwaintutsuk	1
etegjamujum	1
itugmaina	1
iwaintukum	1
aajam	1
wakegame	1
nugkanmayag	1
diistá	1
idaitugsauwai	1
uchijiyaitag	1
dekajuinatsui	1
apajuk	1
dekajui	1
apagnash	1
wainainatsui	1
wiki	1
wainjai	1
iwaintamu	1
apagnak	1
wainmain	1
aneastajum	1
takaamush	1
aajakú	1
wainjum	1
wainkachu	1
antutnash	1
antajum	1
nuninakush	1
antukchajui	1
chichamnak	1
dekapsatatus	1
dutikmainaitja	1
nagkanchaun	1
jukitasanush	1
aujkumesh	1
wainme	1
niinig	1
pujustá	1
dekaata	1
takastá	1
imatiksamek	1
umiktá	1
nagkanchauk	1
ajutjamtatui	1
umiachu	1
yaita	1
wijai	1
nagkama	1
ujaak	1
jericonum	1
kasanum	1
egkemkauwai	1
suwi	1
suwimainakua	1
ipu	1
ipujú	1
maawag	1
takakbaujinak	1
ukukiajui	1
jintanum	1
levita	1
wainkashkam	1
jintanmag	1
anenmain	1
diisuí	1
jegaantun	1
ampin	1
vinujai	1
ipujamu	1
ampijua	1
jaanchi	1
ijijuk	1
entsamtaijin	1
ekeni	1
ijagkan	1
kajiitaijin	1
ejega	1
jeennun	1
jumainun	1
akik	1
kuitamjutkata	1
waketkun	1
wajupa	1
tujuttatme	1
akiktajame	1
aepeak	1
anentaime	1
nuwiyash	1
aajakuita	1
anenmamas	1
anenjaush	1
anenjauwa	1
ameshkam	1
wakitkim	1
anenjata	1
wega	1
wegakua	1
marta	1
awayauwai	1
kai	1
martak	1
uyumak	1
wekaetau	1
kaig	1
eketa	1
kaim	1
yaigtá	1
awetujia	1
yainkati	1
martah	1
uyumakam	1
wekaeme	1
puyatjumainuk	1
makichkiuchi	1
etegka	1
antugtak	1
eketui	1
emegkatmainchau	1
aujmainaita	1
jintinkagtuata	1
jintintujakua	1
aujkugmek	1
aatsajum	1
pujuwaitme	1
pegkegmaitam	1
emematjabiagtinme	1
jutiishkam	1
inajatjata	1
umigtamin	1
nugkanmayashkam	1
umigtuktinme	1
yuwatnushkam	1
sukagtita	1
tudaujishkam	1
tsagkugkagtugta	1
takagtamaidaush	1
tsagkugnaitag	1
aikasmek	1
takamtiksati	1
tusamek	1
idaikagtutsuk	1
yaijatkam	1
agkanmitkagtuata	1
jintintua	1
anuiyatigmesh	1
anendaitaijum	1
ajutjamu	1
aehaet	1
jegantam	1
kumpajuh	1
tsagkatjukta	1
kumpag	1
imauya	1
tajutua	1
ajaamain	1
atsugtau	1
tamin	1
aigmak	1
waitkagsaipa	1
waitinak	1
epenin	1
kanakun	1
tepajai	1
nantaknuk	1
amamaitsujai	1
tujamainkaih	1
tujamtsuk	1
segamu	1
nantamainchau	1
atsumaku	1
segamunak	1
amamainai	1
egatash	1
egaktajum	1
egakjumek	1
igkugtatjume	1
untsuktajum	1
waitin	1
ujatjamtatjume	1
sumauk	1
egauk	1
igkuinai	1
egamujinak	1
untsumushkam	1
waiti	1
ujatam	1
nujintan	1
titig	1
ainayatkugmesh	1
uchigmik	1
suu	1
atumkesh	1
nuniagminish	1
pegkejinash	1
segamash	1
amaschagti	1
egkemtua	1
chichachu	1
emamun	1
awetak	1
chichamtikau	1
tuwak	1
puyatjukag	1
nuninaig	1
apujiya	1
dekapsagtatus	1
iwainkagtukia	1
batsatkujag	1
jeganmak	1
batsatkushkam	1
iwanchakam	1
sujus	1
jiijati	1
tujutkug	1
shiwagmaemainai	1
sujaish	1
suwawa	1
jiiktinme	1
tusash	1
tujutkugmek	1
wainka	1
dewakjum	1
egkemtaun	1
jiyaag	1
jutikajai	1
takus	1
wajataig	1
wajiiji	1
minitak	1
depetki	1
atanki	1
wajiinak	1
tinamainai	1
takaag	1
juwachuk	1
shiwagmatui	1
yainchagtaik	1
uweemainun	1
megkagainawai	1
jiikmak	1
atsamu	1
pujumainun	1
egaak	1
pujumainjin	1
wakitkitjai	1
pujujakbaunum	1
tajua	1
japimká	1
iwajamuama	1
imanun	1
nagkagas	1
sieteya	1
waketjuki	1
egkemtawai	1
aajakbaunak	1
chichaa	1
jujepag	1
muntsujin	1
amuntstamauwa	1
aneastinai	1
tuwajam	1
umigchau	1
dekapjustasajum	1
iwainakia	1
tajum	1
dutikashtatjai	1
wajukauwa	1
iwaintuktatjime	1
namaknumia	1
iwaaku	1
nínive	1
mantuawagmataish	1
nantakmatai	1
waitkag	1
tujutiagtatui	1
sabá	1
surnumia	1
tajiuwai	1
yachamtikamun	1
antujuk	1
dekajuatatus	1
dekaun	1
antukchaju	1
ninivenmaya	1
nemagkajui	1
jonasa	1
antukjum	1
takat	1
nemajuinachu	1
pegakan	1
awaigkag	1
aputsajame	1
ekemakag	1
wayaakush	1
wekaesagtinme	1
jiimek	1
emaama	1
iyashminak	1
awagmawai	1
wainmamainaitam	1
anentaimtaik	1
anentaiminish	1
ajutjamainai	1
pegkegchauwaitkui	1
wainmamainchauwaitam	1
anentaimkugmek	1
pujagme	1
kuitamkata	1
suwe	1
wajatjamsai	1
pujakmek	1
pujutjuminish	1
ipau	1
fariseok	1
ikigmasjumké	1
nuniaish	1
ikigmatskesh	1
yuwatasash	1
ekeemsae	1
aidautigmek	1
shikiká	1
plato	1
awanke	1
nijamaina	1
kasamtaijum	1
takataijum	1
piyak	1
ajutjamainawai	1
anentainkachu	1
najanauwa	1
anentainash	1
najanachukait	1
takugmek	1
ajutjamaina	1
menta	1
ruda	1
inagku	1
ajuntua	1
ukugkutai	1
puyatjusjum	1
diezmó	1
dutikayatkujum	1
umiktinnum	1
aneetan	1
idaijume	1
umiakjumesh	1
umitskek	1
idaimain	1
ainatsjume	1
wayakjumesh	1
ekeemtai	1
iwajamu	1
etegkajum	1
ekeemin	1
igkuntuinakush	1
ajantujus	1
