na	1629
nnˈaⁿ	264
ndoˈ	199
cantyja	179
tyˈo̱o̱tsˈom	175
tsˈaⁿ	150
ee	142
ˈnaaⁿˈ	134
joˈ	119
ˈo	115
sa̱a̱	110
cwii	100
ñˈoom	98
ñequio	93
juu	85
nnom	79
quia	75
cweˈ	72
jom	70
cha	67
nchii	63
mati	63
waa	63
ñˈeⁿ	60
jnda̱	60
xeⁿ	58
ljoˈ	55
cristo	54
nquii	53
ncˈe	51
ja	49
luaaˈ	45
chii	44
joona	42
aa	42
tsˈiaaⁿ	41
chaˈtso	40
meiⁿ	40
jeeⁿ	39
tsˈom	37
joo	36
nˈomˈyoˈ	35
chaˈxjeⁿ	35
nda̱a̱	34
chiuu	34
cwenta	34
mˈaaⁿ	32
jesucristo	31
ˈnaⁿ	31
ta	31
meiiⁿ	29
oo	29
tsˈoom	28
chaˈcwijom	28
jesús	28
jaa	28
jndo̱ˈ	28
jo	27
nˈom	27
yuu	25
matsonaˈ	25
ya	24
juunaˈ	24
espíritu	24
ˈnaaⁿ	23
nˈomna	22
teiljeii	22
wanaaⁿ	22
mˈaaⁿˈ	22
judíos	22
naya	22
cwiicheⁿ	21
ˈu	21
mˈaⁿ	21
xjeⁿ	21
nnoom	20
nnda̱a̱	20
ntˈomcheⁿ	20
joonaˈ	20
ntyjii	20
jeˈ	20
cwiluiiñê	20
nda̱a̱ˈyoˈ	20
jnda	19
cwentaaⁿˈaⁿ	19
tsaⁿˈñeeⁿ	19
lˈue	19
machˈeeⁿ	19
macaⁿnaˈ	19
tˈmaⁿ	19
xuee	19
matseiyuˈ	19
ˈñeeⁿ	18
nnˈaⁿya	18
tsaⁿsˈa	18
tjaa	17
tsjoomnancue	17
matsa̱ˈntjom	17
mayuuˈ	17
ˈnaaⁿˈaⁿ	17
jndye	17
tsˈo̱o̱ⁿ	16
cwiluiiñe	16
machˈee	15
ljeii	15
naquiiˈ	15
matseixmaⁿ	15
nˈo̱o̱ⁿya	15
ñˈeⁿñê	15
cwentaaˈ	15
wiˈ	14
ñequiiˈcheⁿ	14
ñˈoomˈm	14
tjaaˈnaⁿ	14
matsˈaa	14
saaⁿˈaⁿ	14
ncˈiaaˈyoˈ	13
cˈomˈyoˈ	13
cwilaˈyuˈ	13
laˈxmaⁿ	13
macanda̱	13
cwilaˈyuˈyoˈ	13
xmaⁿñe	13
tsaⁿscu	13
laˈxmaⁿˈyoˈ	12
naⁿˈñeeⁿ	12
mˈaⁿˈyoˈ	12
nntsˈaa	12
tseixmaⁿnaˈ	12
ñˈoomˈ	12
matsjo̱o̱	12
cwiluiindyoˈ	12
jâ	12
lˈa	12
yuscu	12
chaˈna	11
matseijomnaˈ	11
ñˈoommeiⁿˈ	11
mˈaaⁿya	11
najndeii	11
mañequiaa	11
ñˈeⁿndyena	10
nntsˈaaⁿ	10
nntsˈaanaˈ	10
maxjeⁿ	10
cwilˈa	10
nquiu	10
macwaˈ	10
matseixmaⁿya	10
seiˈ	10
quiiˈntaaⁿˈyoˈ	10
ñˈoomwaaˈ	10
maˈmo̱ⁿnaˈ	10
cwilaˈtˈmaaⁿˈndye	10
calˈaˈyoˈ	9
ñˈeⁿndyoˈ	9
luaa	9
nantquie	9
mañequiaaⁿ	9
matseixmaⁿnaˈ	9
meiⁿcwii	9
ˈnaⁿya	9
tmaaⁿˈ	9
tseixmaⁿ	9
cwiluiindyo̱	9
scoomˈm	9
nquiuˈyoˈ	8
nnteijndeiinaˈ	8
tsˈo̱o̱ⁿya	8
naljoˈ	8
cwiindyoˈ	8
tsˈiaaⁿˈñeeⁿ	8
ˈnaⁿˈyoˈ	8
ñecwii	8
ñeˈcwii	8
yati	8
jnaⁿ	8
xmaⁿndyoˈ	8
pablo	8
nqueⁿ	8
nmeiⁿˈ	8
cwilˈaˈyoˈ	7
naⁿmaⁿnˈiaaⁿ	7
tqueeⁿ	7
moisés	7
nchiiti	7
ˈnaaⁿˈnaˈ	7
ticueeˈ	7
meiⁿquia	7
nntso	7
cwitjeiiˈna	7
quianlˈuaaˈ	7
cˈoom	7
matsa̱ˈntjoom	7
santo	7
laˈxmaⁿnaˈ	7
hasta	7
mañequiaya	7
ntyjiiya	7
ndyuaa	7
ˈnaaⁿna	7
ticaliuˈyoˈ	7
nacjooˈ	6
tsˈomˈ	6
ñˈeⁿñe	6
matsa̱ˈntjomnaˈ	6
ntyjiˈ	6
tquiaa	6
laxmaⁿnaˈ	6
nlcwaˈ	6
tixcwe	6
ñˈoomˈñeeⁿ	6
ˈnaaⁿya	6
jnaaⁿˈ	6
ñomtiuu	6
cwilaˈyuˈya	6
nda̱a̱ya	6
cwiluiindye	6
ñˈeⁿndyo̱	6
macwjiˈ	6
canduˈyoˈ	6
cwilˈana	6
matseixmaaⁿ	6
ntˈomndyoˈ	6
apolos	6
tyˈioom	6
tsˈoomˈnaaⁿ	6
sˈaa	6
quiooˈ	6
nacje	6
chaˈtsondyena	6
xqueⁿ	6
xqueeⁿ	6
tia	5
nñequiaaⁿ	5
natia	5
tilˈaˈyoˈ	5
nnco̱	5
nˈiaaⁿ	5
we	5
ndiiˈ	5
tqueⁿ	5
cˈo̱o̱ⁿya	5
matseiyuˈya	5
matseitiuu	5
machˈeenaˈ	5
nncjaaweeˈ	5
quiiˈntaaⁿ	5
ˈnaⁿˈ	5
matseiljeiya	5
neiⁿya	5
nncwantjo̱ⁿya	5
tijoom	5
xueeˈ	5
mˈaⁿna	5
sˈaaⁿ	5
tsjaaⁿ	5
mateijndeiinaˈ	5
nncwjeeˈnndaˈ	5
seitsˈoomndyo̱	5
nquiee	5
ndaaljoˈ	5
nnˈaⁿˈyoˈ	5
cwilue	5
ticatsonaˈ	5
tyootseiyuˈ	5
saaˈ	5
cˈomna	5
cwilaˈtˈmaaⁿˈndyena	5
tˈmaⁿti	4
neiⁿˈyoˈ	4
matseijndaaˈñe	4
quiaˈyoˈ	4
matso	4
no̱o̱ⁿ	4
catsaˈ	4
seijndaaˈñe	4
laˈxmaⁿna	4
macheˈ	4
cˈoomˈ	4
tsˈiaaⁿˈndyo	4
tsˈiaaⁿmeiⁿˈ	4
maqueⁿ	4
calaˈtˈmaaⁿˈndyoˈ	4
chaˈtsondye	4
calaˈno̱ⁿˈyoˈ	4
nluiˈnˈmaaⁿndyo̱	4
jndaaˈ	4
xˈiaˈ	4
meiⁿnquia	4
matseitˈmaaⁿˈñê	4
nnˈaⁿˈ	4
nntseiˈndaaˈnaˈ	4
nnˈaaⁿya	4
tityeⁿ	4
teiljeiinaˈ	4
cwicantyjaaˈ	4
tso	4
macwjiˈnˈmaaⁿñê	4
nñequiaya	4
jerusalén	4
nayaˈñeeⁿ	4
cwiñequia	4
xmaⁿndye	4
apóstoles	4
cwindyeˈntjom	4
wantyˈiuuˈ	4
cwitjo̱o̱cheⁿ	4
nda̱a̱na	4
cwitjeiiˈ	4
nda	4
titˈmaⁿ	4
tuii	4
queeⁿ	4
matseineiⁿ	4
maluaaˈ	4
ˈnaaⁿyâ	4
manomˈ	4
wˈaa	4
tyochˈee	4
cwentaaya	4
cheⁿncjoˈyoˈ	4
seiiⁿˈeⁿ	4
tyooˈ	4
caljoya	4
seiiˈyoˈ	4
scuuˈ	4
scuˈ	4
tˈmaaⁿ	4
mandiˈntjomtyeⁿ	4
cwiwilˈueeˈndye	4
seii	4
maniom	4
seiˈñeeⁿ	4
ntˈomndye	4
cateijndeiinaˈ	4
ñecuaa	3
cjooˈ	3
chjooˈ	3
tjoomˈ	3
nnjoom	3
calaˈjnda̱ˈyoˈ	3
nntsaˈ	3
cwitsa̱ˈntjom	3
cwindyeˈntjomna	3
najndyee	3
ticalˈue	3
matseicaña̱a̱ⁿ	3
ljeiiˈñeeⁿ	3
cwilajomndyo̱	3
catsˈaa	3
catoˈñoomˈyoˈ	3
cwilayuˈya	3
xcwe	3
tando̱o̱ˈa	3
cwentaa	3
nncuˈxeeⁿ	3
mawaa	3
ncˈiaaya	3
niom	3
matseiˈndaaˈnaˈ	3
tueˈ	3
nncjuˈnaaⁿñenaˈ	3
nlˈaaya	3
nncˈo̱o̱ⁿya	3
ticˈo̱o̱ⁿya	3
mandiˈntjom	3
ljuˈ	3
matseiˈyuˈ	3
laxmaaⁿya	3
ntyjeeⁿ	3
nlaˈtˈmaaⁿˈndyoˈ	3
jñoom	3
welooya	3
mˈmo̱ⁿnaˈ	3
chaˈtsondyoˈ	3
laxmaⁿˈyoˈ	3
mandiˈntjo̱ⁿya	3
nlˈa	3
mañequia	3
cwilayuˈ	3
calajomndyoˈ	3
amén	3
cateijndeiˈyoˈ	3
cwitjomndye	3
tsaⁿ	3
xcweeˈ	3
cwitˈmo̱o̱ⁿ	3
nquieena	3
satanás	3
cwilˈaayâ	3
matseicwanoom	3
waⁿˈaⁿ	3
sˈom	3
nlaˈyuˈna	3
tjacantyja	3
apóstol	3
maqueⁿño̱o̱ⁿ	3
yocheⁿ	3
waaˈ	3
ñeˈcatsjo̱o̱	3
matseijomndyo̱	3
pedro	3
nquiuna	3
ndooˈ	3
tquiaaⁿ	3
tijndyendyoˈ	3
macwjiiˈñê	3
cheⁿnquii	3
cwilaˈneiⁿ	3
xjeⁿˈñeeⁿ	3
teilˈueeˈñê	3
cwilana̱a̱ⁿyâ	3
nˈo̱o̱ⁿyâ	3
meiⁿjom	3
majndeiiticheⁿ	3
nntseiˈno̱ⁿˈ	3
cwitoˈño̱o̱ⁿya	3
cwiluiindyô̱	3
matseicandaaˈ	3
meiⁿchjoo	3
macwjeeⁿˈeⁿ	3
tsjoomnancuewaañe	3
cañoomˈluee	3
catjeiˈyoˈ	3
cwitjeiˈyoˈ	3
ángeles	3
cwiljoya	3
pascua	3
cartaˈñeeⁿ	3
tilajomndyoˈ	3
tyoolaˈyuˈ	3
nntuˈxeⁿˈyoˈ	3
nawiˈ	3
naⁿnom	3
tichaˈtso	3
nncˈoom	3
seiiˈa	3
laxmaⁿna	3
watsˈom	3
quiiˈ	3
maqueⁿnaˈ	3
tmaˈcoˈ	3
nomjnda	3
cachjoo	3
ñjom	3
cwitquiina	3
ñelˈa	3
naⁿjndii	3
cwindyeˈntjomˈyoˈ	2
matseitjo̱o̱naˈ	2
maqueeⁿ	2
cataⁿˈyoˈ	2
neiiⁿ	2
tintsˈaanaˈ	2
jndo̱ˈti	2
nlˈaˈyoˈ	2
tiaˈ	2
cwilaˈtjo̱o̱ndye	2
jndooˈ	2
quiaaˈ	2
nlcwaaⁿˈaⁿ	2
ndaa	2
jnaaⁿˈaⁿ	2
ñˈeⁿndyuˈ	2
ticatsa̱ˈntjomnaˈ	2
nquiaⁿˈaⁿ	2
ljoˈcheⁿ	2
cateiˈjndeiina	2
cwiluiindyena	2
calaˈcanda̱ˈyoˈ	2
macweˈ	2
cwitaˈntjomna	2
tyuaa	2
cwiqueⁿ	2
xˈiaaˈ	2
sa̱ˈntjom	2
mˈaaⁿnaˈ	2
lˈo̱	2
naxuee	2
luaaˈndyo	2
liaa	2
nlqueⁿnaˈ	2
cwicwaˈna	2
cwiluiindyuˈ	2
wandoˈ	2
nncueˈ	2
cwiwja̱a̱ya	2
mancˈe	2
tueeⁿˈeⁿ	2
nntseixmaaⁿ	2
tja̱	2
chaˈtsondyo̱	2
no̱o̱ⁿya	2
nlaˈtˈmaaⁿˈndyena	2
cwiindyo̱	2
nntseitjo̱o̱ñe	2
matseiyuˈa	2
tiljuˈ	2
tomti	2
matyˈiomyanaˈ	2
ndiaˈ	2
cwilaˈyuuˈa	2
tinlquiˈ	2
neiiⁿˈ	2
tyeⁿ	2
cwilaˈyuˈna	2
nncˈoonajnda̱na	2
salmos	2
ñˈoomwiˈ	2
nluii	2
isaías	2
cwilaˈxmaⁿˈyoˈ	2
cwilaˈno̱ⁿˈyaˈyoˈ	2
mañequiaanaˈ	2
laaˈtiˈ	2
seicanda̱a̱ˈndyo̱	2
macwjiˈnˈmaaⁿñe	2
tyotsˈaa	2
tyoñequiaya	2
ñejndye	2
ˈndyoo	2
ticaⁿnaˈ	2
nncwino̱o̱ⁿya	2
españa	2
cwantindyo	2
nnteijndeiˈyoˈ	2
acaya	2
matyˈiomnaˈ	2
ljo	2
queⁿndyoˈ	2
nntoˈñoomna	2
cwentaana	2
nomnnˈaaⁿya	2
tsjoom	2
ntmaaⁿˈ	2
maljoyu	2
ñetˈo̱o̱ⁿya	2
matseijomñê	2
teitquiooˈ	2
nnˈaaⁿˈ	2
ntyjeeˈyoˈ	2
ticwii	2
catjeiˈndyoˈ	2
caˈnaaⁿˈ	2
neiⁿncooˈ	2
timoteo	2
maja	2
cartawaañe	2
matseicwanom	2
gayo	2
quiaaⁿ	2
cwiluiˈnˈmaaⁿndye	2
cantyjati	2
tqueeⁿˈñê	2
tsotya̱a̱ya	2
cwicanda̱a̱	2
nleitquiooˈ	2
manquiityeeⁿ	2
ñˈeeⁿˈndyoˈ	2
cwinduˈyoˈ	2
cwentaˈyoˈ	2
xueeya	2
añmaaⁿ	2
matseicandii	2
cwilaˈno̱ⁿˈna	2
ticajnda	2
cwiñequiaayâ	2
cje	2
maˈmaⁿ	2
tyandye	2
tijndo̱ˈ	2
catseijnaaⁿˈnaˈ	2
nmeiiⁿˈ	2
chaˈ	2
seijndaaˈñê	2
nntoˈño̱o̱ⁿya	2
matseiˈno̱ⁿˈ	2
cwiwilˈueeˈndyô̱	2
maˈmo̱ⁿ	2
nda̱a̱yâ	2
cwitˈmo̱o̱ⁿyâ	2
tilˈue	2
nntseina̱ⁿya	2
tileicanda̱a̱	2
tileicalaˈno̱ⁿˈyoˈ	2
jndeiˈtinaˈ	2
cwilaˈntjaˈndyoˈ	2
cwindya̱ˈntjo̱o̱ⁿyâ	2
ntjom	2
cwilaˈxmaaⁿyâ	2
tsiaⁿtsjo̱ˈ	2
tiñeˈcwii	2
cwiluiinaˈ	2
nleitquiooˈya	2
chom	2
nntjoom	2
nntseijomnaˈ	2
nntˈuii	2
cwitando̱o̱ˈa	2
cheⁿnnco̱	2
ticaˈmo̱ⁿnaˈ	2
tintjeiˈyoˈ	2
tincwinomˈyoˈ	2
cwaaⁿ	2
matseiˈxmaⁿˈ	2
jndaˈ	2
toom	2
cwitjeiˈ	2
wˈaaya	2
cwitaaⁿyâ	2
cwilaˈquii	2
quitsˈaaya	2
tyuaaˈ	2
nncjo̱cando̱o̱ˈa	2
nljeiya	2
cwilaˈcanda̱a̱ˈndyoˈ	2
cwitjomndyoˈ	2
tsqueeⁿtyooˈ	2
chaˈtsoñˈeⁿ	2
tquie	2
tjaquieeˈ	2
cwilˈaaya	2
mˈaⁿya	2
ñeˈcatsjo̱o̱ya	2
ncˈiaana	2
ntjeiiˈna	2
laxmaⁿ	2
ncjoˈyoˈ	2
cwiqueⁿˈyoˈ	2
cwa	2
nlaˈjndaaˈndyoˈ	2
matˈuiinaˈ	2
maleichuunaˈ	2
cwilaˈtjo̱o̱ndyoˈ	2
xuiiˈ	2
ñˈoomwaañe	2
tqueⁿndyo̱	2
tsiaaˈ	2
seiiˈ	2
ticatyˈiomnaˈ	2
matseitjoomˈñe	2
jndeii	2
maleinom	2
seijnda	2
ndyaˈ	2
mawˈo̱	2
titseixmaaⁿ	2
nntseintycwiiˈñê	2
tyooˈunco	2
yolcu	2
ñenquieena	2
ncoconnaaⁿˈaⁿ	2
tintseityuiiˈ	2
caluii	2
tocoom	2
jndeiˈnaˈ	2
caljooˈñe	2
ntyjiˈyuˈ	2
jndati	2
quichˈeenaˈ	2
macwjiiˈa	2
jnaⁿˈ	2
nntquieˈyoˈ	2
nantquieˈñeeⁿ	2
cwicwaaˈa	2
macwaˈa	2
quiooˈndyo	2
nñequiaˈyoˈ	2
cwilaˈcwjeena	2
tio	2
nncwantjo̱ⁿ	2
majndyeti	2
ticˈomna	2
nluiˈnˈmaaⁿndyena	2
cjooˈyaya	2
tyootsˈaa	2
teinomna	2
tja̱na	2
waso	2
cwiñequiana	2
nncweˈyoˈ	2
nlcwaˈyoˈ	2
njomˈ	2
nlquiˈ	2
tseixmaaⁿ	2
caseii	2
cañjom	2
mayoˈcheⁿˈyoˈ	1
cwilˈaˈyaˈyoˈ	1
catseiqueeⁿnaˈ	1
jndooˈyoˈ	1
ñeⁿnquii	1
ntseinda	1
caluiindye	1
catseitˈmaaⁿˈñe	1
tilaˈnchqueeⁿˈndyoˈ	1
nndaˈyoˈ	1
majuˈwiˈnaˈ	1
cˈomˈtˈmaaⁿˈndyoˈ	1
calaneiⁿˈyoˈ	1
cwileiñˈomˈyoˈ	1
cateiˈxˈeeˈyoˈ	1
cwiquieya	1
matseita̱a̱ˈ	1
nlcweˈ	1
catioˈnaaⁿñê	1
cwintyˈiaˈyoˈ	1
cwitjoomna	1
matseichjooˈnaˈ	1
tincˈomˈyoˈ	1
sˈandyoˈ	1
lcundyoˈ	1
catsañˈoomndyoˈ	1
ntyˈiaandye	1
nlaˈxmaⁿˈyoˈ	1
nnˈaⁿndyoˈ	1
tacalaˈntjaˈndyoˈ	1
tincjuˈnaaⁿñenaˈ	1
nlˈueeˈndye	1
canjoom	1
quiandyoˈ	1
nntioomndye	1
ñejnoomˈm	1
ñecˈom	1
nncˈom	1
tiñeˈquiaandyuˈ	1
nnaⁿndyenaˈ	1
canaⁿndyuˈ	1
cjuˈñecje	1
wjaa	1
nacjoo	1
mawjaa	1
nntˈuiinaˈ	1
nntioomñê	1
tyoocatyˈueeⁿ	1
cwitsa̱ˈntjomna	1
taxocˈoomˈ	1
nlaˈwjeena	1
nncˈomna	1
neiiⁿna	1
tilˈuee	1
cwileinˈomna	1
nquiaˈ	1
ticweˈ	1
sa̱yo	1
cwitaˈwiˈna	1
catˈuii	1
cwileiñˈomna	1
cwitiomˈyoˈ	1
tsˈiaaⁿnda̱a̱ˈyoˈ	1
nlˈana	1
nntseitˈmaaⁿˈndyuˈ	1
nntiomˈyoˈ	1
catiomˈyoˈ	1
meiⁿncwii	1
tinchoˈjnaⁿˈyoˈ	1
choˈjnaⁿˈyoˈ	1
tincˈomˈyaˈ	1
tintseicueˈ	1
tinchˈueeˈ	1
tintseiqueeⁿ	1
cwilaˈxˈiaaˈndye	1
ñˈoomwaa	1
tyjetsˈaⁿndyuˈ	1
tsˈomndyuˈ	1
cheⁿncuˈ	1
tyjetsˈaⁿñe	1
xocatsˈaa	1
wiˈñe	1
ntyjennˈaⁿñe	1
matseicanda̱ñˈeeⁿ	1
tiempo	1
cwindaˈyoˈ	1
calcwiˈyoˈ	1
mandyooˈti	1
jlayuuˈjndya̱a̱	1
cwitsaamˈaaⁿya	1
natsjom	1
wjaawinomnaˈ	1
wjaawindyooˈti	1
caˈndya̱a̱	1
najaaⁿ	1
calˈueeˈndyo̱	1
cwicwaˈjndooˈndyo̱	1
cwicandya̱a̱ya	1
cˈo̱o̱ⁿ	1
tacˈo̱o̱ⁿya	1
cwilaˈntjaˈndyo̱	1
talaˈta̱a̱ˈ	1
wandyo̱ˈ	1
cweeˈyoˈ	1
macwee	1
tañeˈquiandyoˈ	1
neiⁿnco	1
nnto̱ˈyoˈ	1
nlaˈñˈeeⁿˈndyueˈyoˈ	1
calˈuu	1
tsco	1
tintsˈaa	1
tincwjaaˈndyuˈ	1
macoˈñom	1
matseiˈncjooˈndyuˈ	1
nljoñeya	1
cwilaˈtiuu	1
cˈoomˈtyeⁿ	1
ñˈoomˈwaaˈ	1
matseitˈmaaⁿˈñe	1
macwaaⁿˈaⁿ	1
ncwja̱a̱ya	1
nncwja̱a̱ya	1
tandoˈxcoom	1
queⁿnaˈ	1
taˈndoˈ	1
xjeⁿto	1
ñeˈcuˈxeⁿˈ	1
nncwino̱o̱ⁿ	1
wando̱ˈa	1
nntaˈna	1
cantyena	1
nñequiaaya	1
tacatsonaˈ	1
nntio̱ˈñˈo̱o̱ⁿya	1
nntseicwachuuˈñenaˈ	1
mˈaaⁿˈtyeⁿ	1
tiljuˈnaˈ	1
ticˈoomˈ	1
tantsaˈ	1
tiñeˈquiaˈyoˈ	1
nlaneiⁿ	1
tijoˈndyo	1
nacjoˈyoˈ	1
waanaˈ	1
nleijndaaˈ	1
nntquia̱a̱ya	1
nncwa̱a̱ya	1
neiiⁿya	1
cwijaaweeˈ	1
tsantyjo̱o̱ya	1
ticalˈua̱a̱	1
nnteijndeiindyo̱	1
ntyja̱a̱	1
nntsanajnda̱a̱ya	1
tintseityuiˈ	1
matseixmaⁿˈ	1
tincˈuaˈ	1
winom	1
tintsaˈ	1
nntseilcweˈtyaˈnaˈ	1
nntseiquioonaˈ	1
cˈoomˈtyeⁿˈ	1
meiiⁿcwii	1
macoˈtiaˈnaˈ	1
tijndaaˈya	1
nntsˈaayuunaˈ	1
ticaljeiiyaaⁿ	1
laˈxmaaⁿya	1
cacho̱o̱ya	1
cateijndeii	1
cwijndo̱o̱ˈa	1
ncjo̱o̱ya	1
calˈaaya	1
tîcatsˈaaⁿ	1
cjaaweeˈ	1
tjoom	1
libro	1
tyotueeˈ	1
nnˈa	1
nacjoˈ	1
tyˈoomnaˈ	1
tandyo	1
caˈmo̱ⁿnaˈ	1
nntsaantyjo̱o̱ya	1
nncˈo̱o̱ⁿtˈmaaⁿˈndyo̱	1
nntyjaaˈ	1
cateijneiⁿ	1
chaˈtsondyoˈñˈeⁿˈyoˈ	1
jndyeeˈyoˈ	1
tsotye	1
macoˈñoom	1
nluiitˈmaⁿñe	1
jndyondiˈntjoom	1
nntseicanda̱a̱ˈñê	1
mayomˈm	1
jndyo	1
nntseitˈmaaⁿˈndyo̱	1
nntaya	1
luantsa	1
nntseitˈmaaⁿˈñenaˈ	1
nchˈiooˈ	1
isaí	1
nndeiˈ	1
tsˈoomˈndaa	1
nntseiwenaˈ	1
nntsa̱ˈntjoom	1
nlaˈcantyjaaˈ	1
macaⁿˈa	1
nlaˈxmaⁿñˈeⁿˈyoˈ	1
nncˈomˈyoˈ	1
tjañomtiuu	1
cwilayuˈyoˈ	1
nntseicwaljooˈtinaˈ	1
matseiˈno̱ⁿˈa	1
cwilayuuˈa	1
nntˈmo̱ⁿˈyoˈ	1
tiˈmaaⁿˈ	1
cartawaa	1
mˈaⁿˈ	1
tintsuuˈ	1
xuu	1
majuˈnaˈ	1
nacjoya	1
catsˈaaya	1
majoˈ	1
cwilaˈljo	1
ofrenda	1
nncoˈñoom	1
ljoomˈm	1
ticatsˈaanaˈ	1
nncwjiiˈa	1
cwanti	1
ñeteilˈueeˈñê	1
nlaˈcanda̱a̱ˈndyena	1
ñetantjo̱ⁿya	1
ñˈomˈndyo̱ya	1
ñentyˈiaana	1
tyomˈaaⁿya	1
quiiˈntaaⁿna	1
ntyja	1
tueˈñoomnaˈ	1
ilírico	1
tyotseijndo̱	1
cwiluiˈnˈmaaⁿndyena	1
to̱ˈ	1
nntseicañjo̱o̱ⁿˈa	1
tsoom	1
ñentyˈiaa	1
nndyena	1
ˈnaaⁿˈa	1
nlaˈno̱ⁿˈna	1
tyotseicuˈnaˈ	1
nncua̱caño̱o̱ⁿya	1
roma	1
nñˈa̱ⁿ	1
ñjaaⁿ	1
majndye	1
ndyu	1
matseiqueeⁿnaˈ	1
ñeˈcjo̱cando̱o̱ˈa	1
matseitiuuya	1
nncjo̱ya	1
tquiaanaˈ	1
mamˈaaⁿtjo̱o̱ⁿya	1
mancjoˈtiˈyoˈ	1
nncjo̱	1
ncjo̱tya̱	1
jo̱jndya̱a̱ya	1
jo̱nˈo̱ⁿya	1
macedonia	1
jlaˈtjomna	1
tsjo̱ˈñjeeⁿ	1
nlaˈcwanomna	1
mateiˈjndeiinaˈ	1
jñeeⁿˈndye	1
jlaˈtiuuna	1
jndíos	1
calˈana	1
choˈjnaⁿna	1
cwicandaana	1
cwicaluiˈnˈmaaⁿndyena	1
tsjo̱ˈñjeeⁿˈñeeⁿ	1
lueena	1
jo̱	1
ntyjiiyaya	1
nncua̱ya	1
nntioˈnaaⁿñe	1
taya	1
nlana̱a̱ⁿya	1
luee	1
tsˈo̱ndaa	1
judea	1
tiñeˈcalaˈyuˈ	1
jo̱ñˈo̱ⁿ	1
nncueˈcaño̱o̱ⁿya	1
nntyˈiaya	1
jndaaˈjom	1
nncwajndya̱ya	1
cwicˈo̱o̱ⁿya	1
cˈoomñê	1
febe	1
mandiˈntjoom	1
cencrea	1
calˈaa	1
cateiˈjndeiˈyoˈ	1
ñeteijneiⁿ	1
priscila	1
tiˈaquila	1
cwilaˈjomndyena	1
seiteincuuˈñenaˈ	1
caluiˈnˈmaaⁿndyo̱	1
wˈaana	1
epeneto	1
seiyuˈ	1
maría	1
andrónico	1
junias	1
wˈaancjo	1
tyuaaˈti	1
jlaˈyuˈna	1
tiˈxˈiaya	1
amplias	1
xmaⁿñê	1
urbano	1
estaquis	1
apeles	1
aristóbulo	1
herodión	1
mañeˈcwii	1
narciso	1
trifena	1
trifosa	1
nomnnˈaⁿya	1
pérsida	1
maqueⁿñê	1
rufo	1
tsoñeeⁿ	1
tsondyo̱	1
asíncrito	1
flegonte	1
hermas	1
patrobas	1
hermes	1
filólogo	1
julia	1
nereo	1
nomtyjeeⁿ	1
olimpas	1
cwitaⁿˈyoˈ	1
lueeˈyoˈ	1
ndyuaameiiⁿ	1
cwilaˈcwanomna	1
tyˈoo	1
cwito̱ⁿˈndye	1
mˈaⁿnaˈ	1
tˈmo̱o̱ⁿyâ	1
ticalaˈxmaⁿna	1
ticatueeˈndyecjena	1
cwijndooˈna	1
cwilaˈneiⁿna	1
cwinquioˈnnˈaⁿnaˈ	1
cwilaˈno̱ⁿˈ	1
tˈom	1
cwitueˈndyoˈcjeˈyoˈ	1
cˈomˈcˈeendyoˈ	1
majoˈndyoˈ	1
nlˈaˈyoˈyoˈ	1
tisˈa	1
nntseicachquiaañenaˈ	1
nacjeeˈ	1
ncˈeeˈyoˈ	1
cˈomnaˈ	1
lucio	1
jasón	1
sosípater	1
mañecwii	1
ñˈeⁿndye	1
cwilacwanomna	1
tercio	1
matseicwano̱ⁿ	1
mateixˈeeⁿ	1
mañjaaⁿ	1
erasto	1
tsaⁿcoñom	1
tsjoomwaa	1
cuarto	1
cwilaˈtˈmaaⁿˈndyo̱	1
najneiⁿ	1
nncˈomˈjnda̱ˈtiˈyoˈ	1
maˈmo̱o̱ⁿya	1
tyomˈaaⁿnaˈ	1
ncuaa	1
cwiwitquiooˈ	1
xcweyanaˈ	1
tyolaˈneiⁿ	1
profetas	1
tyondyeˈntjom	1
tyotsa̱ˈntjom	1
ticantycwii	1
waantyˈiuuˈñeeⁿ	1
seicano̱o̱ⁿ	1
nlaˈcanda̱na	1
ñecwiiñê	1
ñecwiitco	1
caluiitˈmaⁿñê	1
sóstenes	1
matseicwano̱ⁿya	1
nda̱a̱ˈ	1
corinto	1
meiⁿquiayuucheⁿ	1
cwilcwiiˈna	1
catioˈnaaⁿndyena	1
quiana	1
ticˈomˈyoˈ	1
cwitoˈñoomˈyoˈ	1
matseitjoomˈnaˈ	1
cwilaˈteincoˈyoˈ	1
titseitjo̱o̱naˈ	1
cwimeiⁿndoˈyoˈ	1
nncueeˈ	1
wjaañequiaaⁿ	1
najnda̱ˈyoˈ	1
cwindyeˈntjomˈtyeⁿˈyoˈ	1
wjaachˈeeⁿ	1
nncueˈntyjo̱	1
nntuˈxeⁿndye	1
tatjaaˈnaⁿ	1
cwicwilaˈxmaⁿˈyoˈ	1
tjoomˈm	1
cjoomˈm	1
jnaaⁿ	1
matseityˈoondyo̱	1
tancˈomˈyoˈ	1
meiⁿto̱ⁿˈ	1
ñecwiixjeⁿ	1
cloé	1
jluena	1
mˈaⁿntiaaˈndyoˈ	1
ntsˈaacheⁿnaˈ	1
mato̱ⁿˈñe	1
teitsˈoomndyoˈ	1
crispo	1
macjaañjoomˈ	1
estéfanas	1
tileicjaañjoomˈti	1
tyˈiom	1
catseitsˈoomndyo̱	1
catseicandiiya	1
añmaaⁿna	1
ntsˈaaya	1
cwiˈootsuundye	1
ticajndanaˈ	1
matsaacaluiˈnˈmaaⁿndyo̱	1
catyuiiˈ	1
lˈueñe	1
matseiˈnaaⁿˈ	1
matseitjoomˈ	1
seiˈno̱o̱ⁿˈo̱ⁿ	1
tixocataˈjnaaⁿˈna	1
majaaweeˈ	1
nncwjiˈnˈmaaⁿñê	1
cwitaⁿna	1
nntyˈiaanda̱a̱na	1
tixocaluiinaˈ	1
cwilˈueeˈndyena	1
nntseijndo̱ˈtinaˈ	1
tijneiⁿ	1
tjom	1
jndeiityeeⁿ	1
najnda̱	1
queⁿˈyoˈ	1
tuiindyoˈ	1
macwjiiˈñe	1
cantseijnaaⁿˈnaˈ	1
lˈuendye	1
ticjaaquieeˈ	1
tincwjiˈsˈañe	1
tincwjiˈscuñe	1
cwicandaˈyoˈ	1
cwiluiˈnˈmaaⁿndyoˈ	1
ñeˈcatseisˈaañe	1
cwjiˈsˈaaⁿ	1
tua̱caño̱o̱ⁿya	1
ticaliu	1
seina̱ⁿya	1
tyomˈaaⁿˈ	1
tijndo̱	1
tyoteindyo̱	1
tyocatˈua̱	1
nncjaacañjoomˈ	1
seina̱ⁿ	1
tquiooˈ	1
cˈoomnaˈ	1
jndo̱	1
titseijomnaˈ	1
wjaantycwii	1
teiyoticheⁿ	1
tyomˈaaⁿ	1
tyooweˈntyjo̱	1
caliu	1
nlqueeⁿ	1
tîcalaˈno̱ⁿˈna	1
jlaˈno̱ⁿˈna	1
tîxocatyˈioomna	1
tjoomna	1
tyoontyˈiaa	1
tyoondyena	1
nncˈoomˈ	1
tˈmo̱o̱ⁿ	1
ñˈoommeiiⁿ	1
malˈuetcuuñê	1
tyootoˈño̱o̱ⁿya	1
tyoolaˈxmaⁿna	1
nlaˈno̱o̱ⁿˈa	1
cweˈyu	1
cwicandaaya	1
ticaluiiñe	1
titseiñˈoomˈñe	1
manda̱	1
seiˈno̱ⁿˈ	1
nntseijndo̱ˈ	1
tîcanda̱a̱	1
tcaⁿnaˈ	1
yonchˈuu	1
yoˈndaa	1
nntquiina	1
ndaatsuuˈ	1
tsondyeena	1
cwiwena	1
tyooquiee	1
ndicwaⁿ	1
cwilaˈta̱a̱ˈ	1
matseichuiiˈnaˈ	1
jlaˈyuˈyoˈ	1
cwiindyô̱	1
ñelˈaayâ	1
tjaanajndeii	1
wjaanajndeii	1
nntiomlˈuaaⁿ	1
ñejndiˈntjom	1
cwilajomndyô̱	1
tyuaaⁿˈaⁿ	1
luañetquiee	1
maqua̱ⁿ	1
matseicanda̱a̱ˈñe	1
queⁿñe	1
nlqueⁿndyo̱	1
tsˈiaaⁿtsjo̱ˈ	1
cwileilˈueeˈndye	1
tsiaⁿtsjo̱ˈñeeⁿ	1
xcweeˈya	1
cajaⁿ	1
ljo̱ˈ	1
tixcweeˈ	1
nˈoom	1
neiiⁿˈjnda̱	1
nˈoomljootoˈ	1
nncuˈxeⁿ	1
xueeˈñeeⁿ	1
nncuaa	1
mˈmo̱o̱ⁿnaˈ	1
tilco	1
nloˈñoom	1
ñesˈaaⁿ	1
nlco	1
nntsuuñê	1
nluiˈnˈmaaⁿñê	1
ñetomti	1
ncˈuaaˈ	1
jluiiˈñê	1
nntseityuiiˈ	1
nntseityueeⁿˈeⁿ	1
mancjoˈyoˈ	1
wˈaaˈñeeⁿ	1
meiⁿcwiindyoˈ	1
tinquiuˈnnˈaⁿñe	1
tsjoomanancue	1
mayuuˈcheⁿ	1
ntjeiⁿ	1
mañejuu	1
catsa̱ˈntjoom	1
mantyjeeⁿ	1
tintjeiˈsˈandyoˈ	1
majndaaˈ	1
cwilajomndyoˈ	1
chaˈtsondyô̱	1
cwitsaaquia̱a̱ˈa	1
cwiwino̱o̱ⁿya	1
wjaaweˈcañoomnaˈ	1
cwilaˈxmaⁿnaˈ	1
tyomˈaⁿnaˈ	1
cwitquiooˈ	1
matseicanda̱	1
ticwjaaˈndyo̱	1
ticuˈxa̱ⁿ	1
matseitjo̱o̱ndyo̱	1
jnaⁿya	1
cwilaˈjndaaˈndyena	1
nñequiaa	1
matseina̱ⁿya	1
nntsaalaˈno̱ⁿˈyoˈ	1
tincwjiˈsˈaaⁿ	1
ticwentyjo̱	1
jndandyuˈtiˈ	1
matseisˈandyuˈ	1
tiyuuˈ	1
macaⁿtinaˈ	1
ticañˈa̱a̱ⁿyâ̱	1
nlaˈjomndyô̱	1
wantyˈiaaˈndyo̱tya̱a̱yâ	1
teijndaaˈ	1
nncwje	1
jndooˈcheⁿ	1
nntyˈiaa	1
laˈxmaaⁿyâ	1
ntjeiⁿndye	1
tileicjaanjoomˈ	1
cwijaanjoomˈ	1
nntquia̱a̱yâ	1
nncwa̱a̱yâ	1
nlcwa̱a̱ˈâ	1
cwicacho̱o̱ˈâ	1
cwiwijndyaayâ	1
cwitioo	1
cjooyâ	1
catioˈnaaⁿñe	1
cwileintyjo̱na	1
ñˈom	1
ta̱a̱ˈ	1
nacjooyâ	1
cwilaˈjoomˈna	1
toˈ	1
cwitˈo̱o̱yâ	1
catseijnaaⁿˈna	1
nntseijndo̱ˈnaˈ	1
ntseindaaya	1
qui	1
cwitˈmo̱o̱ⁿna	1
tijndye	1
lotyeˈyoˈ	1
tsotyeˈyoˈ	1
matseijndo̱ˈa	1
majño̱o̱ⁿya	1
jndaaya	1
nncjaañjoomˈ	1
jo̱mˈaaⁿ	1
maˈmo̱o̱ⁿ	1
ñˈeeⁿndyoˈ	1
cwilasˈandyoˈ	1
tixocjo̱ntyˈianndaˈa	1
cwilaˈsˈandyena	1
xocwitquiooˈ	1
nlˈue	1
nntseitiaˈa	1
mañˈoom	1
tsondyee	1
tyoolaˈtˈmaaⁿˈndye	1
tiquilˈana	1
tatiato	1
ticˈo̱o̱ⁿndyo̱	1
tuˈxa̱ⁿya	1
nncˈoomnaˈ	1
catioˈyoˈ	1
cwiˈndaaˈ	1
nluiˈnˈmaaⁿñe	1
ñechjoowiˈ	1
matseicandeiiˈnaˈ	1
chaˈwaa	1
tuiinaˈ	1
xco	1
cwicwaˈ	1
tyooˈñeeⁿ	1
catsmaⁿ	1
chjoo	1
jlaˈcueeˈ	1
calajomndyo̱	1
mayuuˈa	1
nlajomndyo̱	1
pascuaˈñeeⁿ	1
quieˈ	1
tsjo̱o̱ya	1
catjeiˈndyoˈñˈeⁿˈyoˈ	1
mˈaⁿyana	1
cwilaˈqueeⁿ	1
cwinquioˈnnˈaⁿna	1
nlcaⁿnaˈ	1
caluiˈyoˈ	1
mˈaaⁿyaaⁿ	1
luaaˈndyoˈ	1
cantuñê	1
candii	1
machˈueeⁿ	1
titseixmaⁿya	1
nncuˈxa̱ⁿya	1
jnaⁿˈñeeⁿ	1
maleinˈoomnaˈ	1
jwe	1
nntuˈxeⁿna	1
tsjoomancue	1
nntuˈxa̱a̱ⁿya	1
ticjaañjoomˈ	1
catyˈiomˈyoˈ	1
catuˈxeⁿna	1
oˈ	1
nntsˈaacheⁿnaˈ	1
meiⁿñecwii	1
nntseijndaaˈñê	1
cwituˈxeⁿ	1
cwintyˈueena	1
mancjoondyoˈ	1
cwitaˈwiˈyoˈ	1
cwintyˈueeˈyoˈ	1
cwiñequiandye	1
ticalaxmaⁿna	1
tiñeˈquioˈnnˈaⁿndyoˈ	1
cwitjomndyeyana	1
tyooˈuncona	1
tixocalaˈxmaⁿna	1
ntyjenom	1
cwintyˈuee	1
naⁿcandyee	1
cwitioñˈoom	1
cwinquioˈnnˈaⁿ	1
ñejlaˈxmaⁿˈyoˈ	1
nlaˈyuˈyoˈ	1
tmaⁿndyoˈ	1
meiⁿljoˈcheⁿ	1
nndyuenaˈ	1
wandoˈxco	1
nntando̱o̱ˈxco̱o̱ya	1
taⁿˈ	1
nntseitjo̱o̱ⁿˈa	1
ticalaˈno̱ⁿˈyoˈ	1
sculjaaˈ	1
wendye	1
matseijomñe	1
ticatˈuii	1
teincuuˈ	1
ticˈomˈyaˈyoˈ	1
ticatˈuiinaˈ	1
matseicwˈaaˈñê	1
ticalaxmaⁿˈyoˈ	1
nñequiandyoˈ	1
nˈomnaˈ	1
jeeⁿcheⁿ	1
cwitaˈxˈeˈyoˈ	1
carta	1
jlaˈcwanomˈyoˈ	1
ticoco	1
cwicˈeeⁿ	1
cocoom	1
wendyena	1
quiandye	1
ntyjeena	1
calaˈcanda̱a̱ˈndyena	1
tintseintycwiiˈñe	1
nlaˈljondyoˈ	1
tˈmaⁿˈyoˈ	1
ñeˈcalaneiⁿˈyoˈ	1
tileicalaˈquii	1
nlaˈtjo̱o̱ndyoˈ	1
ñˈeeⁿ	1
ljondye	1
caljooˈndyena	1
luaañe	1
tileicwiquii	1
cˈuncona	1
caⁿ	1
matseiqueeⁿ	1
ñeˈcˈoom	1
tmaˈcoˈyoˈ	1
ˈndyo̱	1
ticato̱ⁿˈñê	1
maˈñeeⁿ	1
ticwanaaⁿ	1
caljoyaandyenndaˈna	1
tˈuncoˈyoˈ	1
tinto̱ⁿˈñê	1
cwiljooˈñe	1
tintseityueeⁿeⁿ	1
maqueⁿndyo̱o̱	1
nlaˈxmaⁿ	1
ñeˈcatseityueeⁿˈeⁿ	1
ñecuaato	1
caˈñeeⁿ	1
tilˈaaya	1
ticacho̱o̱ya	1
xocatseiˈyuˈ	1
saˈ	1
xocatseiyuˈ	1
mañequiaaya	1
yonom	1
ndana	1
tintseichuiˈ	1
tyooluii	1
tacaⁿnaˈ	1
ticateijndeiinaˈ	1
ˈnaaⁿˈñeeⁿ	1
tjaaⁿˈaⁿ	1
ticaluiinaˈ	1
catseicanda̱	1
tincˈoomˈ	1
nndyaandyuˈ	1
catseiyoomˈm	1
seicandyaaˈñê	1
tiñequiandyoˈ	1
cwindyeˈntjomtyeⁿ	1
tyotseixmaⁿ	1
cwitaˈxˈeeˈyoˈ	1
nlaˈñˈoomˈndyoˈ	1
tiempomeiiⁿ	1
yaticheⁿ	1
teijnoomˈm	1
ticalˈueˈ	1
nluiiñe	1
mmaˈcoˈ	1
yuscundyua	1
ncoco	1
nncˈunco	1
ñeˈcateijndeiya	1
teitsio̱o̱ˈ	1
tˈunco	1
lcuuna	1
sˈaana	1
ncuee	1
cwilajnda	1
cwilaˈxmaⁿ	1
mawjaantycwiinaˈ	1
ncˈomˈyoˈ	1
tiñecwii	1
ndyua	1
tyoococo	1
nñequiandyeñˈeⁿna	1
laˈtˈmaaⁿˈndyena	1
seiina	1
mamˈaaⁿ	1
nncˈuncoˈyoˈ	1
nndyeˈntjomˈyoˈ	1
jnduˈyoˈ	1
jaawinomˈnaˈ	1
ndyuañe	1
tsotyeeⁿ	1
mamatseitiuuˈ	1
nncocotoom	1
xonquiaa	1
nncoco	1
mantyˈiaaˈ	1
ñomcaaˈ	1
matseiljo	1
matˈuiityeⁿnaˈ	1
nljooˈñê	1
ñenqueⁿ	1
mantyjii	1
nncˈo̱ya	1
cwitaˈxeˈyoˈ	1
cwilaˈcwjee	1
wjanˈoomnaˈ	1
sˈandyo̱	1
lcundyo̱	1
nquiuuya	1
tsaanajnda̱a̱ya	1
tyootseiˈno̱ⁿˈ	1
caljeii	1
mawajnaⁿˈaⁿ	1
cwilaˈno̱o̱ⁿˈa	1
cwiluena	1
cwiluiindyenaˈ	1
nda̱a̱naˈ	1
cwitueeˈndyecjena	1
nmeiiⁿ	1
chaˈtsoti	1
cwimˈaⁿnaˈ	1
mandii	1
ñˈa̱a̱ⁿ	1
tichaˈtsondye	1
ljeiiˈnaˈ	1
tyoowijndo̱ˈ	1
tˈaaˈnaˈ	1
cwajndii	1
ticwaaⁿˈaⁿ	1
macjaaweeˈ	1
nnˈaⁿndyo̱tya̱a̱	1
tiannˈaⁿndyo̱tya̱a̱	1
ticwaaˈa	1
calˈandyoˈ	1
titseixmaⁿnaˈ	1
mawacatyeⁿˈ	1
ntyˈiaaⁿˈaⁿ	1
nncˈomtˈmaaⁿˈñe	1
lcwaaⁿˈaⁿ	1
tyˈo̱o̱ˈñeeⁿ	1
cwentaaⁿˈaⁿˈ	1
cwilaˈñˈeeⁿˈndyoˈ	1
cwilaxmaⁿˈyoˈ	1
matseitjo̱o̱ñe	1
tajom	1
cwinlcwaaˈnndaˈa	1
tintseilcweˈtyaˈna	1
ntyˈiano̱o̱ⁿya	1
tyotsˈaaya	1
ticaluiindyo̱	1
matseilcwa̱ˈa	1
nncoˈño̱ⁿ	1
nlcwaaˈa	1
nlcwa̱ya	1
nncjaañˈeⁿ	1
jo̱nquiaya	1
ntyjee	1
bernabé	1
nnteixeˈyoˈ	1
sondaro	1
matseicatsuu	1
macaa	1
lˈo̱o̱	1
uva	1
tiquii	1
ta̱a̱ˈnaˈ	1
mateixˈe	1
canmaⁿ	1
ticˈuu	1
ndaatsuuyoˈ	1
ticalaˈtiuuˈyoˈ	1
majoˈti	1
libroˈñeeⁿ	1
tintjaaˈndyoˈ	1
bosa	1
ndyuee	1
matseindyaa	1
macwjaˈ	1
lqueeⁿ	1
ntyjaaˈ	1
nleilˈueeˈndyena	1
cwiweˈ	1
jno̱o̱ⁿˈâ	1
ntaaⁿˈyoˈ	1
ticwinomˈnaˈ	1
nda̱a̱yoˈ	1
chjoowiˈ	1
ntaaⁿyâ	1
tyoolˈuuyâ	1
cwitjo̱o̱ⁿyâ	1
ticatseitsaaⁿˈñenaˈ	1
tsandyeˈyoˈ	1
manquiuˈyoˈ	1
ntyee	1
cwicandaa	1
cwiwilˈueeˈndyena	1
cwiñeˈquia	1
cwiñeˈquiana	1
tyoocaⁿˈa	1
ncˈio̱	1
tintsuu	1
nayawaañe	1
matseisˈandyo̱	1
tyoocwjiˈsˈandyo̱	1
ntyˈiaaˈndyo̱	1
xeeⁿ	1
ticatseicanda̱ya	1
matyˈioom	1
matseicanda̱a̱ˈndyo̱	1
mawantyjo̱ⁿ	1
chojnaⁿˈyoˈ	1
moso	1
patrom	1
nntseijomndyo̱	1
cwitoˈñoom	1
manquiuˈjndaaˈndyoˈ	1
nleinom	1
cwileinomna	1
nncueeˈjndyee	1
nlaˈtˈmaaⁿˈndye	1
matseijndeii	1
nntseitˈmaaⁿˈñê	1
cjaañjoomˈ	1
cwileinom	1
cwilaˈljondyena	1
nntaˈntjomna	1
cwiwiˈndaaˈnaˈ	1
cwindya̱ˈntjo̱o̱ⁿtya̱a̱ⁿya	1
cwiˈndaaˈnaˈ	1
maleinomto	1
tijndaaˈ	1
wjaayuu	1
cwitueeˈto	1
nndaˈ	1
majuˈcja̱	1
catseicanda̱naˈ	1
matsa̱ˈntjo̱ⁿya	1
tˈmo̱o̱ⁿya	1
ticwjiˈndyo̱naˈ	1
ticwilˈuendyo̱	1
jluiˈ	1
egipto	1
tyotseintyjo̱	1
ncwaaⁿˈ	1
nchquiu	1
nacjoona	1
ndaaluee	1
wee	1
teitsˈoomndyena	1
seitjoomˈnaˈ	1
tyotseintyjo̱naˈ	1
nchquiuˈñeeⁿ	1
cjoona	1
ndaalueeˈñeeⁿ	1
tyocwaˈna	1
maná	1
jnaⁿnaˈ	1
tyowena	1
ndaatioo	1
tyocaluiˈnaˈ	1
tsjo̱ˈ	1
ñˈeⁿnaˈ	1
tsjo̱ˈñeeⁿ	1
tyomˈaⁿna	1
majndyendyetina	1
ticjaaweeˈ	1
tîcalˈana	1
jndyendyena	1
tja	1
tyotjoomna	1
tilaˈqueeⁿ	1
tyolaˈqueeⁿ	1
tilaˈtˈmaaⁿˈndyoˈ	1
tyˈewindyuaandye	1
nncwe	1
teicantyjana	1
lˈana	1
ticˈom	1
tancˈo̱o̱ⁿya	1
tyolˈa	1
ntquiuu	1
nchooˈ	1
ndyee	1
meiⁿndyena	1
tacalˈaaya	1
tquii	1
canduu	1
tilancjooˈndyoˈ	1
ángel	1
jndyotseicwjee	1
tyotjoom	1
weloo	1
maˈmo̱ⁿndyeyunaˈ	1
matseijndo̱ˈnaˈ	1
ncueemeiiⁿ	1
meintyjeeˈtyeⁿ	1
catsˈaañe	1
ticjuˈcjenaˈ	1
cwiwinomˈyoˈ	1
calaˈtjo̱o̱ndyoˈ	1
ticachuiiˈnaˈ	1
cwitjoom	1
mayoomˈm	1
nncwinomˈnaˈ	1
xocanda̱a̱	1
nnaⁿndyoˈ	1
nluiiˈndyoˈ	1
cwilaˈno̱ⁿˈyoˈ	1
queⁿyaˈyoˈ	1
cwiñequiaaya	1
nioomˈ	1
cwityja̱a̱ya	1
jndyendyo̱	1
israel	1
cwitioona	1
cwilajomndyena	1
tilaˈtiuuˈyoˈ	1
ˈnaⁿˈñeeⁿ	1
cwilaˈcjweena	1
njom	1
cwiwe	1
cwilaˈjomndye	1
cwilaˈjomndyoˈ	1
ñeˈcalˈaaya	1
jnda̱a̱tya̱a̱ya	1
xueeⁿ	1
ñeˈcatsˈaa	1
nncjaanajneiⁿ	1
ncˈoomˈ	1
ncˈiaaⁿˈaⁿ	1
cwileilˈua	1
tintaˈxeˈyoˈ	1
nliuˈyoˈ	1
maqueeⁿˈñê	1
nncjaˈ	1
cwaˈ	1
tintseiˈndaaˈnaˈ	1
tincwaxeˈ	1
tsˈiaaⁿˈ	1
seiˈwaañe	1
tacatyeeⁿnaˈ	1
xocatseiˈndaaˈnaˈ	1
tˈmo̱ⁿ	1
matseina̱ⁿ	1
seicandii	1
nncuˈ	1
nncwaxˈee	1
catseiljondyo̱yo̱	1
cwicwaˈyoˈ	1
cwiweˈyoˈ	1
catsˈaanaˈ	1
caluiitˈmaⁿñeti	1
nntseilcweˈnaˈ	1
judío	1
malaaˈtiˈ	1
matseijndo̱	1
malˈueendyo̱	1
cwˈaaˈndyoˈ	1
matsˈaaya	1
jo̱mˈaaⁿya	1
matseitˈmaaⁿˈndyo̱	1
cwijaañjoomˈ	1
cwilaweˈyoˈ	1
tqua̱a̱ⁿya	1
nlaˈno̱ⁿˈyoˈ	1
matiom	1
matseijnaaⁿˈ	1
ticata̱ˈ	1
matseijnaaⁿˈaⁿ	1
teinquiˈ	1
cateinquiˈ	1
matseijnaaⁿˈnaˈ	1
nno̱ⁿ	1
soxqueeⁿ	1
nnteinquiˈ	1
jluiiˈñe	1
caluiitˈmaaⁿˈñê	1
wandyo̱o̱ˈ	1
matseitˈmaaⁿˈñenaˈ	1
majuˈñecjeeⁿ	1
cwinaⁿ	1
cˈoomˈya	1
