ja	403
on	284
porin	104
vuonna	78
ovat	73
oli	66
myös	62
tai	59
sekä	53
joka	49
hevosen	41
porissa	40
se	37
sen	34
²	34
mutta	33
kuten	32
kaupungin	32
pori	30
power	29
ei	26
esimerkiksi	26
chan	25
jotka	24
kun	24
lisäksi	23
suomen	23
satakunnan	22
kuin	21
hän	21
hyvin	20
usein	20
toimii	20
jonka	19
kuitenkin	19
vuoden	19
että	18
windows	18
rangers	17
voi	16
olla	16
kaikki	15
vain	15
noin	15
ollut	15
ne	15
tietokoneiden	15
kaupunki	15
ensimmäinen	14
muun	14
muassa	14
tietokone	14
tietokoneet	14
tietokoneen	14
jossa	13
niiden	13
yleensä	13
yleisesti	13
osa	12
yksi	12
olivat	12
mikä	12
kuuluvat	12
henkilökohtaisten	12
kirjasto	12
yli	11
sillä	11
koko	11
voidaan	11
taas	11
jälkeen	10
alkoi	10
suoraan	10
rakenne	10
osat	10
profiili	10
eli	10
seurakunta	10
joista	9
suurin	9
eri	9
joissa	9
2002	9
käytetään	9
nämä	9
niin	9
selkä	9
edelleen	9
microsoft	9
ibm	9
käyttöjärjestelmä	9
muita	8
joita	8
jopa	8
hänen	8
kanssa	8
useimmiten	8
vuodesta	8
aloitti	8
sitä	8
lähtien	8
2015	8
jackie	8
7	8
vuoksi	8
1999	8
kuuluu	8
sijaitsee	8
tavallisesti	8
henkilökohtaiset	8
käyttöjärjestelmiä	8
keskustan	8
noormarkun	8
of	7
aikana	7
välillä	7
os	7
sarjan	7
sai	7
vuosina	7
2010	7
eivät	7
nimi	7
erityisesti	7
myötä	7
mukaan	7
runko	7
voivat	7
hevonen	7
korkea	7
sijaitsevat	7
henkilökohtainen	7
linux	7
nykyään	7
käyttöön	7
pc	7
tietokoneita	7
suunniteltu	7
laitteet	7
jo	7
apple	7
näytönohjain	7
muut	7
käyttöjärjestelmän	7
kokemäenjoen	7
asukasta	7
as	7
vt	7
pelin	6
josta	6
biskup	6
2012	6
ole	6
saban	6
suomessa	6
elokuva	6
paljon	6
chanin	6
he	6
1	6
kaula	6
erilaisia	6
hevosten	6
tämä	6
alueella	6
toimivat	6
tarkoitettu	6
pääasiassa	6
kotitietokoneet	6
mac	6
keskusmuisti	6
perustettiin	6
ulvilan	6
pihlavan	6
oy	6
useita	5
drakalor	5
sisältävät	5
vuosien	5
juuri	5
huomattavasti	5
toisen	5
2009	5
uuden	5
tuli	5
lähteet	5
muualla	5
niistä	5
uusi	5
20	5
kuitenkaan	5
yhdysvalloissa	5
tulee	5
eikä	5
in	5
tunnetuin	5
vielä	5
rush	5
hour	5
tunnettu	5
alkaen	5
2016	5
2	5
tarkoittaa	5
rakenteen	5
sisällä	5
pään	5
erittäin	5
varten	5
kyömy	5
siihen	5
selän	5
välissä	5
hoitaa	5
toiminnot	5
macos	5
puolestaan	5
näiden	5
työasemat	5
kotitietokoneiden	5
nykyisen	5
8	5
kannettavat	5
kytketään	5
rannikolla	5
kaupungissa	5
mm	5
meren	5
meripori	5
porista	5
joen	5
kallioperä	5
kaupunkiin	5
turun	5
2017	5
prosenttia	5
meriporin	5
tampereen	5
koulutus	5
toimintansa	5
lukio	5
yhteensä	4
kuluessa	4
lähes	4
näistä	4
enää	4
julkaistiin	4
2011	4
vaikka	4
ominaisuuksia	4
2014	4
mukana	4
1997	4
saivat	4
3000	4
aiheesta	4
sentai	4
haim	4
rangereiden	4
heidän	4
sarjojen	4
ajan	4
kunnes	4
entertainment	4
sarja	4
seurauksena	4
uutta	4
2013	4
samalla	4
yhteydessä	4
perusteella	4
miljoonaa	4
hieman	4
steve	4
elokuvan	4
morphicon	4
seuraavat	4
en	4
use	4
syntyi	4
seurasi	4
palasi	4
oma	4
oman	4
minkä	4
pää	4
syntynyt	4
2003	4
kuvaus	4
jalat	4
saman	4
yksittäinen	4
käsittää	4
korkeus	4
jotkin	4
cm	4
kaksi	4
metriä	4
keskimäärin	4
jos	4
suora	4
kovera	4
pituus	4
säkä	4
vuohiskarvat	4
jalan	4
tietojen	4
tietokoneisiin	4
käyttää	4
läpi	4
alkoivat	4
5	4
pöydällä	4
niillä	4
henkilökohtaisia	4
koska	4
näyttö	4
sisään	4
esim	4
näppäimistö	4
suoritin	4
merkittävä	4
jolla	4
applen	4
kolme	4
3	4
olleet	4
11	4
kiintolevy	4
514	4
kehityksen	4
järjestelmän	4
väkiluku	4
suomenkielinen	4
kymmenen	4
satama	4
keskustasta	4
ruotsinkielinen	4
uudelleen	4
km	4
liitetty	4
poriin	4
ahlaisissa	4
asukkaat	4
tulipalo	4
asukasluvun	4
suurimpia	4
valtatie	4
lavian	4
seurakunnat	4
reposaaren	4
yliopisto	4
johan	4
henrik	4
pelimaailma	3
adomin	3
peli	3
sinne	3
kertaa	3
vuotta	3
nimeltä	3
maan	3
kaaoksen	3
ennen	3
chainiin	3
kehitys	3
ensimmäiset	3
kehitettiin	3
versio	3
ii	3
lähdekoodin	3
adom	3
10	3
salassa	3
toisten	3
alettiin	3
avulla	3
lukuisia	3
asti	3
jonne	3
internetin	3
2000	3
antoi	3
perustuu	3
super	3
yhdistää	3
täysin	3
yhdeksän	3
fox	3
sabanin	3
yhtiö	3
1993	3
vuoteen	3
samassa	3
tavoin	3
kuvaamaan	3
12	3
takaisin	3
tuottaa	3
alussa	3
rangerit	3
ranger	3
elokuvat	3
1995	3
valmistui	3
varsin	3
15	3
ehdolla	3
yhdessä	3
pidettiin	3
järjestetään	3
luokkaseulonnan	3
keskeiset	3
artikkelit	3
1954	3
jackien	3
1962	3
meni	3
elokuvien	3
1972	3
tullut	3
aasiassa	3
itse	3
1980luvun	3
golden	3
x	3
1996	3
rankka	3
pari	3
ilman	3
saa	3
2005	3
chanilla	3
2004	3
story	3
2006	3
luokkahongkongilaiset	3
luetaan	3
kuvauksen	3
ominaisuudet	3
pitkä	3
pitkät	3
onkin	3
korkeuteen	3
verrattuna	3
säkäkorkeus	3
suhteessa	3
50	3
metrin	3
paino	3
siten	3
suorat	3
näitä	3
ahaltekhevonen	3
matala	3
takaosa	3
ratsastajan	3
kieli	3
vuohinen	3
häntä	3
alue	3
työ	3
kohdalla	3
vastaavasti	3
merkittävää	3
erityisen	3
yleisin	3
saattaa	3
hoidetaan	3
lautaset	3
maata	3
kaviot	3
nykyisin	3
luokka	3
työasema	3
kannettava	3
yleisimmät	3
käyttöjärjestelmät	3
ohjelmat	3
tietokoneissa	3
kotitietokone	3
joko	3
lähiverkkoon	3
muihin	3
kerrallaan	3
suorituskyky	3
1970luvun	3
aiemmin	3
laitteiden	3
1975	3
kutsuttiin	3
myytiin	3
niitä	3
i	3
1977	3
commodore	3
jota	3
1970	3
kotitietokoneita	3
niissä	3
teknisesti	3
ajetaan	3
näytön	3
näppäimistön	3
mahdollisuus	3
siitä	3
yhdysrakenteinen	3
kiinni	3
hiiri	3
kiintolevyt	3
asus	3
eee	3
sisältää	3
lähinnä	3
2008	3
kulkevat	3
äänikortti	3
jotain	3
usb	3
useampia	3
kannettavien	3
taulutietokoneet	3
suurimmat	3
minikannettavat	3
markkinoille	3
käyttävät	3
paikoissa	3
nimeä	3
kotiteatteritietokone	3
toimintoja	3
muodostaa	3
taskutietokone	3
yhteinen	3
microsoftin	3
emolevy	3
emolevyyn	3
niille	3
johon	3
valita	3
tarjoaa	3
suorittimet	3
tallennuskapasiteetti	3
muuta	3
suorittaa	3
päästä	3
tehtäviä	3
17	3
koostuu	3
muodostavat	3
selkämeren	3
asui	3
palanut	3
lentoasema	3
myöhemmin	3
juhana	3
pintaala	3
maaperä	3
hiekkakivi	3
nakkilan	3
etenkin	3
otettu	3
varteen	3
väheni	3
helsinkiin	3
300	3
nopeasti	3
muuttui	3
tuhosi	3
asukkaan	3
aloitettiin	3
1852	3
toiminta	3
nousi	3
jolloin	3
asukasluku	3
kävelykadun	3
keskiporin	3
asukkaista	3
maapori	3
kunnan	3
länsiporin	3
seurakuntaan	3
yliopistokeskuksessa	3
ry	3
ammattikorkeakoulu	3
vuosittain	3
ammatillista	3
koulutusta	3
terveysasemalla	3
kauppatori	3
kerran	3
varapuheenjohtaja	3
1749	3
1812	3
1946	3
finland	3
järjestetty	3
teatteri	3
museon	3
taiteen	3
perusopetusta	3
viikossa	3
vuorten	2
chain	2
100	2
satunnaisesti	2
pelaajan	2
ensimmäistä	2
käydä	2
henkilöitä	2
antavat	2
hyödyllistä	2
tietoja	2
löytyy	2
jokainen	2
ancardian	2
6000	2
alkanut	2
voimat	2
ancardiaan	2
khelavaster	2
toi	2
pian	2
tuhoamaan	2
ensimmäisten	2
nyt	2
hahmo	2
ancient	2
mystery	2
version	2
thomas	2
jatkui	2
kesällä	2
dollaria	2
työskenteli	2
tammikuussa	2
toisin	2
monilla	2
muuttikin	2
tarkoituksiin	2
ilmoitti	2
adomista	2
vapaasti	2
levitettävissä	2
ilmaiseksi	2
tämän	2
saanut	2
löytää	2
laajan	2
tästä	2
kertoo	2
käyttäjät	2
peliä	2
hyviä	2
yleisen	2
pelit	2
videopelit	2
lasten	2
japanilaista	2
kuvamateriaalia	2
taistellessa	2
luotu	2
sarjasta	2
yritti	2
myydä	2
1992	2
sarjaa	2
sittemmin	2
teki	2
2001	2
perustui	2
16	2
sarjaan	2
osti	2
foxin	2
siirtyi	2
jatkoi	2
rangersin	2
silloisen	2
ettei	2
toukokuuta	2
helmikuussa	2
44	2
tapahtui	2
aina	2
tehty	2
omaa	2
kyvyt	2
viiden	2
punaista	2
henkilö	2
yleisimpiä	2
ainoastaan	2
muoto	2
maailmanlaajuisesti	2
saatu	2
osuus	2
young	2
artist	2
palkinnon	2
cardenas	2
toinen	2
sarjalle	2
toiminnan	2
kokonaan	2
tuotti	2
edellisen	2
olevan	2
vuodeksi	2
tapahtuma	2
näytellyt	2
john	2
järjestettiin	2
tapahtumassa	2
historian	2
seuraava	2
transclusion	2
error	2
is	2
only	2
for	2
file	2
namespace	2
langen	2
or	2
icon	2
instead	2
huhtikuuta	2
laulaja	2
taistelulajeja	2
uransa	2
150	2
elokuvassa	2
chanista	2
nimeään	2
nimellä	2
muuttivat	2
australiaan	2
hongkongiin	2
päivittäin	2
1971	2
ura	2
varhaisista	2
yhtä	2
liian	2
menestyselokuva	2
uusia	2
stunttinsa	2
hänellä	2
osan	2
1980	2
huolimatta	2
tekemään	2
puolivälissä	2
mtv	2
movie	2
kahta	2
walk	2
tekee	2
eniten	2
edellä	2
mittaisesta	2
piti	2
avioliiton	2
taloudellisesti	2
saakka	2
virallisesti	2
new	2
police	2
näihin	2
jalkojen	2
ruumiinosien	2
toisiinsa	2
hampaat	2
rakenteesta	2
olennainen	2
tarkoituksena	2
mahdollisimman	2
täyttäviä	2
vaihtelevat	2
hyvän	2
rodun	2
mahdollistaa	2
vaikuttavat	2
poikkeamat	2
ongelmia	2
suuret	2
tärkein	2
osiin	2
sivukuva	2
suhde	2
muuhun	2
vaihtelee	2
shirehevoset	2
mitataan	2
sään	2
painaa	2
500	2
kg	2
kevyitä	2
painon	2
luusto	2
lihava	2
laiha	2
raskas	2
notko	2
joilla	2
leveä	2
tähän	2
yleinen	2
jaetaan	2
etuosa	2
etujalat	2
leuka	2
leukaperä	2
tunnetaan	2
yönsilmä	2
vuohisnivel	2
kannukset	2
ruunu	2
kanta	2
kavio	2
päällä	2
runkoon	2
mitattuna	2
hevosella	2
notkoselkäisyys	2
johtaa	2
aiheuttaa	2
kehittyy	2
vähitellen	2
myöten	2
antaa	2
takaosaan	2
jää	2
vastaavat	2
hännän	2
vuohisnivelen	2
vuohiset	2
kavion	2
yläpuolella	2
takapuolella	2
karvoja	2
riippuu	2
vesi	2
vuohisnivelet	2
erottaa	2
määrä	2
ainoa	2
ihmisen	2
liisa	2
hinta	2
käytön	2
tällä	2
hetkellä	2
yleisiä	2
tarkoitetut	2
henkilökohtaisissa	2
nopean	2
kautta	2
tehdä	2
mitään	2
käyttäjille	2
olemassa	2
ottaa	2
90	2
historia	2
kehittyneet	2
sitten	2
tieteellisessä	2
henkilökohtaiseen	2
1961	2
pidetään	2
julkaistu	2
tiloihin	2
johti	2
markkinoiden	2
syntymiseen	2
vasta	2
varhaiset	2
tietokoneista	2
tällaisista	2
n	2
käytöstä	2
valmiiksi	2
koottuina	2
tietokoneina	2
mahdollisti	2
laitteisto	2
laitteita	2
järjestelmät	2
toimisto	2
käyttöliittymän	2
suuri	2
työtehtävissä	2
suunnittelussa	2
työasemiin	2
käyttämät	2
kotitietokoneista	2
työasemissa	2
tiedostojen	2
tulivat	2
edustava	2
itsenäinen	2
makaava	2
seisova	2
tekniseen	2
tieteelliseen	2
työhön	2
dell	2
käyttöjärjestelmänä	2
raja	2
työasemien	2
laitteiston	2
pystyasennossa	2
heikkotehoisempia	2
aikaisemmin	2
käsite	2
kotelo	2
päälle	2
tietokoneessa	2
alla	2
yhdysrakenteisia	2
saatettu	2
rakentaa	2
mikrotietokoneita	2
olisi	2
johtuen	2
käyttöjärjestelmää	2
nimitystä	2
laitteen	2
rakennettuja	2
tunnettuja	2
nettoptietokoneet	2
alaluokka	2
välttämättömimmät	2
intel	2
virran	2
suorituskykyä	2
merkittävästi	2
johdosta	2
lisälaitteita	2
laajentaa	2
pieni	2
tavallisten	2
toiminnoista	2
kämmenen	2
laite	2
netbooktietokoneet	2
asema	2
101	2
tarkkuus	2
800	2
pikseliä	2
näytölle	2
kiintolevyjen	2
4	2
alun	2
perin	2
taulutietokone	2
käytännössä	2
helsingin	2
joulukuussa	2
kannattanut	2
lyh	2
yhteistyössä	2
samsung	2
joukko	2
pienempiä	2
yrityksiä	2
laitteeseen	2
intelin	2
nokian	2
mainita	2
kuvataan	2
väliin	2
televisioon	2
television	2
katselu	2
yhteen	2
jakaa	2
playstation	2
muodostuvat	2
ce	2
mobile	2
massamuistit	2
kotelon	2
näytönohjaimeen	2
kannalta	2
emolevyssä	2
leveys	2
monet	2
kulloinkin	2
käynnissä	2
olevat	2
tiedot	2
joiden	2
varastointiin	2
muistia	2
levyt	2
kierrosta	2
puhekielessä	2
1980luvulla	2
ratkaisu	2
gb	2
kehittynyt	2
kolmanneksen	2
cd	2
ulkoinen	2
ellei	2
ohjelmisto	2
sovellusohjelmiston	2
resursseja	2
pääosin	2
markkinaosuus	2
jakelut	2
unix	2
bsd	2
suosittuja	2
käyttöjärjestelmälle	2
1985	2
tulevat	2
1983	2
hewlettpackard	2
sun	2
microsystems	2
joihin	2
rakennettu	2
sovellusohjelmisto	2
kokoelma	2
väliohjelmisto	2
kehittäjä	2
ympäristön	2
viime	2
nousussa	2
asukasta1	2
maankohoamisen	2
muuttunut	2
kilometrin	2
kaupunginosat	2
30	2
rautatieasema	2
23	2
lavia	2
björneborg	2
johdettu	2
karhukaupunkia	2
vahvisti	2
vaakunan	2
kaupunginvaltuusto	2
1600luvun	2
vaikutus	2
alle	2
savi	2
hiesu	2
tasaista	2
lahdet	2
matalia	2
hiekka	2
kasaantunut	2
korkein	2
neliökilometriä	2
1941osa	2
paikoitellen	2
joissakin	2
etelä	2
luvialla	2
pohjoiseen	2
savea	2
suuria	2
kilometriä	2
meriveden	2
senttimetriä	2
14	2
uusien	2
toimintaan	2
kaupunkia	2
laivat	2
rauman	2
helsingissä	2
kaupunkien	2
olemme	2
paikkaa	2
eerik	2
eerikin	2
juhanan	2
kaupungista	2
aikaan	2
pedagogio	2
turkuun	2
pietari	2
tuo	2
arvostettu	2
kauppalaivasto	2
nosti	2
perustaminen	2
entistä	2
otettiin	2
34	2
1900	2
etelärannan	2
rantakorttelit	2
80000	2
kaupunkikuva	2
kevyen	2
palveluiden	2
projektista	2
isonsannan	2
kaupunginosien	2
entisen	2
jatkuisi	2
halki	2
yrjönkadun	2
akseli	2
rautatieaseman	2
projektin	2
liikenne	2
august	2
koulu	2
2000luvulla	2
lasta	2
muutti	2
ruotsin	2
käytetty	2
seuraavassa	2
aluejako	2
18	2
alueet	2
entinen	2
taajamat	2
84	2
asuinpaikan	2
koordinaatit	2
tiedossa	2
taajamaaste	2
keskustaajama	2
evankelisluterilaisen	2
kirkon	2
ahlaisten	2
palvelut	2
teknillisen	2
korkeakoulun	2
kauppakorkeakoulun	2
puuvillan	2
yhdistettiin	2
ylioppilasyhdistys	2
pointer	2
aloittanut	2
neljällä	2
sosionomin	2
sairaanhoitajan	2
tutkintoon	2
virkakelpoisuus	2
peruskoulua	2
björneborgs	2
lakkautettiin	2
urheilu	2
yhdistyivät	2
ammattiopisto	2
aikuiskoulutuskeskus	2
palmgrenkonservatorio	2
keskussairaala	2
maantiekadun	2
26	2
liikennöi	2
tampereelle	2
oiva	2
aika	2
vasemmistoliiton	2
pormestarit	2
kaupunginjohtajat	2
larsson	2
1646	2
1650	2
lars	2
1652	2
1659	2
gustaf	2
1671	2
1748	2
1750	2
1791	2
1828	2
1831	2
1832	2
1844	2
frans	2
1903	2
1906	2
1915	2
1919	2
1941	2
martti	2
taidemuseo	2
gullichsenin	2
satakuntalaista	2
alaisuudessa	2
keskus	2
ilmestyy	2
ilmestymisensä	2
radio	2
vanhin	2
urheiluseura	2
1856	2
syömättä	1
kertaakaan	1
luottamatta	1
jumalten	1
apuun	1
vaihtoehtoja	1
ympäröimä	1
laakso	1
alueena	1
valtava	1
laaksossa	1
luolastoja	1
seikkailukohteita	1
luota	1
tasoa	1
läpäistävä	1
luo	1
tason	1
astuessa	1
asettaa	1
hirviöt	1
käytävät	1
ansat	1
aarteet	1
tavalla	1
jokaisella	1
pelikerralla	1
pelaaja	1
kylissä	1
luoda	1
tavata	1
muuten	1
auttavat	1
pelihahmoa	1
tehtävässään	1
ympäristöltään	1
geneerinen	1
moderni	1
fantasiamaailma	1
fantasiaklisee	1
haltioista	1
lohikäärmeisiin	1
tarina	1
fantasiamaailmassa	1
vallinnut	1
rauha	1
syrjäisestä	1
vuoristolaaksosta	1
kuulua	1
pelottavia	1
viestejä	1
kerrotaan	1
uumeniin	1
muodostuneista	1
valtavista	1
luolastoista	1
pinnalle	1
nousseista	1
hirviöistä	1
tunkeutuneet	1
tuntemattomasta	1
ulottuvuudesta	1
luomaan	1
tuhoa	1
tapahtumien	1
merkitystä	1
ymmärretty	1
kuluttua	1
tietäjä	1
löysi	1
vanhan	1
kirjoituksen	1
saapuminen	1
ennustettiin	1
tietonsa	1
julki	1
kaikille	1
kansoille	1
seikkailijat	1
lähtivät	1
etsimään	1
lähdettä	1
lähtijöiden	1
joukossa	1
heistä	1
nähty	1
jälkeäkään	1
luoliin	1
laskeutuneet	1
jäivät	1
palaamatta	1
seikkailijoista	1
saapunut	1
johtavan	1
solan	1
suulle	1
versiot	1
silloin	1
nimeltään	1
dungeons	1
suppeampia	1
nykyinen	1
pelialue	1
koostui	1
yhdestä	1
luolastosta	1
roguen	1
nethackin	1
tapaan	1
versiopäivitysten	1
nykyiseen	1
muotoonsa	1
ilmestyneen	1
111	1
vuosiin	1
ilmoittanut	1
kehittävänsä	1
adomia	1
kehitystyö	1
järjestetyn	1
90169	1
tuottaneen	1
joukkorahoituskampanjan	1
onnistuttua1	1
kehitystauon	1
sijoittuvan	1
jadenimisen	1
roguelikepelin	1
parissa	1
jade	1
uudelleennimettiin	1
domains	1
legends	1
ancardiaksi2	1
muilla	1
suosituilla	1
roguelikepeleillä	1
lähdekoodi	1
avoin	1
luvannut	1
julkaista	1
mielensä	1
pitääkseen	1
estääkseen	1
tekemien	1
pelivarianttien	1
julkaisun	1
tosin	1
suostuisi	1
lisensoimaan	1
lähdekoodia	1
peliteollisuudelle	1
kaupallisiin	1
blogissaan	1
saattaisi	1
valmis	1
harkitsemaan	1
julkaisua	1
avasi	1
viralliselle	1
keskustelufoorumille	1
osion	1
asiasta	1
keskustelua	1
varmistui	1
tehdään	1
steam	1
julkaisu	1
postikorttikampanja	1
toivoo	1
nauttii	1
pelistä	1
lähettäisi	1
hänelle	1
kiitokseksi	1
postikortin	1
keräilee	1
postcardwareksi	1
kutsutun	1
levitysmallin	1
postikortteja	1
ympäri	1
maailmaa	1
kiinasta	1
irakista	1
osoitteensa	1
kotisivuilta	1
tulevista	1
ohjeista	1
vastaanotto	1
fanikunnan	1
saavutettu	1
ykköspaikka	1
internet	1
worldcharts	1
free	1
downloadable	1
games	1
internetsivuston	1
listalla	1
äänestää	1
parasta	1
ladattavaa	1
usenetryhmä	1
recgamesroguelikeadom	1
keskustelu	1
käynyt	1
vilkkaimmillaan	1
viestin	1
kuukausitahtia	1
pelikriitikot	1
antaneet	1
adomille	1
enimmäkseen	1
arvosteluja	1
kuvailtu	1
laajemmaksi	1
roguelikepelejä	1
syvemmän	1
tarinansa	1
monimuotoisen	1
ympäristönsä3	1
monimutkaisuutensa	1
ansiosta45	1
pelitlehden	1
arviossa	1
tapio	1
berchewsky	1
pelille	1
88	1
pistettä	1
kehui	1
asciigrafiikan	1
värikoodausta	1
hahmoluokkien	1
pelattavuutta	1
yleistä	1
laajuutta	1
moitteita	1
bugeista	1
tekevät	1
aivan	1
pelikelvottoman	1
tehtävien	1
samanlaisuudesta	1
hirviöiden	1
tekoälystä	1
luokkaamigapelit	1
luokkalinuxpelit	1
luokkamac	1
luokkamsdospelit	1
luokkaroguelikepelit	1
luokkavuoden	1
1994	1
luokkawindowspelit	1
luokkasaksassa	1
kehitetyt	1
pitkään	1
jatkunut	1
yhdysvaltalainen	1
supersankaritelevisiosarja	1
japanilaisen	1
tokusatsuformaatin	1
sarjoihin	1
luonut	1
idean	1
luomiseen	1
vieraillessaan	1
japanissa	1
ideanaan	1
englannikielisten	1
näyttelijöiden	1
tehtyihin	1
kuvauksiin	1
zordeillaan	1
rangerasuissaan	1
hirviöitä	1
vastaan	1
juonta	1
muokattu	1
sopivammaksi	1
länsimaisille	1
katsojille	1
japanilaisesta	1
poikkeava	1
juoni	1
ideaansa	1
kidsin	1
silloinen	1
puheenjohtaja	1
margaret	1
loesch	1
suostui	1
esittämään	1
kanavallaan1	1
omistama	1
aiheeseen	1
liittyviä	1
televisiosarjoja	1
mighty	1
morphin	1
kyoryū	1
zyuranger	1
tuottamisesta	1
vastasi	1
disneyyhtiö	1
perhepaketin	1
family	1
kanavasta	1
abc	1
family2	1
ostossa	1
omistuksessa	1
disneyn	1
omistukseen	1
nimeksi	1
vaihdettiin	1
bvs	1
tuottamista2	1
tekemisen	1
sarjalla	1
wild	1
force	1
edellisten	1
japanilaiseen	1
tokusatsuformaattiin	1
tiiviisti	1
kytköksissä	1
japanilaisiin	1
oheistuotteisiin	1
leluihin	1
peleihin	1
rpm	1
televisiosarjan	1
tarkoitus	1
jäädä	1
viimeiseksi	1
tuotantokaudeksi	1
tuotantopäällikön	1
sally	1
campbellin	1
ilmoitettua	1
lehtihaastattelussa	1
rangersista	1
tulla	1
tuotantokautta3	1
brands	1
oikeudet	1
itselleen	1
nickelodeonille4	1
samurai	1
valmistettiin	1
kahden	1
tuotantokauden	1
jaksoa	1
yhteistyötä	1
nickelodeonin	1
päätettiin	1
jatkaa	1
ainakin	1
kahdella	1
vuodella	1
megaforce	1
tuotantokausi	1
sarjoja	1
esittänyt	1
vaihtelevasti	1
ptv4	1
mtv3	1
maksullinen	1
jetix	1
kuvitteellinen	1
pystyy	1
muuntautumaan	1
voimakkaaksi	1
supersankariksi	1
ensimmäisillä	1
tuotantokausilla	1
zordonin	1
antamien	1
voimanlähteiden	1
lost	1
galaxy	1
voimanlähteet	1
vaihdelleet	1
mystisistä	1
miekoista	1
taikamaailman	1
kristalleihin	1
pukeutuvat	1
kirkasvärisiin	1
taisteluasuihin	1
elastaanista	1
hahmoilla	1
päässään	1
kypärät	1
läpinäkymättömät	1
visiirit5	1
ansiosta	1
henkilöllisyytensä	1
pysyy	1
suojaa	1
heitä	1
taisteluissa	1
muuntautunut	1
yliinhimilliset	1
kestävyyden	1
taistelukyvyt	1
muuntautumaton	1
omata	1
kyvyn	1
telekineettisyyteen	1
supernopeuteen	1
näkymättömyyteen	1
hahmon	1
rangervoimiin	1
työskentelevät	1
ryhmänä	1
asua	1
pitävä	1
johtaja	1
värejä	1
punainen	1
keltainen	1
sininen	1
vaaleanpunainen	1
vihreä	1
musta	1
valkoinen	1
sankarinimet	1
määräytyvät	1
pitämiensä	1
asujen	1
värien	1
asut	1
muistuttavat	1
toisiaan	1
väritys	1
kypärän	1
visiiri	1
poikkeavat	1
toisistaan	1
sarjat	1
ensimmäiseen	1
tuottoisa	1
miljoonan	1
dollarin	1
budjettiin	1
nähden	1
keräsi	1
66	1
38	1
dollaria6	1
voittajaksi	1
parhaaksi	1
nuoreksi	1
näyttelijäksi	1
sivuroolissa	1
turbovaihteella	1
menestynyt	1
kovinkaan	1
kritiikin	1
kohteeksi	1
joutui	1
ominaisen	1
puuttuminen	1
9	1
dollaria7	1
vähemmän	1
tuotto	1
ehdokkuuden	1
blake	1
foster	1
parhaana	1
nuorena	1
pääosanesittäjänä	1
molemmat	1
julkaisi	1
20th	1
century	1
entertainmentin	1
lionsgate	1
suunnitteilla	1
20178	1
olemaan	1
uudelleenkäynnistys	1
jatkoa	1
aikaisemmille	1
elokuville	1
kimberly	1
hartin	1
rooliin	1
valittiin	1
naomi	1
scott9	1
los	1
angelesissa	1
2007	1
juhli	1
15vuotisjuhlaa	1
vieraina	1
rangeria	1
austin	1
st	1
jason	1
narvy	1
walter	1
jones	1
johnny	1
yong	1
bosch	1
operation	1
overdrivessa	1
näytelleet	1
james	1
maclurcan	1
rhoda	1
montemayor	1
tapahtumat	1
kolmannessa	1
elokuussa	1
megaforcen	1
näyttelijäkaarti	1
ajalta	1
luultavasti	1
french	1
polish	1
s	1
victoria	1
peak	1
brittiläinen	1
hongkong1	1
hongkongilainen	1
elokuvanäyttelijä	1
ohjaaja	1
kungfun	1
taitaja	1
elokuvissaan	1
fyysistä	1
komediaa	1
1960luvulta	1
alkaneen	1
pääosaa	1
viidessäkymmenessä	1
kantava	1
animaatiosarja	1
lapsuus	1
nuoruus	1
hongkongissa	1
kongsang	1
jyutping	1
can4	1
gong2sang1	1
vanhempansa	1
charles	1
lily	1
töissä	1
ranskan	1
suurlähetystössä2	1
vanhemmat	1
ollessa	1
seitsenvuotias	1
jättivät	1
oopperaakatemiaan	1
missä	1
opetella	1
näyttelemistä	1
akrobatiaa	1
laulamista3	1
koulussa	1
kova	1
kuri	1
kertonut	1
tulleensa	1
kuritetuksi2	1
esiintyi	1
kahdeksanvuotiaana	1
ensimmäisessä	1
elokuvassaan	1
big	1
and	1
liggle	1
wong	1
tin	1
bar	1
koulusta	1
töihin	1
akrobaatiksi	1
stuntmieheksi4	1
aikuisrooli	1
little	1
tiger	1
from	1
cantoon4	1
elokuvista	1
vihan	1
nyrkki	1
pääosassa	1
bruce	1
lee	1
lo	1
wein	1
kung	1
fu	1
elokuvia	1
menestyneet	1
hyvin3	1
muutamaksi	1
rakennustöihin	1
vanhempiensa	1
luokse	1
siellä	1
lempinimekseen	1
kiinalaista	1
vaikea	1
ääntää	1
19762	1
kotkan	1
varjo	1
1978	1
menestyksiä	1
muutamassa	1
vuodessa	1
supertähti	1
näytteli	1
täysi	1
määräysvalta	1
useimpiin	1
elokuviinsa	1
ohjasi	1
lauloi	1
joskus	1
tunnuslaulutkin3	1
ohjaustyö	1
nuori	1
lohikäärme	1
slapstickkomediaa	1
toimintaa	1
yhdistelevä	1
taistelulajielokuva4	1
yrityksistä	1
onnistunut	1
läpimurtoa	1
hollywoodiin	1
1980luvulla3	1
perusti	1
tuotantoyhtiön	1
way	1
sijaisnäyttelijöiden	1
liiton	1
stuntmen	1
association	1
loi	1
sarjakuvahahmonsa	1
seikkaili	1
chan’s	1
spartan	1
nimisessä	1
sarjakuvassa	1
yhdysvalloissakin	1
samana	1
awardsin	1
elämäntyöstään	1
viidennestä	1
englanninkielisestä	1
elokuvastaan	1
rajua	1
menoa	1
bronxissa	1
suurmenestys	1
edeltänyttäkin	1
elokuvaa	1
esittää	1
19985	1
menestyselokuvia	1
tähden	1
hollywood	1
famelle	1
taurus	1
awardin6	1
stuntit	1
poikkeuksellisesti	1
henkilökohtaisesti	1
erikoistehosteita	1
sijaisnäyttelijöitä	1
guinnessin	1
ennätysten	1
kirjan	1
stuntteja	1
tehnyt	1
näyttelijä7	1
stunttitemppujen	1
vaarallisuuden	1
takia	1
kokenut	1
loukkaantumisia	1
lantion	1
nenän	1
lonkan	1
sormien	1
poskien	1
kylkiluiden	1
murtumisen	1
erilaisissa	1
onnettomuuksissa	1
vaarallisin	1
onnettomuus	1
1986	1
toimintaelokuvan	1
armour	1
godin	1
kuvauksissa	1
kesken	1
vaativan	1
stuntin	1
putosi	1
puusta	1
kivikkoon	1
mursi	1
pääkallonsa	1
selvisi	1
kahdeksan	1
tunnin	1
leikkauksesta	1
kuukauden	1
toipumisjaksosta	1
pääkallossaan	1
yhä	1
merkkinä	1
onnettomuudesta	1
parantumaton	1
reikä	1
peitetty	1
muovitulpalla8	1
työtapansa	1
vakuutusta4	1
ääninäyttelijän	1
äänensä	1
seikkailee	1
animaatiosarjan	1
nimihahmolle4	1
laulajanura	1
esiintynyt	1
useilla	1
kielillä	1
kantoninkiinaksi	1
mandariinikiinaksi	1
japaniksi	1
englanniksi	1
julkaissut	1
äänilevyä	1
1980luvulta	1
laulaa	1
elokuviensa	1
lopputekstikohtauksissa4	1
yksityiselämä	1
1982	1
naimisiin	1
taiwanilaisen	1
näyttelijän	1
lin	1
fengjiaon	1
pojan	1
jaycee	1
19824	1
poikansa	1
1998	1
asti2	1
ulkopuolinen	1
ettaniminen	1
tytär	1
exmissin	1
elaine	1
ng	1
yilein	1
myöntänyt	1
asian	1
tukenut	1
tytärtään	1
koskaan	1
tunnustanut	1
tytärtään9	1
hyväntekeväisyysjärjestö	1
charitable	1
foundation	1
unicefin	1
hyväntahdonlähettiläs10	1
paljastettujen	1
panaman	1
paperien	1
vähintään	1
kuusi	1
panamalaisen	1
asianajotoimisto	1
mossack	1
fonsecan	1
hallinnoimaa	1
veroparatiisiyhtiötä	1
kommentoinut	1
tietoja11	1
palkinnot	1
tunnustukset	1
blockbuster	1
gorgeous	1
horse	1
supercop	1
crime	1
rooster	1
hundred	1
flowers	1
kids	1
choice	1
smokkimies	1
the	1
karate	1
kid	1
awards	1
oscarpalkinto	1
oscarkunniapalkinto1213	1
filmografia	1
luokkavuonna	1
syntyneet	1
näyttelijät	1
laulajat	1
elokuvaohjaajat	1
luokkahollywood	1
fame	1
luokkaelävät	1
henkilöt	1
ulkoisia	1
rakenneominaisuuksia	1
ulkomuoto	1
ulkoiset	1
rakenteet	1
asento	1
tyyppi	1
kulmaukset	1
liikkeet	1
suhteet	1
kuvaukseen	1
arviointi	1
kuvaaminen	1
tarkoitukseen	1
kehitettyä	1
sanastoa	1
käyttäen	1
arvioida	1
kustakin	1
yksilöstä	1
edulliset	1
piirteet	1
virheet	1
puutteet	1
erillisen	1
kohteena	1
kaviot1	1
rakennetta	1
pidä	1
sekoittaa	1
anatomiaan	1
sisäisestä	1
kantakirjaamista	1
luetteloida	1
jalostukseen	1
hyväksyä	1
rotumääritelmän	1
eläimiä	1
rakenteelliset	1
rotujen	1
pyritään	1
jalostettaessa	1
säilyttämään	1
niinpä	1
ahaltekhevosen	1
ominaisuuksin	1
alhaalta	1
ulospäin	1
kaareutuva	1
joutsenkaula	1
johtaisivat	1
suomenhevosen	1
hylkäämiseen	1
näyttelyssä2	1
esiintyy	1
rakenteellisia	1
yksilöiden	1
vertailun	1
soveltuvuuden	1
arvioinnin	1
erilaisiin	1
urheilulajeihin	1
valjakkoajo	1
suosii	1
kapeaharteisempaa	1
hevostyyppiä	1
esteratsastus	1
lihaksikasta	1
takaosaa	1
sopusuhtainen	1
tasapainoinen	1
kestävyyteen	1
terveyteen1	1
näin	1
työkykyyn	1
yksittäiset	1
ihanteena	1
pidetystä	1
aiheuttavat	1
harvoin	1
normaalirakenteiselle	1
hevoselle	1
heikentävät	1
kestävyyttä	1
altistavat	1
loukkaantumiselle	1
vaikeuttaa	1
liikkumista	1
häiritä	1
luuston	1
kehittymistä	1
peruste	1
arvioinnille3	1
rakennearvostelun	1
perusteiden	1
hallinta	1
useisiin	1
hevostalouden	1
perustutkinnon	1
hippos	1
kouluttaa	1
virallisia	1
rakennetuomareita4	1
yleisrakenne	1
yleisrakenteen	1
ulkonäön	1
vaihdella	1
keskimääräisen	1
alkuperästä	1
rinnanympärys	1
kokoon	1
kuvastaa	1
vartalon	1
mittasuhteita	1
suuresti	1
miniatyyrihevosrodut	1
ylitä	1
edes	1
aikuisina	1
korkeutta	1
korkeita	1
kohdalta	1
pienimmillään	1
luokkaa	1
falabellalla	1
shetlanninponilla	1
kaikkien	1
aikojen	1
kookkain	1
1846	1
shirehevonen	1
sampson	1
219	1
shetlanninponi	1
suomenhevonen	1
155	1
raskaus	1
aikuinen	1
ratsuhevonen	1
raskaat	1
kylmäveriset	1
1200	1
hevoseläinten	1
mittasuhteisiin	1
pitkärunkoiset	1
lyhytrunkoiset	1
painavia	1
puhutaan	1
rakenteeltaan	1
kevyistä	1
keskipainoista	1
raskaista	1
roduista	1
kevytrakenteisen	1
siro	1
lihaksisto	1
kevyttä	1
raskasrakenteisen	1
jykevää	1
lihakset	1
hyväkuntoinen	1
tiine	1
tamma	1
kevyt	1
keskikevyt	1
sivukuvaa	1
tarkastellaan	1
kuonopiistä	1
kaulasta	1
ruumiinmuodot	1
liitetään	1
tiettyihin	1
rotuihin	1
kaarevamuotoinen	1
pyöreä	1
kaareva	1
kaartuu	1
epämuodostuneen	1
arabianhevosille	1
tyypillinen	1
korostuneen	1
mittasuhteet	1
mittasuhteilla	1
tarkoitetaan	1
yleisvaikutelmaa	1
vaikuttaa	1
rinnanympäryksen	1
kolmea	1
käsitettä	1
kevytrakenteisia	1
solakoita	1
hevosia	1
pikemmin	1
tällaiset	1
hevoset	1
nopeita	1
kilpahevosia	1
englannintäysiverinen	1
keskikorkean	1
piirtein	1
hevosroduista	1
luokkaan	1
tanakka	1
pyöreärunkoinen	1
lyhyiltä	1
kookkailla	1
painavilla	1
kylmäveriroduilla	1
alkukantaisilla	1
poniroduilla	1
ardennienhevonen	1
freiberginhevonen	1
keskikorkea	1
ruumiinosat	1
tavanmukaisesti	1
kolmeen	1
pääosaan	1
etuosaa	1
sijoittuu	1
satulassa	1
istuvan	1
etupuolelle	1
yläosa	1
korvat	1
niska	1
otsaharja	1
etu	1
otsa	1
naama	1
nenäpiikki	1
sivu	1
korvasylkirauhanen	1
ohimo	1
silmäkulma	1
ripset	1
silmä	1
silmäluomi	1
sierain	1
kurkku	1
leukapieli	1
alaosa	1
suu	1
ylähuuli	1
alahuuli	1
suupieli	1
ikenet	1
kitalaki	1
puhdasveriset	1
arabianhevoset	1
koverasta	1
profiilistaan	1
shirehevosten	1
niskaa	1
peittää	1
harja	1
kaulasuoni	1
henkitorvi	1
kaulassa	1
andalusianhevonen	1
paksukaulainen	1
rotu	1
ohutkaulainen	1
lapa	1
kyynärpää	1
kyynärvarsi	1
etupolvi	1
etusääri	1
jänteet	1
ratsastaja	1
istuu	1
risti	1
rinta	1
kyljet	1
satulavyön	1
sija	1
kupeet	1
maha	1
sukuelinten	1
seutu	1
peräaukko	1
väliliha	1
hännäntyvi	1
sukuelimet	1
tammalla	1
emätin	1
utare	1
orilla	1
penis	1
tuppi	1
kivekset	1
kaulan	1
tyvessä	1
sijaitseva	1
tasolla	1
längensija	1
hartia	1
sä’än	1
maasta	1
perinteinen	1
korkeusmitta	1
kosketusherkkä	1
keskeinen	1
haavoittuva	1
rakenteita	1
kannattelemaan	1
painoa	1
korostuukin	1
ratsuhevosten	1
selkäosa	1
säästä	1
lonkkaluun	1
etureunaan	1
kolmannes	1
rungon	1
pituudesta	1
rinnasta	1
istuinkyhmyyn	1
pitkäselkäisellä	1
tätä	1
suhdetta	1
suurempi	1
lyhytselkäisellä	1
pienempi	1
sekäviivan	1
kaareutumista	1
alaspäin	1
lanteen	1
notkoselkä	1
kannatteluun	1
korkealla	1
jäykkyyttä	1
kipuja	1
liikuntaongelmia	1
oire	1
sidekudosten	1
lihasten	1
heikkoudesta	1
ikää	1
selvää	1
pitkäselkäisillä	1
yksilöillä	1
hevosilla	1
riittävästi	1
harjoitusta	1
lyhyt	1
notkoselkäinen	1
lihaksistoa	1
tavoilla	1
käyskennellä	1
lie’assa	1
ratsastaa	1
eläinlääkäri	1
vakavia	1
tapauksia	1
mesoterapialla	1
selkiä	1
osteopatian	1
keinoin	1
kansanomaisiin	1
parannuskeinoin	1
kuulunut	1
monia	1
keinoja	1
auttaa	1
selkävaivoja	1
taakse	1
osista	1
lähtee	1
liikevoima	1
lantio	1
takaraajat	1
takapuoli	1
takareisi	1
takajalka	1
takapolvi	1
kinner	1
kinnerjänne	1
takasääri	1
ihmiset	1
takamusta	1
jouhien	1
peittämä	1
ilmaisee	1
tunteita	1
häädetään	1
hyönteisiä	1
tammikuun	1
päivästä	1
ranskassa	1
syntyneiden	1
typistäminen	1
kiellettyä	1
amerikkalaiset	1
eläinlääkärit	1
suosittavat	1
kannanotossaan	1
vuodelta	1
typistämistä	1
turvallisuuden	1
terveyden	1
ylläpitämiseksi	1
toimenpidettä	1
puoltaa	1
työympäristöllä	1
kosmeettisilla	1
syillä6	1
takajalat	1
sääret	1
takasääret	1
takapolven	1
ruunun	1
vuohiskarvaa	1
vuohisten	1
kasvaa	1
säärenkin	1
sijaitsevia	1
jäykkiä	1
runsaus	1
rodusta	1
runsaita	1
kylmäverisillä	1
räystäskourujen	1
jalkoja	1
valuva	1
johtuu	1
kohti	1
kulkeudu	1
vuohisiin	1
voisi	1
vuohisrupea	1
alaosassa	1
vuohisen	1
säären	1
vuohiskarva	1
niihin	1
alaraajojen	1
alin	1
toisilla	1
equussuvun	1
jäsenillä	1
aaseilla	1
seeproilla	1
sama	1
hevossuvun	1
kantavanhemmista	1
kavioeläimiin	1
pariton	1
varpaita	1
asiassa	1
ruumiinpainoa	1
kannattelee	1
keskisormea	1
varvasta	1
vastaava	1
liikkumiskykyä	1
murtumien	1
hoito	1
edennyt	1
aikuisen	1
suurten	1
luiden	1
murtuma	1
lopettamiseen	1
hiljattain	1
selvänä	1
nivelvaurio	1
vammauttaa	1
loppuiäksi	1
tiedetään	1
vaurioista	1
hoitamisesta	1
enemmän7	1
raviurheilun	1
keskusjärjestön	1
sirpa	1
tähkämön	1
kokoamia	1
hevosmaailmasivustolla	1
valtanenkotisivut	1
luokkanisäkkäiden	1
anatomia	1
pc1	1
yleisluontoinen	1
mikrotietokone	1
mahdollistavat	1
hankinnan	1
yksityishenkilölle	1
käyttäjänsä	1
hallittaviksi	1
taulu	1
pöytätietokone	1
kaikkein	1
keskussuorittimet	1
prosessoriarkkitehtuuriltaan	1
x86	1
x8664	1
arm	1
powerpc	1
sovellusohjelmia	1
toimistoohjelmat	1
tekstinkäsittely	1
taulukkolaskenta	1
järjestelemisessä	1
tarvittavat	1
työkalut	1
kalenteri	1
yhteystietoohjelmistot	1
erilaiset	1
internetyhteydenpitoon	1
selaimet	1
tiedonsiirto	1
sähköpostiohjelmat	1
nykyaikaisissa	1
laajakaista	1
modeemiyhteys	1
internetiin	1
hakemisen	1
toimistokäytössä	1
kotona	1
oleva	1
kytketty	1
langattoman	1
verkkoyhteyden	1
wlanin	1
verkkokaapelin	1
yrityksen	1
perheen	1
toisiin	1
henkilökohtaista	1
tietokonetta	1
interaktiivisesti	1
varhaisten	1
omistajien	1
täytyi	1
kirjoittaa	1
omat	1
ohjelmansa	1
voidakseen	1
koneellansa	1
laaja	1
ohjelmistoja	1
kohtuullisen	1
helppo	1
lopulta	1
arkkitehtuuri	1
hallinnut	1
markkinoita	1
reilulla	1
markkinaosuudellaan	1
muuttuneet	1
elektronisten	1
alkupuoliskolla	1
akateemikoille	1
tutkimustyössä	1
oleville	1
ihmisille	1
tarjoutui	1
tilaisuus	1
hyödyntää	1
kalliita	1
yksityishenkilöiden	1
hankittavaksi	1
suunniteltua	1
linctietokonetta	1
sanottu	1
ensimmäiseksi	1
henkilökohtaiseksi	1
tietokoneeksi2	1
ensimmäisenä	1
kaupallisesti	1
saatavana	1
henkilökohtaisena	1
tietokoneena	1
käyttänyt	1
mikroprosessoria	1
blankenbakerin	1
kenbak1tietokonetta3	1
myyntiin	1
19713	1
konetta	1
harrastajille	1
tarkoitettuja	1
rakennussarjoja	1
mikrosuorittimien	1
keksimisen	1
voitiin	1
pakata	1
pieniin	1
virtapiirit	1
kytkimet	1
vaatineet	1
kokonaisia	1
halleja	1
huoneita	1
tilaa	1
varsinaisten	1
yleistymiseen	1
tuolloin	1
mikrotietokoneiksi	1
rakennussarjoina	1
elektroniikkaharrastajille	1
kiinnostuneille	1
tietyissä	1
kappalemäärissä	1
henkilökohtaisista	1
altair	1
8800	1
jolle	1
kirjoitettiin	1
basicohjelmointikielestä	1
micral	1
ensimmäisistä	1
kokonaisena	1
rakennussettinä	1
myytävä	1
tietokone4	1
tuottaminen	1
tuotteen	1
elinkaaren	1
90000	1
kappaletta	1
koneiden	1
käyttö	1
edellytti	1
kytkimien	1
säätelyä	1
syötevalojen	1
tarkkailua	1
useimmille	1
hankalaa	1
epäkäytännöllistä	1
1976	1
jobs	1
wozniak	1
tietokonettaan	1
muista	1
aikalaisistaan	1
poiketen	1
piirilevyinä	1
koteloa	1
pet	1
koteloituina	1
massamarkkinoille	1
harrastelijoita	1
isompien	1
kansanryhmien	1
tutustumisen	1
vakinaistettu	1
kaupallinen	1
suuren	1
ohjelmistotarjonnan	1
vähensi	1
joidenkin	1
tietokoneharrastajien	1
kiinnostusta	1
kohtaan	1
1980lukujen	1
kotikäyttöön	1
kotikoneet	1
tarjosivat	1
suunniteltuja	1
toimistosovelluksia	1
ohjelmointiympäristön	1
pelejä	1
suuremmat	1
kalliimmat	1
vaikkakin	1
edullisemmat	1
minitietokoneisiin	1
keskustietokoneisiin	1
pienyrityskäyttöön	1
tuulta	1
alleen	1
sisälsivät	1
keskussuorittimen	1
graafisen	1
käyttöjärjestelmässä	1
paikallinen	1
kiintolevytila	1
lähiverkkoyhteys	1
moniajavia	1
harvinaisuus	1
kotikäytössä	1
työasemia	1
sellaisissa	1
vaativissa	1
tietokoneavusteisessa	1
muotoilussa	1
3dmallinnuksessa	1
työssä	1
rakennusalan	1
tuotemallitutkimuksessa	1
kuvakäsittelyssä	1
arkkitehtuurisessa	1
tietokoneanimaatioissa	1
erikoistehosteiden	1
laatimisessa	1
erillisten	1
markkinat	1
sulautuivat	1
yhdeksi	1
kokonaisuudeksi	1
arkkitehtuurin	1
yleistyttyä	1
omaksuttiin	1
värigrafiikka	1
äänet	1
samoja	1
suorittimia	1
toimistokäyttöön	1
valmistetut	1
massatuotetuissa	1
vertailukelpoiset	1
graafiset	1
muistit	1
muutama	1
vuosi	1
esiintyneet	1
tiettyjen	1
valmistajien	1
yksilöllisissä	1
lähiverkot	1
yrityksissä	1
mahdollistivat	1
jakamisen	1
osaksi	1
luokat	1
huippukärkeä	1
vaativaan	1
työskentelyyn	1
grafiikan	1
käsittelyyn	1
tietokoneavusteiseen	1
suunnitteluun	1
ohjelmistokehitykseen	1
tieteellisiin	1
sovelluksiin	1
saattavat	1
toimia	1
pientoimistojen	1
palvelimina	1
pääsääntöisesti	1
yhden	1
käytettäväksi	1
yhteys	1
paikalliseen	1
useammalle	1
yhdelle	1
käyttäjälle	1
pro	1
precision	1
laitteistot	1
työasemaluokituksen	1
valmistajiensa	1
käsityksen	1
mukaan6	1
jokin	1
unixperheen	1
käyttöjärjestelmistä	1
gnulinux	1
häilyvä	1
selkeää	1
eroa	1
voida	1
määrittää	1
pelkän	1
hinnan	1
ensisijaisesti	1
työpaikoilta	1
löytyviä	1
työkoneita	1
lappeellaan	1
pöytämallinen	1
tornimallinen	1
kotikäyttäjille	1
tunnettiin	1
mikrotietokoneena	1
pöydälle	1
ylipäätänsä	1
mahtuvia	1
pieninä	1
pöytämallisesta	1
kotitietokoneesta	1
kuvailee	1
ulkonäköä	1
kotelointia	1
pöytämalleissa	1
vaakatasossa	1
asetetaan	1
työpöytätilan	1
säästämiseksi	1
tornimallisessa	1
vieressä	1
pöydän	1
erotella	1
kotitietokoneiksi	1
työasemiksi	1
joissain	1
tapauksissa	1
tarpeellista	1
tuoda	1
esiin	1
erot	1
henkilökohtaisiin	1
kotitietokoneessa	1
laitteistoa	1
yltää	1
tasolle	1
kotikäyttö	1
graafista	1
laskentaa	1
vaativien	1
pelien	1
pelaamiseen	1
harrasteta	1
prosessoritehoa	1
vaativaa	1
tietojenkäsittelyä	1
sopivilla	1
ohjelmistoilla	1
näköisiä	1
nykyiset	1
pohjimmiltaan	1
pcarkkitehtuuriin	1
pohjautuvia	1
yhteensopivia	1
windowspohjaista	1
työpöytä	1
alaluokitus	1
itsenäisiä	1
makaavia	1
integroituina	1
paketissa	1
syötelaitteet	1
kosketusnäyttö	1
hiirtä	1
näppäimistöä	1
tarvita	1
käyttämiseen	1
toimitetaan	1
keskussuoritin	1
sijoitettu	1
hp	1
touchsmart	1
top	1
imac	1
amiga	1
64	1
sinclair	1
zx	1
spectrum	1
nettoptietokone	1
minimalistiset	1
silti	1
itsenäiset	1
makaavat	1
seisovat	1
kelpaavat	1
päivittäiseen	1
sähköpostin	1
lukemiseen	1
internetsivujen	1
selaamiseen	1
käsitteen	1
esitti	1
halpoja	1
sisältäviä	1
heikkotehoisia	1
pöytätietokoneita	1
verrattavissa	1
kannettaviin	1
netbooktietokoneisiin	1
joskin	1
työpöydille	1
box	1
mini	1
tällaisia	1
lyhyesti	1
sylitietokoneiden	1
kevyiksi	1
kannettavuutta	1
silmällä	1
pitäen	1
sarjaportit	1
jne	1
integroituna	1
laitteistoon	1
saavat	1
virtansa	1
sisäänrakennetusta	1
akusta	1
rajallisen	1
ulkoista	1
virtalähdettä	1
tilansäästön	1
kannettavan	1
jakavat	1
muistin	1
keskenään	1
hidastaa	1
kotitietokoneisiin	1
komponenttien	1
integroinnin	1
päivitettävyys	1
kärsii	1
vanhenevat	1
poistuvat	1
korvautuvat	1
uusilla	1
nopeammin	1
rajoitettua	1
toiminnallisuutta	1
firewire	1
portteihin	1
liitettävillä	1
laajennuksilla	1
kannettavilla	1
tietokoneilla	1
alaluokkia	1
englannin	1
kielessä	1
subnotebooks	1
yhteistä	1
useimmat	1
pieniä	1
kooltaan	1
kokoinen	1
hyvinkin	1
pyörittää	1
täyttä	1
työpöytäjakelua	1
gnulinuxkäyttöjärjestelmistä	1
ultrakannettavat	1
subnotebookluokat	1
subnotebookluokitukseen	1
kuuluvia	1
maailmanmarkkinoilla	1
eroavat	1
ohjelmistollisesti	1
tavanomaisista	1
ratkaisuista	1
eritellään	1
itsenäiseksi	1
luokitukseksi	1
isommat	1
kannettavia	1
pyrkivät	1
kompromissin	1
subnotebook	1
luokituksen	1
muodostaen	1
tehotyöasemakannettavien	1
luokan	1
minikannettava	1
pienikokoisia	1
edullisia	1
simpukkakoteloinnilla	1
varustettuja	1
langatonta	1
yhteydenpitoa	1
internetissä	1
tapahtuvaa	1
viestintää	1
halvempia	1
subnotebookluokan	1
näyttöjen	1
koot	1
tuumaan	1
ruudun	1
480	1
1024	1
600	1
toisaalta	1
uusimpien	1
kuvapistekoko	1
niinkin	1
1280	1
768	1
yleisempänä	1
minikannettavia	1
räätälöidyllä	1
gnulinuxkäyttöjärjestelmällä	1
pienelle	1
optimoidulla	1
sovellusohjelmistopaketilla	1
linuxpohjaista	1
google	1
androidia	1
käyttäviä	1
koneita	1
mallit	1
hyödykseen	1
pilvilaskentaa	1
siirtää	1
tarvitsemastaan	1
tiedoista	1
langattomasti	1
tehokkaammille	1
keskustietokoneille	1
useissa	1
minikannettavissa	1
flashpohjaiset	1
ssdkiintolevyt	1
mekaanisten	1
sijasta	1
ssdlevyn	1
rajoittaa	1
tilavuuden	1
32	1
gigatavuun	1
tavallisilla	1
mekaanisilla	1
kiintolevyillä	1
varustetut	1
160gt	1
kiintolevyn	1
msin	1
wind	1
u100	1
minikannettavassa	1
keksittiin	1
olpcprojektissa	1
kehitysmaiden	1
koulutustason	1
nostamista	1
pcsarjan	1
länsimaiden	1
internetpalveluntarjoajat	1
markkinoivat	1
aloittelijoiden	1
paneelitietokone	1
tabletti	1
tablet	1
kosketusnäytöllisiä	1
taulutietokonetta	1
ohjataan	1
koskettamalla	1
näyttöä	1
sormin	1
osoitinkynällä	1
styluksella	1
korvataan	1
taulutietokoneita	1
tavanomaisten	1
mahdollista	1
työtehtävien	1
edellyttämiä	1
toimenpiteitä	1
yleistyneet	1
viihdekäytössä	1
lanseerattua	1
ipadin	1
sanomien	1
pidetyssä	1
kilpailussa	1
etsittiin	1
taulutietokoneelle	1
toimitus	1
valitsi	1
nimiehdotuksien	1
joukosta	1
sanan	1
sormitietokone	1
ehdottajaa	1
11900sta9	1
ultrakannettava	1
ultrakannettavatietokone	1
umpc	1
luokitus	1
sisäänsä	1
pienikoteloiset	1
kehittivät	1
hetken	1
umpct	1
xp	1
vista	1
räätälöidyn	1
linuxpohjaisen	1
matalan	1
virrankulutuksen	1
omaavan	1
suorittimen	1
atom	1
vian	1
c7m	1
q1	1
ultra	1
wibrain	1
b1	1
umpclaitteita	1
internetpääte	1
ultrakannettavientietokoneiden	1
rinnalla	1
innovoimat	1
midtietokoneet	1
umpctä	1
taskutietokoneita	1
matkapuhelimia	1
isompia	1
suorituskykyisempiä	1
tyypillisenä	1
esimerkkinä	1
midtietokoneista	1
n800	1
n900	1
umpcitä	1
midtietokoneita	1
älypuhelimien	1
taulutietokoneiden	1
jäävän	1
aukon	1
täyttäviksi	1
tietokoneiksi	1
htpc	1
yleishyödyllinen	1
yhdistelee	1
videonauhurin	1
musiikkisoittimen	1
kotitietokoneeseen	1
kokoiseen	1
tietokonenäyttöön	1
projektoriin	1
toimintoihin	1
tietokonepelien	1
pelaamisen	1
digitaalisten	1
valokuvien	1
musiikin	1
kuuntelu	1
televisiolähetyksen	1
tallennuskyky	1
kotiteatteritietokoneiden	1
kotiteatterin	1
samaan	1
kotitaloudessa	1
mediapalvelimen	1
tehtävänä	1
vastaanottaa	1
toistaa	1
muilta	1
kotitalouden	1
kytketyiltä	1
henkilökohtaisilta	1
tietokoneilta	1
internetistä	1
jaettuja	1
medialähteitä	1
tv	1
xbox	1
360	1
htpclaitteet	1
tyypillisiä	1
kotiteatteritietokoneita	1
pienille	1
kokoisille	1
henkilökohtaisille	1
tietokoneille	1
tyypillisimmät	1
alaluokat	1
älypuhelimista	1
kämmentietokoneista	1
pda	1
pdatyyppinen	1
valmistama	1
newton	1
taskutietokoneisiin	1
pocket	1
vaihtoehtoiset	1
netbsd	1
käytettyjä	1
kämmentietokoneissa	1
tavallisen	1
kotitietokoneen	1
pienestä	1
koosta	1
muistikammat	1
kiinnitetään	1
kuuluville	1
paikoille	1
cddvdasemat	1
asianmukaisilla	1
kaapeleilla	1
ulkopuolelta	1
emolevyn	1
laajennuspaikkaan	1
asennettuun	1
emolevylle	1
integroituun	1
elektroniikkakomponentteja	1
täyteen	1
ladottu	1
piirilevy	1
koottu	1
oleellinen	1
elektroniikka	1
suuntaus	1
erillisillä	1
piirilevyillä	1
ryhdytty	1
latomaan	1
ethernetportti	1
kustannustehokkuuden	1
pelitietokoneissa	1
tärkeää	1
käyttäjä	1
mieleisensä	1
integroimatta	1
etulevyyn	1
valitaan	1
erikseen	1
paikat	1
muistikammoille	1
suorittimelle	1
lisäkorteille	1
liitin	1
virtalähteeseen	1
liittimet	1
kiintolevyille	1
cdlukijalle	1
mahdollisille	1
sarjaportille	1
rinnakkaisportille	1
levykeasemalle	1
usbliittimiä	1
kaiutin	1
korvakuuloke	1
mikrofoniliittimet	1
mallista	1
riippuen	1
firewireliitin	1
nopeamman	1
tiedonsiirron	1
massamuistilaitteille	1
pääsuoritin	1
ydin	1
suorittimien	1
kehittyminen	1
nopeammiksi	1
parantanut	1
laskentatehoa	1
kehittyvät	1
sukupolvittain	1
tiedonkäsittelykaistan	1
suurentunut	1
harrastelijoiden	1
koottavat	1
4bittisiä	1
myöhemmät	1
kotimikrot	1
8biittisiä	1
16bittinen	1
ensin	1
16bittisiksi	1
32bittisiksi	1
henkilökohtaistenkin	1
64bittisiä	1
henkilökohtaisen	1
nopea	1
väliaikainen	1
varasto	1
sijoittaa	1
tärkeät	1
välittömästi	1
saatavilla	1
heti	1
tarvitaan	1
puolijohteista	1
valmistettuja	1
ram	1
akronyymi	1
eng	1
sanoista	1
random	1
access	1
memory	1
piirejä	1
dramia	1
sramia	1
pääasiallisena	1
keskusmuistina	1
tyyppistä	1
mikäkin	1
koneesta	1
luonteesta	1
moninkertaisesti	1
nopeampaa	1
tavalliset	1
massamuistitaltiot	1
optiset	1
luonteeltaan	1
haihtuvaa	1
muisti	1
säilytä	1
sisältöään	1
katketessa	1
järjestelmästä	1
sovellu	1
ottaen	1
pidempiaikaiseen	1
säilyttämiseen	1
lopulliseen	1
5400	1
7200	1
minuutissa	1
pyörivä	1
koteloitu	1
levypakka	1
tallennusmuistina	1
varastoitu	1
tieto	1
katoa	1
tietokoneesta	1
katkaistaan	1
virta	1
tallennusmuistit	1
nauhaasemia	1
kokoisia	1
levyjä	1
pehmeytensä	1
lerpuiksi	1
aluksi	1
180	1
kb	1
lopuksi	1
mb	1
katsottiin	1
välittämättömäksi	1
lisätä	1
sisälle	1
megatavuja	1
tämäntyyppinen	1
xt	1
ps2n	1
vaihtuivat	1
312	1
koviin	1
muovikuoriin	1
pakattuihin	1
levykkeisiin	1
kokonsa	1
taipumattomuutensa	1
korpuiksi	1
lisääntynyt	1
kovalevyt	1
tallennuskapasiteetiltaan	1
komponentti	1
päätehtävänä	1
piirtää	1
grafiikkaa	1
näytönohjainten	1
näytönohjaimiin	1
videopelien	1
lisää	1
hinnasta	1
mikäli	1
koneissa	1
hyvät	1
tietokonepeliominaisuudet	1
levyke	1
zip	1
jazzasemat	1
levyketyyppisiä	1
ratkaisuja	1
optinen	1
dvd	1
hddvd	1
bluray	1
flashmuisti	1
sisäinen	1
muistikortti	1
tms	1
asentaa	1
useammallekin	1
asennetaan	1
tyypillisesti	1
kiintolevylle	1
livecd	1
asennettu	1
dvdlevylle	1
mahdollinen	1
hidas	1
levyn	1
käytettävä	1
sisältö	1
mahdu	1
keskusmuistiin	1
asennuksen	1
esitellään	1
ratkotaan	1
laajennuskortteja	1
tulostin	1
kuvanlukija	1
skanneri	1
monitoimilaite	1
webkamera	1
kaiuttimet	1
modeemi	1
reititin	1
kuulokkeet	1
mikrofoni	1
muistikortinlukija	1
peliohjain	1
tvkortti	1
verkkokortti	1
modeemikortti	1
usbmuisti	1
termi	1
tietokoneohjelmien	1
kokoelmia	1
dokumentaatiota	1
kaikkea	1
toimintoa	1
tietokonejärjestelmässä	1
tekstinkäsittelyohjelmat	1
sisältöä	1
välitason	1
ohjelmien	1
valtaosan	1
työkaluista	1
ohjelmistollinen	1
rajapinta	1
hallitsee	1
tarjoa	1
ohjelmoijille	1
käsiksi	1
resursseihin	1
käsittelee	1
käyttäjän	1
syötettä	1
hallitsemalla	1
ajettavia	1
varattuja	1
palveluna	1
ajattaville	1
ohjelmille	1
pohjatason	1
muistinhallinnan	1
lähettämien	1
vastaanottamien	1
kutsujen	1
järjestelyn	1
kiireellisyyden	1
tärkeyden	1
syötelaitteiden	1
ohjauksen	1
yhteyksien	1
ylläpidon	1
hallinnan	1
käyttöjärjestelmämarkkinat	1
käyttöjärjestelmäperheen	1
hallussa	1
käytössä	1
nt	1
levitysversioiden	1
xpn	1
vistan	1
7n	1
90101112	1
appleyhtiön	1
xjakelu	1
darwin	1
bsdkäyttöjärjestelmälle	1
avoimeen	1
lähdekoodiin	1
perustuvan	1
gnulinuxkäyttöjärjestelmän	1
lukuisat	1
syytä	1
solaris	1
freebsdkäyttöjärjestelmät	1
windowsia	1
oteta	1
huomioon	1
mainitut	1
epäsuorasti	1
unixkäyttöjärjestelmien	1
sukuun	1
bell	1
labsn	1
laboratoriossa	1
myöhäisellä	1
1960luvulla	1
kehkeytynyt	1
perheitä	1
avoimia	1
vapaita	1
kaupallisia	1
suljettuja	1
tunnetuimmat	1
unixperheet	1
system	1
v	1
release	1
symbian	1
gnulinuxjakelut	1
android	1
maemo	1
taskutietokoneiden	1
tuotenimi	1
usealle	1
erilaiselle	1
käyttöympäristölle	1
kehittänyt	1
valmistanut	1
esitteli	1
käyttöympäristön	1
lisäohjelmana	1
msdoskäyttöjärjestelmälle	1
marraskuussa	1
vastauksena	1
kasvavaan	1
kiinnostukseen	1
graafisia	1
käyttöliittymiä	1
kohtaan1314	1
uusin	1
windowskäyttöjärjestelmä	1
palvelinversio	1
server	1
perhe	1
unixin	1
kaltaisia	1
lupaavimmissa	1
esimerkeistä	1
vapaan	1
ohjelmiston	1
avoimen	1
kehityksestä	1
tyypillistä	1
lähdekoodit	1
kenen	1
tahansa	1
muokattavissa	1
käytettävissä	1
käyttämästä	1
linuxytimestä	1
linus	1
torvalds	1
1991	1
järjestelmätyökalut	1
kirjastot	1
gnukäyttöjärjestelmältä	1
richard	1
stallman	1
gnuprojektilta	1
panostukset	1
ajaneet	1
suosimaan	1
gnulinuxnimitystä	1
tunnettuna	1
palvelinkäyttöjärjestelmänä	1
linuxia	1
tukee	1
moninainen	1
novell	1
oracle	1
red	1
hat	1
canonical	1
mitä	1
erilaisimmissa	1
supertietokoneet	1
multimediatietokoneet	1
useat	1
kolikkopelikoneet	1
sulautetut	1
matkapuhelimet	1
reitittimet	1
aiemmilta	1
nimiltään	1
kehittämä	1
käyttöjärjestelmäperhe	1
macintoshtietokoneisiin	1
seuraaja	1
alkuperäiselle	1
käyttöjärjestelmäperheelle	1
ensisijainen	1
1984	1
edeltäjänsä	1
darwinin	1
tietokoneohjelmia	1
suorittavat	1
annettuja	1
ohjelmoinnin	1
mukaisesti	1
täytyy	1
muistaa	1
käyttöympäristö	1
useista	1
sadoista	1
tuhansista	1
pienistä	1
ohjelmista	1
käyttöjärjestelmäkin	1
sovellusohjelmistoa	1
ohjelmistoalustaa	1
peleillä	1
hyötyohjelmilla	1
ohjelmistoa	1
tiettyä	1
yksittäistä	1
tehtävää	1
jonkin	1
suuremman	1
ohjelman	1
tietokonepeleissä	1
harva	1
kehittää	1
fysiikkamoottoriaan	1
esineiden	1
laskemista	1
työläs	1
aikaa	1
vievä	1
tehtävä	1
sijaan	1
ostetaan	1
valmisfysiikkaa	1
laskeva	1
välitasonohjelma	1
havok	1
laskemaan	1
fysiikkaa	1
kehittäjän	1
pelimoottorin	1
katso	1
dec	1
ubuntu	1
työasematietokone	1
supertietokone	1
palvelintietokone	1
risc	1
mips	1
cisc	1
luokkahenkilökohtaiset	1
maakuntakeskus	1
suulla	1
maakunnassa	1
kuntaliitoksien	1
väkiluvultaan	1
seitsemänneksi	1
kaupunkialue	1
naapurikunnat	1
eurajoki	1
kankaanpää	1
kokemäki	1
merikarvia	1
nakkila	1
pomarkku	1
sastamala	1
siikainen	1
ulvila	1
jazzfestivaalistaan	1
yyterin	1
hiekkarannoista	1
kirjurinluodosta	1
jääkiekkoseura	1
ässistä	1
mestaruutta	1
veikkausliigassa	1
1990luvulla	1
voittaneesta	1
jalkapalloseurasta	1
fc	1
jazzista	1
teatterista	1
teatteri2	1
historiansa	1
oulu	1
useammin	1
kertaa3456	1
15587	1
pohjoispuolelle	1
kulkukelvottomaksi	1
isoille	1
laivoille	1
silloiselle	1
rannikolle	1
rantaviiva	1
loitonnut	1
päähän	1
äärellä	1
päässä	1
mittakaavassa	1
satamakaupunki	1
satamat	1
mäntyluodossa	1
tahkoluodossa	1
maantieyhteyksistä	1
tärkeimmät	1
valtatiet	1
noormarkku	1
liitettiin	1
poriin8	1
laajeni	1
kymmeniä	1
kilometrejä	1
sisämaahan	1
päin	1
ruotsinkielisen	1
nimen	1
loppuosasta	1
borg	1
linna	1
pori9	1
karhulinnaa	1
muinaiskreikasta	1
latinankielinen	1
arctopolis	1
suomeksikin	1
lempinimityksenä	1
samaa10	1
tasavallan	1
presidentti	1
joulukuuta	1
193111	1
piirtänyt	1
olof	1
eriksson	1
piirretyn	1
27	1
lokakuuta	1
1959	1
karhuaihe	1
peräisin	1
sinetistä	1
tunnuslause	1
deus	1
protector	1
noster	1
jumala	1
suojelijamme	1
perustajan	1
herttuan	1
vaakunasta	1
maantiede	1
maanmittauslaitoksen	1
mittausten	1
sisävesialueita	1
loput	1
merivesialueita12	1
virtaa	1
kokemäenjoki	1
historiaan	1
200	1
virtaamisnopeus	1
vähäinen	1
suisto	1
suuhaarojen	1
juopien	1
jäävät	1
luodoiksi	1
nimitetyt	1
suistosaaret	1
alkaa	1
tuntumasta	1
ympäristössä	1
etelän	1
pohjoisen	1
reunaosien	1
tasaisesta	1
rikkonaisemmasta	1
moreenimaasta	1
yyterin­niemen	1
harjuainekseen	1
kokemäenjokisuiston	1
jokivarren	1
hietakerrostumiin	1
rannikkoseudut	1
alavaa	1
keskikorkeus	1
merenpinnasta	1
paikoittain	1
loiviksi	1
dyyneiksi	1
nähtävissä	1
yyterissä	1
hiekkarannat	1
kuuluisimpia	1
kivilaji	1
levittäytynyt	1
kallioperään	1
tasaiseksi	1
patjaksi	1
paksujen	1
irtonaisten	1
maakerrosten	1
peittämää	1
kohta	1
kiimakalliot	1
kohoavat	1
507	1
korkeuteen1314	1
saaristoosakunta	1
saaristoosiin	1
sovelletaan	1
saaristokuntaa	1
koskevia	1
säännöksiä	1
alueliitokset	1
alueliitoksia	1
661	1
35	1
maaalaa	1
311	1
vesialaa16	1
aluemaaalueen	1
suuruusvesialueen	1
suuruusalue	1
yhteensävuosiosa	1
mlksta05km	1
42km	1
47km	1
1911osa	1
mlksta30km	1
211km	1
241km	1
1939osa	1
mlksta375km	1
29km	1
404km	1
ulvilasta205km	1
14km	1
219km	1
mlksta08km	1
05km	1
13km	1
1960porin	1
mlk	1
kokonaan1844km	1
190km	1
2034km	1
1967lattomeriniittymaa	1
ulvilasta	1
nakkilasta320km	1
00km	1
320km	1
1971ahlainen1863km	1
1000km	1
2863km	1
1972noormarkku3169km	1
152km	1
3321km	1
2010lavia13211km	1
366km	1
3577km	1
pakkoliitettiin	1
valtioneuvoston	1
päätöksellä17	1
näkyviin	1
rannikon	1
luotojen	1
silokallioina	1
mäkien	1
harjanteina	1
paljastunut	1
rapautunut	1
suuriksi	1
lohkareröykkiöiksi	1
tällaista	1
näkee	1
kokemäenjokilaakson	1
lounaispuolen	1
hiekkakiveä	1
hiekkakivikerroksen	1
tunkeutuvat	1
lounaisosissa	1
diabaasikalliot	1
pohjois	1
koillispuolella	1
dioriitteja	1
kallioperäjuonteet	1
noudattavat	1
suuntaa	1
luode	1
kaakkosuunnassa	1
maakuntakivi	1
rakennetutkimusten	1
joensuistosedimentti	1
aineksen	1
pääasialliset	1
kuljetussuunnat	1
luoteeseen	1
seuduilla	1
malmin	1
etsintää	1
tutkimuksissa	1
löytynyt	1
malmimineraaleja	1
malmipitoisuus	1
kaivostoimintaa	1
aloittaa	1
reunaalueiden	1
viasveden	1
kuuminaistenniemen	1
suunnassa	1
moreenia	1
kaikenkokoisista	1
kiviaineksista	1
moreenimaat	1
kuusimetsän	1
peitossa	1
ruosniemessä	1
moreeniselänteitä	1
puhkovat	1
kalliopaljastumat	1
painanteissa	1
turvemaata	1
harjuainesta	1
yyterinniemellä	1
harjuista	1
hiekkaa	1
soraa	1
joten	1
jäljelle	1
jäänyt	1
kuoppia	1
kohdissa	1
hiekkadyyneiksi	1
alavien	1
tasankojen	1
jokitörmien	1
maalajeja	1
hieno	1
hieta18	1
savikerrokset	1
muodostuneet	1
toisissa	1
paksuisiksi	1
hietaa	1
pellot	1
erinomaisia	1
viljelysmaita	1
suot	1
kullaalla	1
itäosissa	1
harvat	1
soista	1
luonnontilassa	1
soita	1
kuivattu	1
viljelykäyttöön	1
paikoin	1
turvetta	1
vesistöt	1
vesistöjä	1
rannikkoa	1
virtaussuunnat	1
etelästä	1
veden	1
korkeuden	1
vaihtelu	1
130	1
lämpötila	1
syvänteissä	1
astetta	1
pintavesi	1
lämpenee	1
heinäkuussa	1
15asteiseksi	1
rannikkovedet	1
jäätyvät	1
marrasjoulukuussa	1
kiintojään	1
vahvuus	1
saasteista	1
puhdistua	1
vesilakien	1
määräämät	1
puhdistamot	1
ilmasto	1
syntyy	1
suistoon	1
edeltäjänä	1
pitää	1
koke­mäen­joen	1
1300luvulla	1
perustettua	1
purjehtiminen	1
joella	1
vaikeutui	1
jatkuvasti	1
kokemäen	1
merkitys	1
vähenemistään	1
päässeet	1
jokea	1
ylös	1
kustaa	1
vaasa	1
lakkautti	1
1550	1
määräsi	1
samoin	1
porvoon	1
tammi­saaren	1
muuttamaan	1
porvaristo	1
viihtynyt	1
vasta­perustetussa	1
useiden	1
anomuksien	1
lakkautettujen	1
luvan	1
lähteä	1
entisille	1
asuinseuduilleen	1
ulvilalaisia	1
odotti	1
muutto­käsky	1
herttua	1
halusi	1
perustaa	1
lähemmäksi	1
merta	1
kauppa­kaupungin	1
ulvilalaisten	1
muutettava	1
maaliskuuta	1
1558	1
antamassaan	1
perustamis­kirjeessä	1
sanotaan	1
nähneet	1
hyväksi	1
puolelle	1
rakennettava	1
vahva	1
kauppakaupunki	1
emmekä	1
ulvilassa	1
löydä	1
linnoitettavaksi	1
soveltuvaa	1
valinneet	1
paikan	1
luota19	1
alku­vaiheessa	1
asusti	1
vastentahtoista	1
asuinpaikkansa	1
puolia	1
edullisen	1
sijainnin	1
vastaiskujen	1
aikakausi	1
kasvoi	1
rikastui	1
rakennettiin	1
kuninkaankartano	1
1563	1
lopulla	1
tilanne	1
äkisti	1
veljensä	1
kuningas	1
xiv	1
riitautuivat	1
joutuivat	1
tilanteeseen	1
väliltä	1
hylkäsivät	1
alistuen	1
alamaiseksi	1
tyytyväinen	1
porilaisille	1
palkinnoksi	1
1564	1
vapaakauppaoikeudet	1
näytti	1
hyvältä	1
tuhota	1
1570luvulla	1
raiteilleen	1
alkupuolella	1
kasvanut	1
kolmanneksi	1
suurimmaksi	1
kaupungiksi	1
asukkaita	1
vajaa	1
tuhat	1
kasvulle	1
näkynyt	1
loppua	1
1640luvulla	1
seutua	1
oltiin	1
aikeissa	1
omaksi	1
läänikseen	1
lääni	1
jäi	1
lyhytikäiseksi20	1
kokema	1
takaisku	1
tuohon	1
lopetettiin	1
1630luvulla	1
oppilaat	1
pakkomuutettiin	1
brahe	1
helpottaa	1
koulutusvajetta	1
perustamalla	1
triviaalikoulun	1
oppilaitos	1
tuhoutui	1
täydellisesti	1
1688	1
kaupunkipalossa	1
triviaalikoulu	1
siirrettiin	1
raumalle	1
tilalle	1
avattiin	1
vaatimattomampi	1
tuon	1
tapahtumasarjan	1
ajautui	1
alennustilaan	1
vallattu	1
suuressa	1
pohjan	1
sodassa	1
venäläiset	1
valtaajat	1
tuhosivat	1
runsain	1
mitoin	1
infrastruktuuria	1
rauhan	1
tultua	1
toipua	1
vapautettiin	1
veroista	1
tehdasteollisuuden	1
esiinmarssi	1
1700luvun	1
puolessa	1
ylitti	1
tuhannen	1
päässyt	1
makuun	1
vetureina	1
runsas	1
ulkomaankauppa	1
lähiseutujen	1
maakauppa	1
tapulioikeudet	1
1765	1
sadan	1
tauon	1
vientitavaroita	1
vilja	1
karja	1
pellava	1
puutavara	1
porilla	1
mahtava	1
kävivät	1
saksassa	1
purjelaivojen	1
valmistus	1
tehdasteollisuus	1
noihin	1
aikoihin	1
päätään	1
tupakkatehtaan	1
aloittikin	1
teollisen	1
vallankumouksen	1
värjäyslaitos	1
flanellikutomo	1
kaupungilla	1
siis	1
suhteellisen	1
1801	1
jättäen	1
kodittomaksi	1
jälleenrakennustyöt	1
laivaliikenne	1
sahatavaran	1
tervan	1
viennistä	1
kauppalaivastosta	1
kehittyi	1
mahtavampi	1
1840luvulla	1
höyrylaivat	1
kestänyt	1
kauankaan	1
22	1
rakennuksista	1
köyhät	1
kaupunkilaiset	1
rakensivat	1
tilapäisasuntoja	1
palojätteistä	1
kaiken	1
omaisuutensa	1
menettäneet	1
kuoppaasuntoihin	1
kaivoivat	1
hiekkakankaalle	1
johtajat	1
tarpeekseen	1
tulipaloista	1
päättivät	1
karkottaa	1
tulipalot	1
lopullisesti	1
suunnittelivat	1
suurine	1
puistokatuineen	1
laivanvarustus	1
hiipuivat	1
1800luvun	1
puolivaiheessa	1
laivanrakennus	1
vilkkaana	1
reposaaressa	1
perustetuista	1
tehtaista	1
päätyi	1
konkurssiin	1
teollisuuskaupungiksi	1
saha	1
metalli	1
tekstiiliteollisuus	1
työllistäjiä	1
rosenlew	1
puuvillatehdas	1
teollinen	1
synnytti	1
äveriään	1
yläluokan	1
valtasi	1
muodostuikin	1
varakkaan	1
väen	1
asuinalue	1
köyhempi	1
työväenluokka	1
rikkaiden	1
köyhien	1
välinen	1
kuilu	1
aiheutti	1
kapinointia	1
1900luvun	1
työväestö	1
alkoikin	1
vaatia	1
parempaa	1
kohtelua	1
sotien	1
nopeaa	1
tahtia	1
75000	1
ylitettiin	1
piikki	1
lähti	1
laskuun	1
peräti	1
kehittyä	1
kaltaisekseen	1
viimeisen	1
suurpalon	1
haluttiin	1
avarampi	1
lääninarkkitehti	1
gth	1
chiewitz	1
suunnitteli	1
asemakaavan	1
keisari	1
nikolai	1
hyväksyessä	1
sen21	1
keskusta	1
etelärannalla	1
katuverkko	1
tyypillisen	1
ruutukaavan	1
toisensa	1
kohti­suorasti	1
leikkaavaa	1
katuja	1
leveämpää	1
esplanadi­tyyppistä	1
puistokatua	1
nimenä	1
risteys­kohdan	1
pohjois­puolella	1
pohjois­puisto	1
etelä­puolella	1
etelä­puisto	1
itä­puisto	1
länsi­puisto	1
kaupunkikuvaa	1
kauppojen	1
reunustama	1
jokivarresta	1
etelään	1
johtava	1
yrjönkatu	1
muutettiin	1
kävelykaduksi	1
asemakaavalla	1
vahvistettu	1
kävelykatu22	1
laajat	1
puistokeskittymät	1
ilmeen	1
kohottamista	1
pidetty	1
tärkeänä	1
maaporin	1
osayleiskaavassa	1
esiteltiin	1
projekti	1
loisi	1
liikenteen	1
akselin	1
promenadipori	1
alkaisi	1
pohjoisosista	1
toejoen	1
yhteisestä	1
vaasantien	1
yliopistokeskuksen	1
ohi	1
ylitse	1
kävelykadulle	1
toisesta	1
isonmäen	1
urheilukeskuksen	1
läntisen	1
kaupalliseen	1
keskittymään	1
maantien	1
8n	1
promenadiprojekti	1
avatun	1
ensimmäisen	1
pysyvän	1
aloittamaa	1
uudistamista	1
tavoitteena	1
kaupunkikeskustan	1
säilyttäminen	1
elävänä	1
viihtyisyyden	1
parantaminen	1
joukkoliikenteen	1
pysäköintijärjestelyiden	1
kehittäminen	1
keskeisiä	1
katutiloja	1
jaksotettiin	1
tilallisesti	1
rakenteiden	1
katosten	1
kalusteiden	1
istutusten	1
opasteiden	1
materiaalien	1
värityksen	1
valaistuksen	1
projektilla	1
erityinen	1
viihtyisyyteen	1
vauhdittamana	1
musiikki	1
elokuvateatterikeskus	1
promenadikeskus	1
kirjurinluodolta	1
pohjoisrannoille	1
kävelysillat	1
raatimiehenluotoon	1
jazzin	1
konserttikäyttöön	1
deltaareena	1
matkakeskuksen	1
yhteyteen	1
täydensi	1
hanketta23	1
promenadiporiprojekti	1
arkkitehtiliiton	1
vuotuisen	1
safapalkinnon	1
onnistuneesta	1
arkkitehtuuria	1
elävää	1
kaupunkiympäristöä	1
edistäneestä	1
kansallinen	1
kaupunkipuisto	1
ytimen	1
promenadiporiin	1
puistoakselit	1
liittyvät	1
hautausmaat	1
jatkuu	1
pohjoisessa	1
suiston	1
luodoille	1
etelässä	1
metsään24	1
arkkitehtonisesti	1
näyttävimpiin	1
kiviset	1
uusrenessanssi	1
tyyliset	1
pohjoispuisto	1
uusklassisen	1
raatihuoneen	1
suunnitellut	1
carl	1
ludvig	1
engel	1
krookin	1
pääteoksen	1
junneliuksen	1
palatsin	1
maamerkkinä	1
uusgoottilainen	1
kirkko	1
jugendajan	1
kohteista	1
usko	1
nyströmin	1
1910	1
suunnittelema	1
cygnaeuksen	1
väestö	1
kuntaliitosten	1
naisia	1
ulkomaan	1
kansalaisten	1
21	1
syntyvyys	1
kuolleisuutta	1
alhaisempaa	1
lukuun	1
ottamatta	1
722	1
kuolleisuus	1
104	1
kotimaasta	1
3247	1
sieltä	1
pois	1
3359	1
ihmistä	1
huomioidaan	1
siirtolaisuus	1
asukkaiden	1
304llä1625	1
yksikielisesti	1
kieltä	1
puhuu	1
äidinkielenään	1
05	1
suomi	1
hallintokieli	1
1905	1
kielet	1
ryhmän	1
venäjä	1
1970luvulla	1
tuntumaan	1
2000luvulle	1
kuntaliitos	1
runsaaseen	1
83000een	1
kuntaliitoksen	1
harppauksia	1
selittää	1
alueliitoksilla	1
taulukossa	1
voimassa	1
ollutta	1
aluejakoa	1
kuvaajassa	1
esitetty	1
väestönkehitys	1
välein	1
112016	1
tilanteen	1
mukainen	1
alueliitoskuntien	1
yhdistetty	1
tilastoinnissa	1
kahdeksaan	1
suurempaan	1
alueeseen	1
keskikaupunki	1
745	1
pohjoinen	1
435	1
itäinen	1
läntinen	1
220	1
857	1
pohjoispori	1
268	1
lounaispori	1
376	1
edellisistä	1
alueiksi	1
kylistä	1
kaupunginosista	1
ahlaisen	1
meriporiin	1
pohjoisporiin	1
kunta	1
pohjoisporiin16	1
92	1
kaupunginosaa28	1
lopussa	1
587	1
78	1
302	1
taajamissa	1
377	1
hajaasutusalueilla	1
908	1
lasketaan	1
936	1
29	1
taajamaväestö	1
jakautuu	1
taajaman	1
kesken30	1
lihavoitu	1
asteriskilla	1
merkityt	1
osittain	1
ulottuu	1
harjavallan	1
alueille30	1
keskustaajamassa	1
190	1
12137	1
neliökilometriä31	1
kyläsaaripihlavan	1
taajamaan	1
kyläsaaren	1
enäjärvi	1
paarnoori	1
uusiniitty	1
2018	1
aluejaon	1
seurakunnat32	1
teljän	1
seurakuntayhtymän	1
2019	1
alusta	1
pomarkun	1
ortodoksisen	1
seurakunnista	1
ortodoksinen	1
seurakunta33	1
entiset	1
luettelossa	1
mainittu	1
historiallisella	1
ajalla	1
lakkautetut	1
nykyisellä	1
alueella32	1
maaseurakunta	1
jaettu	1
seurakunniksi	1
yliopistokoulutus	1
yliopistollinen	1
käynnistyi	1
tällöin	1
tutkimuskeskus	1
teknillistä	1
liiketaloudellista	1
täydennyskoulutusta	1
ammatillinen	1
jatkokoulutus	1
insinööristä	1
diplomiinsinööriksi	1
1987	1
korkeakouluyksiköksi	1
taideteollinen	1
korkeakoulu	1
korkeakouluyksikön	1
yliopistokeskukseksi	1
aaltoyliopisto	1
teknillinen	1
opiskella	1
tekniikkaa	1
kauppatieteitä	1
humanistisia	1
tieteitä	1
yhteiskuntatieteitä	1
visuaalista	1
kulttuuria	1
ammattikorkeakoulutus	1
vakinaisen	1
samk	1
ammattikorkeakoulussa	1
opiskelee	1
opiskelijaa	1
järjestäytyneet	1
opiskelijakunta	1
sammakkoon	1
samkissa	1
opetusta	1
osaamisalueella	1
hyvinvointi	1
terveys	1
palveluliiketoiminta	1
logistiikka	1
meriteknologia	1
teknologia	1
paikkakunnalla	1
raumalla	1
kankaanpäässä	1
huittisissa	1
diakoniaammattikorkeakoulun	1
yksikkö	1
amktutkinnot	1
liittää	1
diakonin	1
diakonissan	1
muu	1
esiopetukseen	1
osallistuu	1
ikäluokasta	1
peruskouluopetus	1
monipuolista	1
25	1
ylläpitämää	1
perusopetuksen	1
erityiskoulua	1
korvaavina	1
kouluina	1
yksityiset	1
kristillinen	1
steinerkoulu	1
svenska	1
samskola	1
peruskoululaisia	1
7300	1
lukioita	1
lyseon	1
suomalaisen	1
yhteislyseon	1
aikuislukio	1
lukiosta	1
kuvataide	1
ilmaisu	1
luonnontiedepainotusta	1
erityisiä	1
liiketalouskursseja	1
lukio35	1
palveluopisto	1
tekniikkaopisto	1
metsäopisto	1
ammattiopistoksi	1
innova	1
länsisuomen	1
winnovaksi	1
asteen	1
valmistutaan	1
musiikkiteknologiksi	1
muusikoksi	1
opiskelevia	1
valtakunnallinen	1
aikuiskouluttaja	1
jakk	1
terveydenhuolto	1
sairaanhoitopiirin	1
perusturvakeskus	1
järjestää	1
sosiaali	1
terveyspalvelut	1
sairaala	1
aik	1
kaupunginsairaala	1
lääkärien	1
terveydenhoitajien	1
sairaanhoitajien	1
kolmella	1
lähipalvelualueella	1
länsiporissa	1
pohjoisporissa	1
itäporissa	1
lääkärin	1
vastaanottoa	1
tarjotaan	1
pääterveysasemalla	1
itäporin	1
lähipalvelukeskuksessa	1
kauppakeskuksen	1
toimivalla	1
pohjoisporin	1
terveysasemalla36	1
mäntyluoto	1
2n	1
päätepisteenä	1
päättyi	1
keskustaan	1
tienumerointiuudistuksessa	1
seututie	1
265	1
mäntyluodon	1
satamaan	1
numeroitiin	1
valtatieksi	1
alkupisteenä	1
valtateille	1
kulkee	1
kulje	1
yhtään	1
moottoritietä	1
paikallista	1
bussiliikennettä	1
lähikunnissa	1
linjat	1
linjallaan	1
matkustajia	1
syksyllä	1
uutena	1
linjana	1
cityliikennelinja	1
tiheällä	1
vuorovälillä	1
reitillä	1
matkakeskus	1
puuvilla	1
kesäaikaan	1
julkista	1
liikennettä	1
kaupunkijuna	1
tunnissa	1
reittiä	1
porttaali	1
urheilukeskus	1
kirjurinluoto	1
rautatieasemalta	1
yhteydet	1
junaliikenne	1
vrn	1
intercityjunilla	1
intercityvuoro	1
kesäkuussa	1
yhdellä	1
edestakaisella	1
päivittäisvuorolla	1
pohjoismaiden	1
sahatavarasatamia	1
johtavia	1
konttisatamia	1
pohjanlahden	1
syvin	1
153	1
kolmesta	1
erillisestä	1
osasta	1
mäntyluodosta	1
tahkoluodon	1
syväsatamasta	1
öljy	1
kemikaalisatamasta	1
sataman	1
keskuskalasatama	1
vaasalainen	1
varustamo	1
vaasanlaivat	1
sundsvalliin	1
polar	1
express	1
aluksella	1
jalankulku	1
pyöräilyverkoston	1
kilometriä37	1
pyöräilykohde	1
maanpinta	1
kauttaaltaan	1
pyörätiet	1
yyteriin	1
matkaa	1
asukaslukuun	1
suhteutettuna	1
absoluuttisena	1
lukumääränä	1
mopoautoja	1
kaikista	1
kunnista38	1
ajoin	1
tarjonnut	1
reittiliikenneyhteyksiä	1
tukholmaan	1
lentoasemalta	1
suoria	1
lentoja	1
ulkomaiden	1
lomakohteisiin	1
palvelee	1
runsaasti	1
liikematkustajia	1
jazzien	1
tilauslentoliikenne	1
vilkasta	1
aseman	1
matkustajamäärä	1
26229	1
ilmailuopisto	1
lentoaseman	1
käyttäjiä	1
välimatkoja	1
merkittäviin	1
suomalaisiin	1
kaupunkeihin	1
237km	1
114km	1
139km	1
ouluun	1
501km	1
lahteen	1
240km	1
kuopioon	1
407km	1
jyväskylään	1
262km	1
lappeenrantaan	1
388km	1
rovaniemelle	1
708km	1
kotkaan	1
354km	1
vaasaan	1
193km	1
tornioon	1
632km	1
hämeenlinnaan	1
182km	1
kuusamoon	1
721km	1
politiikka	1
kaupunginvaltuustossa	1
59	1
kuntavaaleissa	1
annettiin	1
40	1
473	1
ääntä	1
583	1
äänioikeutetuista39	1
kaudella	1
2021	1
kaupunginvaltuuston	1
puheenjohtajana	1
sdpn	1
krista	1
kiuru	1
oili	1
heino	1
perussuomalaisten	1
laura	1
huhtasaari	1
kolmas	1
juha	1
vasama	1
kokoomuksesta40	1
matinpoika	1
kissa	1
1562	1
1571	1
eilosson	1
1593	1
1612	1
melker	1
1617	1
1629	1
tomasson	1
1630	1
berndtsson	1
röper	1
hans	1
hansson	1
gode	1
henriksson	1
gabriel	1
keckonius	1
1709	1
elfving	1
1710	1
1720	1
pehr	1
ståhlfoot	1
1721	1
nils	1
gotteleben	1
1747	1
lidin	1
anders	1
gilberg	1
erik	1
miltopaeus	1
sacklén	1
karl	1
mörtengren	1
jakob	1
reinhold	1
sarin	1
1808	1
kristian	1
johnsson	1
erland	1
rosenback	1
1830	1
hertell	1
ignatius	1
klaus	1
wahlberg	1
1859	1
abraham	1
vilhelm	1
montin	1
1860	1
1866	1
herman	1
alm	1
1867	1
1869	1
edvard	1
molander	1
1870	1
1896	1
arvid	1
hjorth	1
1898	1
harald	1
wilhelm	1
von	1
hellens	1
a	1
e	1
caselius	1
torsten	1
malinen	1
wilho	1
rewell	1
väinö	1
hahta	1
härmä	1
1929	1
j	1
ekblom	1
vilho	1
rantanen	1
kaivola	1
1963	1
1969	1
heikki	1
koski	1
sinisalmi	1
ainomaija	1
luukkonen	1
elinkeinoelämä	1
työpaikkoja	1
35216	1
7548	1
muiden	1
kuntien	1
5710	1
porilaista	1
ulkopuolella	1
työttömyysaste	1
107	1
toukokuussa	1
201841	1
työnantajat	1
työntekijämäärällä	1
201616	1
136	1
sairaanhoitopiiri	1
599	1
satakuntakonserni	1
enersense	1
international	1
481	1
huntsman	1
pa	1
oyvenator	1
450	1
technip	1
offshore	1
449	1
samporosenlew	1
400	1
ruskatalojen	1
palveluyhdistys	1
365	1
luvata	1
351	1
länsirannikon	1
320	1
293	1
energia	1
245	1
aurubis	1
244	1
evlut	1
seurakuntayhtymä	1
216	1
kulttuuri	1
1966	1
jazz	1
festivaalit	1
järjestettäviä	1
festivaaleja	1
satakunnassa	1
järjestettävistä	1
tapahtumista	1
jazzit	1
sijoittuvat	1
perinteisesti	1
heinäkuulle	1
toista	1
suurta	1
kansainvälistä	1
tapahtumaa	1
kansankulttuurifestivaali	1
folkia	1
lainsuojattomatteatterifestivaalia	1
kirjurinluodolla	1
kesäisin	1
porispererockfestivaali	1
teatteritaiteella	1
perinteet	1
ammattiteatteri	1
1872	1
kantaa	1
kansallisteatteri	1
nykyisistä	1
teattereista	1
muodostettiin	1
1931	1
näyttämö	1
työväen	1
muitakin	1
teattereita	1
rakastajatteatteri	1
kuvataiteilijoista	1
gallenkallela	1
1865	1
elin	1
danielsongambogi	1
1861	1
noormarkussa	1
säveltäjistä	1
selim	1
palmgren	1
1878	1
museotarjonnasta	1
museo	1
kansainvälisestikin	1
1979	1
kokoelmat	1
koostuivat	1
maire	1
ahlström	1
lahjoittamasta	1
teoksesta	1
käsitti	1
kotimaista	1
modernia	1
taidetta	1
1910luvulta	1
kulttuuriperintöä	1
vaalii	1
korsmanin	1
talo	1
rakennuskulttuuritalo	1
toivo	1
ikään	1
kosteikkoluontoa	1
esittelevä	1
luontotalo	1
arkki	1
kaupunginkirjasto	1
maakuntakirjastona	1
pääkirjaston	1
kirjaston	1
toimipisteitä	1
käppärän	1
ruosniemen	1
sampolan	1
keskussairaalan	1
kirjastoauto	1
vietti	1
perustamisensa	1
150vuotisjuhlia	1
lastenkulttuurista	1
kulttuurialan	1
toimijat	1
suuntaavat	1
toimiaan	1
palveluitaan	1
lastenkulttuuriin	1
lastenkulttuurikeskus	1
lastenkulttuuriverkosto	1
valtakunnalliseen	1
taikalamppu	1
lastenkulttuurikeskusten	1
verkostoon	1
koordinoi	1
osaltaan	1
alueen	1
lastenkulttuurityötä	1
lastenkulttuurin	1
merkittäviä	1
toimijoita	1
elävän	1
kuvan	1
sekk	1
kulttuuritalo	1
annankatu	1
6	1
annis	1
kuvataiteen	1
nuorten	1
kuvataidekoulu	1
aikuisille	1
taidekoulu	1
tanssitaiteen	1
baletti	1
flamencoopisto	1
tanssikoulu	1
nojonen	1
musiikkialan	1
kaupunginorkesteri	1
sinfonietta	1
orkesteritoiminta	1
1877	1
sinfonietan	1
konsertit	1
valmistuneessa	1
promenadikeskuksessa	1
ydinkeskustassa	1
kävelykatu	1
varrella	1
vastaa	1
elokuvatarjonnasta	1
rakennuksessa	1
finnkinon	1
viisi	1
salia	1
käsittävä	1
elokuvateatteri	1
porilaisia	1
yhtyeitä	1
varsinkin	1
dingo	1
mamba	1
yö	1
ilmiönä	1
porirock	1
2000luvun	1
alkuvuosina	1
vireimpiä	1
vaihtoehtoisen	1
keskuksia	1
maankuuluja	1
vaihtoehtoisia	1
pop	1
rockyhtyeitä	1
muutamia	1
vaihtoehtoteattereita	1
aktiivinen	1
performanssitaideryhmä	1
performanssifestivaaleja	1
vaihtoehtoista	1
taideaktivismia	1
järjestävä	1
taiteilijaseura	1
nyte	1
porikirja	1
kuvaa	1
lähimenneisyyden	1
kehitystä	1
nykypäivää	1
kaunistelemattoman	1
realistisesti	1
media	1
sanomalehteä	1
ylivoimaisesti	1
kansa	1
levikiltään	1
yhdenneksitoista	1
sanomalehti42	1
ilmestynyt	1
kesäkuusta	1
perjantaisin	1
porilaineniminen	1
viikkolehti	1
sanomat	1
fuusioitiin	1
kansaan43	1
lehteä	1
sosialidemokraattinen	1
äänenkannattaja	1
joutuneet	1
taloudellisen	1
tilanteensa	1
supistamaan	1
kertaan	1
verkkolehdeksi	1
lakkautettu	1
keskustalainen	1
sanomalehti	1
lalli	1
ilmestyi	1
viimeiset	1
vuotensa	1
viimeinen	1
lehti	1
tidning	1
lopetti	1
1965	1
julkaistaan	1
ilmaisjakelulehteä	1
viikko	1
ilmestyvät	1
kaupunginosassa	1
ilmaisjakelulehti	1
meriporilainen	1
liitetyssä	1
kunnassa	1
ilmestyvä	1
luoteisväylä	1
julkaisee	1
ilmaisjakeluna	1
yleisradiolla	1
aluetoimitus	1
yle	1
uutisia	1
ohjelmaa	1
alueellisiin	1
valtakunnallisiin	1
lähetyksiin	1
radioon	1
nettiin	1
maakuntaradioista45	1
vanhimmista	1
paikallisradioista46	1
lähetyksensä	1
paikallisradio	1
eazy	1
toimi	1
20154748	1
perustettu	1
purjehdusseura	1
segelföreningen	1
bsf	1
talvimyrskyn	1
keskellä	1
tammikuuta	1
aktiivisesti	1
edistääkseen	1
purjehdus	1
