ja	227
ta	172
on	156
aastal	87
maakond	79
suuna	78
oli	75
eesti	59
ka	55
tema	39
see	36
sai	29
euroopa	28
oma	27
ning	27
vald	26
kui	25
ei	24
km	24
asub	24
tallinna	22
mängis	22
von	21
aastatel	21
inglise	21
kus	19
kes	19
tartu	19
2	19
aastast	19
m	18
et	18
jalgpallikoondises	18
seda	17
nii	17
mis	17
venemaa	17
olid	17
i	17
de	16
välja	16
hiljem	15
ameerika	15
põhjas	15
1	15
jaapani	15
mängu	15
toimus	15
idas	14
üks	14
saksamaa	14
aasta	14
fc	14
ülikooli	14
töötas	13
new	13
selle	13
riigi	13
tagasi	12
olnud	12
liige	12
mille	12
lõi	12
liidu	12
kuid	11
vastu	11
john	11
3	11
lõunas	11
esimene	11
kirjanik	11
partei	11
paavst	10
pärast	10
la	10
eestis	10
nad	10
või	10
läänes	10
ülikoolis	10
kuni	10
maailma	10
linna	10
5	9
veel	9
kohta	9
osa	9
lõpetas	9
tõttu	9
näiteks	9
13	9
neid	9
uueks	9
edelas	9
järgi	9
2012	9
klubis	9
tallinnas	9
eestimaa	9
kirdes	9
kalev	9
üle	9
asus	9
õppis	9
6	9
alla	9
inimest	9
aafrika	8
alexander	8
4	8
poolt	8
mängib	8
teda	8
kuulub	8
jk	8
kaks	8
ajal	8
william	8
saanud	8
ülikool	8
väravat	8
kogu	8
klubi	7
erakond	7
george	7
1994	7
11	7
friedrich	7
brasiilia	7
itaalia	7
ii	7
piirneb	7
kõige	7
poeg	7
the	7
riiki	7
robert	7
pealinnas	7
umbes	7
a	7
alustas	7
tallinn	7
leedu	7
kirjutas	6
30	6
sellest	6
võib	6
gustav	6
andrus	6
14	6
jeffersoni	6
elu	6
samuti	6
end	6
päeval	6
aga	6
võttis	6
neist	6
teine	6
seejärel	6
19	6
2005	6
asula	6
liit	6
põhja	6
nende	6
valitsuse	6
kirik	6
johannes	6
seal	6
töötab	6
aega	6
prantsusmaa	6
norra	6
2009	6
tal	6
1999	6
jooksul	6
need	6
moskva	6
koos	6
loodes	6
v	6
esimese	6
kitarr	6
tegi	6
valiti	6
elavad	6
15	6
ühendriikide	6
sergei	6
2003	6
kaugusel	6
2008	6
hukkus	6
vigastada	6
mart	6
wilhelm	5
aastat	5
rootsi	5
vabariigi	5
aleksander	5
pole	5
sotsiaaldemokraatliku	5
1997	5
david	5
james	5
inimese	5
2001	5
alates	5
ühendriikides	5
võeti	5
värava	5
ääres	5
sest	5
enam	5
bändi	5
nõukogude	5
august	5
16	5
keskus	5
r	5
somaalia	5
helilooja	5
läks	5
elab	5
iii	5
vokaal	5
1934	5
toimunud	5
ukraina	5
astus	5
enne	5
taani	5
hispaania	5
urmas	5
17	5
kagus	5
oblast	5
1967	5
18	5
suurbritannia	5
mida	5
charles	5
vahel	5
sel	5
linnas	5
saksarooma	5
paul	5
2013	5
2014	5
toomas	5
poola	5
michael	5
min	5
karl	5
suure	5
lähedal	5
tuntud	5
1996	5
film	5
jäi	5
nimi	5
georg	5
vähemalt	5
läbi	5
aastate	4
suri	4
1993	4
narva	4
teaduste	4
akadeemia	4
filosoof	4
reformierakonna	4
kimi	4
räikkönen	4
konstantin	4
johann	4
käes	4
1990	4
eest	4
armee	4
võitis	4
siiski	4
itaalias	4
nimetati	4
ettevõtte	4
pealinna	4
bagdadi	4
hiina	4
album	4
osales	4
edward	4
20	4
25	4
laht	4
van	4
enn	4
praegu	4
peter	4
talle	4
näitleja	4
vend	4
washingtoni	4
iv	4
tšiili	4
c	4
pärnu	4
bc	4
cramo	4
jalgpalli	4
riikides	4
kreeka	4
lõunaaafrika	4
kanada	4
laul	4
viimane	4
2004	4
you	4
for	4
24	4
saabus	4
000	4
juhan	4
parlament	4
nõukogu	4
elas	4
2002	4
oleks	4
yorgi	4
läti	4
esialgu	4
9	4
kuulus	4
järel	4
erakonna	4
parimaks	4
ibn	4
riik	4
heinrich	4
peaministriks	4
nico	4
rosberg	4
toetas	4
giuseppe	4
davosis	4
isa	4
hiiu	4
8	4
ainult	4
heaks	4
2006	4
2015	4
järva	4
päeva	4
1952	4
rajoon	4
seas	4
vaid	4
asemele	4
peak	4
mänginud	4
humboldt	3
nagu	3
kümme	3
kodustaadion	3
1950	3
juba	3
1944	3
valgevene	3
22	3
61	3
selleks	3
soome	3
londoni	3
metallica	3
kristlikud	3
demokraadid	3
vasakpartei	3
vene	3
kanaari	3
adolfi	3
neli	3
vangis	3
julgeoleku	3
koostööorganisatsiooni	3
samas	3
12	3
arthur	3
botaanik	3
suurima	3
ütleb	3
hulgas	3
arv	3
rajati	3
saksamaal	3
all	3
samal	3
siis	3
algul	3
kelle	3
poolfinaalis	3
mere	3
lahe	3
rohkem	3
aleksandr	3
40	3
balti	3
ega	3
los	3
iraagi	3
1936	3
1956	3
dave	3
1945	3
alan	3
kuuba	3
kiriku	3
jäähokimängija	3
lewis	3
sama	3
parlamendivalimised	3
rootsis	3
hoone	3
ühendatud	3
esitas	3
saint	3
osalenud	3
henrik	3
seotud	3
j	3
sisse	3
kahe	3
christoph	3
kohata	3
austraalias	3
rahvusvaheline	3
kunstnik	3
ants	3
1933	3
muusik	3
1955	3
mängus	3
korraldas	3
pidas	3
unesco	3
maailmapärandi	3
nimistusse	3
loodi	3
iga	3
28	3
kohtumist	3
korda	3
lisaks	3
saatejuht	3
teisest	3
osariigis	3
said	3
üritusel	3
liik	3
kommunistliku	3
poole	3
aset	3
austria	3
10	3
область	3
eurovisiooni	3
rumeenia	3
patriarh	3
president	3
eesmärgiga	3
piirkonnas	3
ümber	3
ronaldo	3
helsingi	3
1972	3
uue	3
asuvad	3
riias	3
meeleavaldus	3
1965	3
võimude	3
1919	3
ühendriigid	3
ametist	3
viljandi	3
nime	3
tartus	3
nsv	3
riikliku	3
kuigi	3
keegi	3
oluline	3
iraanis	3
hakkas	3
kuningas	3
rapla	3
iirimaa	3
räägib	3
andis	3
kaarel	3
eenpalu	3
eelk	3
šveitsis	3
lõppes	3
majandusfoorumi	3
aastakoosolek	3
jakobson	3
koolis	3
tänapäeval	3
sageli	3
1974	3
välisminister	3
presidendiks	3
1882	3
tuli	3
pärit	3
peamiselt	3
cambridgei	3
hertsog	3
di	3
peaministri	3
parlamendi	3
kontrolli	3
operatsiooni	3
ungari	3
kanal	3
piiri	3
aafrikas	3
ajalehe	3
of	3
endise	3
1988	3
san	3
seoses	3
islamiliikumise	3
iisrael	3
район	3
california	3
kalevi	3
1930	3
parim	3
rohelised	3
visiidile	3
riikide	3
vabariik	3
turniiri	3
päevaleht	3
aja	3
felipe	3
jacksoni	3
iraani	3
edgar	3
aastani	3
astunud	3
henri	3
jaam	3
eestisse	3
horvaatia	3
teatas	3
1991	3
1995	3
richard	3
lähistel	3
carlos	3
asutati	3
viidi	3
suurim	3
muqdishos	3
jimi	3
vabariigis	3
da	3
londonis	3
gaza	3
hans	3
nimetatud	3
jack	2
lõpul	2
põgenes	2
punkti	2
rahvuslik	2
olümpiakomitee	2
valitsusläbirääkimisi	2
erakonnaga	2
1981	2
paks	2
üro	2
heathrow	2
lennujaam	2
iseseisvuspartei	2
assistent	2
suur	2
ära	2
hispaanias	2
saartel	2
pidi	2
abi	2
mässajate	2
vaatlejat	2
ansipi	2
saavutanud	2
loomise	2
oregon	2
muu	2
odüsseia	2
igor	2
1980	2
kasutusel	2
suutis	2
viis	2
tulemusega	2
kas	2
vanemad	2
mitte	2
lõunaosas	2
32	2
valitsusvägede	2
esimesed	2
prantsusmaal	2
suurbritannias	2
kogemusi	2
käigus	2
valitsusjuhiks	2
palju	2
ühel	2
joseph	2
ühe	2
karikavõistluste	2
regina	2
jean	2
kohtlajärve	2
jättis	2
yorki	2
kõrgliiga	2
eduard	2
michel	2
1871	2
pennsylvania	2
osariigi	2
tuntumaid	2
solisti	2
della	2
aadress	2
1942	2
arvatakse	2
enamasti	2
petrov	2
instituut	2
hugo	2
raudsepp	2
tommy	2
nimetatakse	2
linn	2
stuudioalbum	2
mõiste	2
esimesena	2
kasutusele	2
krahv	2
bhutto	2
1772	2
ben	2
toimusid	2
diviis	2
läänis	2
vallas	2
marie	2
alustati	2
nimekirja	2
mehhiko	2
meri	2
gümnaasium	2
afganistani	2
sõda	2
ajakirjanik	2
mitmetes	2
dick	2
tammeka	2
mati	2
residents	2
talvepalee	2
piirati	2
püha	2
võõrsil	2
berliinis	2
tõlkija	2
g	2
üksteist	2
abbott	2
1926	2
louis	2
ilmus	2
1767	2
põltsamaal	2
ernst	2
teos	2
pikka	2
1943	2
assotsiatsioon	2
2007	2
03	2
young	2
hermann	2
peetakse	2
lõunapoolkeral	2
suurimad	2
argentina	2
costa	2
boston	2
asepresident	2
65	2
puhul	2
tuhandete	2
osavõtjatega	2
ametisse	2
peaminister	2
solberg	2
pealkirja	2
lõpetanud	2
alfred	2
1823	2
meeskond	2
arvatud	2
otero	2
kalijärv	2
riiklik	2
1998	2
maailmameistrivõistlused	2
suurem	2
jõe	2
76	2
bruce	2
tegevuse	2
laulja	2
kerinci	2
3805	2
1940	2
el	2
riigipeade	2
loend	2
ajaloo	2
kaasaja	2
pühendas	2
kloostri	2
²	2
aeg	2
iraagis	2
tunni	2
immigranti	2
orenburgi	2
iisraeli	2
lasid	2
cute	2
is	2
what	2
we	2
aim	2
maeti	2
1957	2
viibis	2
saartest	2
1899	2
võtsid	2
lauluvõistlus	2
õigeusu	2
1975	2
barcelonas	2
vitali	2
park	2
madusid	2
vee	2
市	2
liguuria	2
kujundaja	2
mare	2
elasid	2
risto	2
belgias	2
brüsselis	2
ülemkogu	2
padise	2
harju	2
uskumus	2
teisi	2
hollandi	2
registreeritud	2
são	2
väike	2
frederick	2
1912	2
olemas	2
ehk	2
raamatu	2
aristoteles	2
meelele	2
omadusi	2
red	2
bull	2
osavõtjaga	2
võitluses	2
araabia	2
ühendemiraadid	2
26	2
vi	2
kubica	2
läbirääkimised	2
jaan	2
tom	2
abikaasa	2
vallutasid	2
alad	2
pärines	2
suurimaid	2
sõitis	2
isamaa	2
res	2
publica	2
1939	2
punase	2
risti	2
kaotas	2
kasvanud	2
paz	2
ḩamad	2
khalīfah	2
āl	2
thānī	2
korraldatud	2
hakati	2
2011	2
limaan	2
55	2
laius	2
kõik	2
stanley	2
u	2
kannab	2
singer	2
york	2
knicks	2
mount	2
wilsoni	2
toimuvad	2
võtnud	2
tallinnasse	2
ettevõte	2
maria	2
kolmas	2
born	2
this	2
way	2
napoleoni	2
koht	2
kongressi	2
keskkomitee	2
bänd	2
tehti	2
allāh	2
kongo	2
demokraatliku	2
būshehri	2
tuumaelektrijaam	2
karli	2
gröönimaa	2
hendrik	2
ilves	2
tuleb	2
kreenholmi	2
tööle	2
telleri	2
hommikul	2
garibaldi	2
saar	2
õpinguid	2
hamlet	2
õppinud	2
21	2
murray	2
võrreldud	2
mereröövlite	2
keyserling	2
63	2
vähem	2
l	2
1951	2
armastatu	2
maod	2
volikogu	2
linnaõigused	2
india	2
pühalepa	2
saared	2
provintsis	2
mihkel	2
millest	2
saa	2
rahu	2
flora	2
boris	2
osaleda	2
isegi	2
alal	2
ent	2
andrei	2
bob	2
1923	2
föderatsiooni	2
relvajõudude	2
kindralstaabi	2
sõjaväeakadeemia	2
josé	2
rodríguez	2
tegemist	2
seni	2
and	2
senat	2
kiitis	2
ühehäälselt	2
kohusetäitja	2
air	2
prints	2
der	2
paari	2
27	2
toimub	2
maad	2
raud	2
peeter	2
franklini	2
kaaskeisriks	2
saarel	2
kasutatakse	2
direktor	2
provints	2
festivalil	2
minskis	2
opositsioonijõudude	2
1849	2
peakontor	2
firma	2
gruppi	2
1992	2
kolm	2
kurski	2
algust	2
meelis	2
zhang	2
ees	2
organisatsiooni	2
auliige	2
töö	2
ansambli	2
eelmisel	2
asuva	2
kaldal	2
anatoli	2
toimetaja	2
dmitri	2
36	2
tööd	2
huxley	2
gruusia	2
häältega	2
heakskiidu	2
mässulised	2
kolmandat	2
juhtis	2
rahvaste	2
vaata	2
serbia	2
valdavalt	2
araabias	2
1969	2
1905	2
ema	2
kogukonnad	2
siin	2
charlotte	2
nato	2
albu	2
algab	2
juures	2
osalesid	2
peetud	2
hävitada	2
rahva	2
finaalis	2
alistas	2
100	2
tim	2
noored	2
erakonda	2
peatreener	2
suurte	2
1875	2
1935	2
lady	2
gaga	2
laulu	2
moore	2
mitteloodusliku	2
omaduse	2
sõna	2
teiste	2
kergesti	2
venemeelsed	2
separatistid	2
vabastasid	2
võitnud	2
aythya	2
valeri	2
rickman	2
severus	2
snape	2
palestiina	2
õhtuleht	2
ekl	2
professor	2
benjamin	2
galiitsia	2
kass	2
lõpuks	2
tütar	2
kavandatava	2
perekond	2
edu	2
rakveres	2
avatud	2
klahvpillid	2
s	2
le	2
arena	2
kohaliku	2
milles	2
international	2
levinud	2
kvoot	2
pakistani	2
valis	2
usuteaduse	2
instituudis	2
naispresident	2
peakorter	2
loone	2
1986	2
marcus	2
hellner	2
suured	2
johan	2
naiste	2
viimased	2
peavad	2
piirist	2
uus	2
koonga	2
kindel	2
ma	2
võimalik	2
sotsiaaldemokraatlik	2
meistriliigas	2
ekvatoriaalguinea	2
dominikaani	2
kallaste	2
poom	2
rahandusminister	2
taavi	2
veskimägi	2
sellele	2
puhkesid	2
kokkupõrked	2
jalgpallifännide	2
päev	2
nicko	2
mcbrain	2
trummid	2
sainz	2
juunior	2
praeguseks	2
eriti	2
leidis	2
venemaal	2
oblastiga	2
katsetes	2
hill	2
võibolla	2
edukat	2
kg	2
mihhail	2
wolf	2
hendrixi	2
selles	2
pardal	2
kella	2
vaheline	2
juhataja	2
parlamendihoone	2
sloveenia	2
vii	2
allen	2
jalgpallikoondise	2
fääri	2
midagi	2
hulk	2
t	2
bunge	2
carl	2
1902	2
mitu	2
liikmestaatuse	2
koguni	2
tulnud	2
nba	2
esmakordselt	2
üliõpilaste	2
seltsi	2
tõlk	2
jersey	2
steve	2
liidus	2
uuele	2
pani	2
ähvardas	2
suuremaid	2
kõrgeim	2
otto	2
ḩamās	2
ivo	2
nikita	2
rahvuskongress	2
sambia	2
1883	2
watson	2
rudolf	2
sotsiaaldemokraatlikku	2
2010	2
esimees	2
kutsus	2
sv	2
alguse	2
dünastia	2
riigikogu	2
moodustab	2
keskerakond	2
113	2
kasvab	2
terve	2
printsess	2
turisti	2
peterburi	2
jābir	2
hertsoginna	2
vanaisa	2
1927	2
united	2
liigamängu	2
algselt	2
briti	2
rumeenias	2
tulla	2
uuskaledoonia	2
külastas	2
teodor	2
tegevus	2
poliitilise	2
asuv	2
london	2
axel	2
teichmann	2
england	2
jalgpallikoondis	2
elama	2
steiermargi	2
anti	2
siirdus	2
talboti	2
võimaldas	2
vk	2
selver	2
saab	2
og	2
emil	2
jönsson	2
turtur	1
bremen	1
oneill	1
teravmeelsem	1
emirates	1
stadium	1
kavandatud	1
vananemine	1
igapäevasemaks	1
võtteks	1
volkswagen	1
kasutas	1
nähtust	1
reklaamis	1
yuma	1
vandelkajakas	1
pagophila	1
eburnea	1
1982	1
loomaaias	1
osakonnajuhatajana	1
linnliidumaad	1
berliin	1
hamburg	1
mängides	1
denver	1
nuggetsi	1
viskas	1
42	1
vanim	1
viiit	1
kedagi	1
kõrges	1
eas	1
paavstiks	1
valitud	1
stuart	1
mill	1
1806	1
1873	1
lõputöö	1
descartesi	1
spinoza	1
psühholoogiaalastest	1
vaadetest	1
arvo	1
ylppö	1
136	1
juhatus	1
otsustas	1
alustada	1
moodustas	1
delegatsiooni	1
siim	1
kallase	1
juhtimisel	1
mclaren	1
1469	1
shane	1
told	1
mihály	1
deák	1
bárdos	1
jeanfrançois	1
pérouse	1
soomus	1
cm	1
konventsioon	1
kaupade	1
rahvusvahelise	1
ostumüügi	1
lepingute	1
mustjala	1
saare	1
karjanaine	1
madis	1
kõiv	1
peiarite	1
õhtunäitus	1
reload	1
künnist	1
ületanud	1
konstitutsioonierakond	1
operaatori	1
märska	1
scheibenberg	1
2347	1
humeil	1
berkeleyl	1
tervemõistuslik	1
jääda	1
kasvatatakse	1
mangosid	1
pioneeripataljon	1
kaitsevägi	1
gümnaasiumi	1
asendas	1
ilkka	1
kanervat	1
skandaali	1
astuma	1
1929	1
1953	1
klement	1
gottwald	1
voldemar	1
jannsen	1
laekahoidja	1
vabastati	1
ametis	1
teises	1
valitsuses	1
kaugus	1
jõhvist	1
lhotse	1
8545	1
roy	1
clapham	1
1904	1
kuulsuse	1
bondi	1
tegelaskuju	1
bondikeskse	1
jutustuse	1
homerose	1
tegelane	1
ainsana	1
hääletas	1
gräzin	1
valminud	1
mängufilm	1
vanaeit	1
leonid	1
andrejev	1
mikey	1
welsh	1
supelvankrid	1
narvajõesuu	1
haabersti	1
rannas	1
lichtenstein	1
370	1
hooaja	1
parimat	1
tulemust	1
parandada	1
tulemuseni	1
1762	1
olümpiakulla	1
portugali	1
sportlane	1
nelson	1
évora	1
sentimeetrit	1
parema	1
berliini	1
müüri	1
langemisest	1
vähenes	1
aktiivsete	1
ateistlike	1
režiimide	1
sokrates	1
vestluskaaslastele	1
hakatakse	1
armastama	1
sõltub	1
voorustest	1
teevad	1
teistele	1
kasulikuks	1
ilma	1
nendeta	1
armasta	1
leitav	1
õhtuks	1
murdis	1
ilovaiski	1
piiramisrõngast	1
võitlejat	1
1896	1
1909	1
tütarfirmad	1
austrias	1
argorn	1
lahkub	1
rivendellist	1
läheb	1
keskmaale	1
rändama	1
saamaks	1
teadmisi	1
teel	1
kohtub	1
mitmete	1
ohtudega	1
rünnakut	1
veliži	1
vangi	1
8000	1
vastase	1
sõdurit	1
kindralit	1
moussa	1
mara	1
kuna	1
gandalfil	1
tähtsaid	1
asjatoimetusi	1
liitumine	1
lahtine	1
sierra	1
gestapo	1
schwartsi	1
kinni	1
schelling	1
erinevate	1
aegade	1
filosoofiad	1
organismi	1
faasid	1
osad	1
sajandi	1
armastus	1
malile	1
musta	1
odessa	1
17691859	1
väravaid	1
keržakov	1
idavirumaal	1
sillamäel	1
puhkes	1
põleng	1
molycorp	1
silmet	1
tööstushoones	1
seriaal	1
maromokotro	1
2876	1
partii	1
toodetud	1
volvo	1
landesverkil	1
puudusid	1
võimalused	1
tellimust	1
täita	1
bremenist	1
kaitsekolledžis	1
konsultandi	1
projektijuhina	1
luksemburgi	1
suurhertsog	1
tammiku	1
põhikool	1
pere	1
kodumaa	1
lahkus	1
pöördunud	1
tvmk	1
rahvuskoondises	1
internazionale	1
kaitsja	1
positsioonil	1
toll	1
montaigne	1
1533	1
1592	1
harri	1
rovanperä	1
23	1
angeles	1
lakers	1
rio	1
grande	1
game	1
räppar	1
rammis	1
enesetaputerrorist	1
autoga	1
kütuseveokit	1
muski	1
rünnati	1
ajakirjanduses	1
spacexi	1
ebaõnnestumiste	1
abieluahutuse	1
deng	1
xiaoping	1
kahest	1
soojendusega	1
kunstmuruplatsist	1
pietro	1
badoglio	1
professorina	1
juhtumeid	1
tüli	1
megadethi	1
mustaineiga	1
üritas	1
slayerist	1
meelitada	1
metskalkun	1
meleagris	1
gallopavo	1
sellesse	1
liiki	1
kodukalkun	1
luca	1
robbia	1
vabaduse	1
väljak	1
vastsekuuste	1
kiidjärve	1
jaoskonnaarst	1
produtseerimisel	1
wilder	1
fidel	1
castro	1
nüüdseks	1
nahkkate	1
asuvat	1
jaapanis	1
kauaaegne	1
evangeelse	1
luterliku	1
kunsti	1
arhitektuurinõukogu	1
lõpuni	1
järgiti	1
epikurost	1
aristotelest	1
platonit	1
elektri	1
elektroonikainseneride	1
tagatipu	1
tiisenoosen	1
29	1
lars	1
bystøl	1
12601355	1
bjørn	1
einar	1
romøren	1
12451260	1
ingebrigtsen	1
11651165	1
roar	1
ljøkelsøy	1
12851410	1
pülooniks	1
võivkaare	1
massiivset	1
tugiposti	1
paralleelkanduritega	1
rippkatuse	1
püsttuge	1
rippsildade	1
kandetorne	1
naantali	1
ghost	1
opera	1
kameloti	1
lunenburgi	1
apollonios	1
pergest	1
smithstanley	1
derby	1
kristin	1
størmer	1
steira	1
hamilton	1
bilawal	1
zardari	1
saturday	1
night	1
live	1
tähistus	1
bourgesi	1
müntidel	1
1539	1
tegelast	1
browder	1
leedus	1
mellbystrand	1
hallandi	1
laholmi	1
abielupaar	1
pierre	1
curie	1
ameeriklased	1
taipasid	1
droonid	1
ideaalsed	1
luuremissioonideks	1
kunstiakadeemia	1
vana	1
lammutamist	1
registreerimiseks	1
kandidaadiga	1
nendeks	1
vahemeri	1
kariibi	1
läänemeri	1
hudsoni	1
põhjameri	1
manche	1
iiri	1
lawrencei	1
põhjaraunjalg	1
asplenium	1
septentrionale	1
jon	1
steele	1
ingliskeelne	1
strindbergi	1
ibseni	1
lavateostes	1
pealinn	1
toni	1
gardemeister	1
kulinaarne	1
peking	1
tegeles	1
mercedesbenz	1
sõidukite	1
tehnilise	1
koolituse	1
väljaõppe	1
remondiga	1
valdkondadega	1
filmis	1
esitavad	1
julie	1
andrews	1
dyke	1
ärijuht	1
franz	1
kafka	1
metamorfoos	1
djibouti	1
etioopia	1
täpsemalt	1
puntlandiga	1
adeni	1
lahega	1
tolkien	1
unt	1
interpreteerida	1
ksk	1
vigri	1
veneetsia	1
markuse	1
elephant	1
salvestati	1
nädalaga	1
toeragi	1
stuudios	1
fbi	1
tagaotsitavamat	1
põgenikku	1
gonzalo	1
fernández	1
córdoba	1
alistati	1
šveitsi	1
basel	1
stamford	1
bridgeil	1
abdullah	1
bin	1
ahmad	1
badawi	1
insener	1
vetemaa	1
molekulmass	1
1216085	1
mol	1
ockeghem	1
varahoidja	1
heliloojat	1
tundsid	1
hästi	1
edwin	1
1838	1
koolijuht	1
teoloog	1
xiv	1
spargli	1
kasutamine	1
taas	1
moodi	1
1766	1
wilde	1
väljaandel	1
bach	1
1642	1
1703	1
kovrov	1
город	1
ковров	1
holland	1
dashte	1
kavīriga	1
mesopotaamiaga	1
ludwig	1
beethoven	1
russula	1
claroflava	1
kollane	1
pilvik	1
cotopaxi	1
5897	1
pühendatud	1
xiiile	1
pensioni	1
maksis	1
malcolm	1
mcdowell	1
lühike	1
lõik	1
filmist	1
avaldatud	1
youtubeis	1
semiootika	1
laikmaa	1
olav	1
haraldsson	1
esiliiga	1
stepikiivitaja	1
vanellus	1
gregarius	1
alfonso	1
aragón	1
bad	1
girls	1
club	1
tõnis	1
mägi	1
ugalas	1
operetilaulja	1
vanemuise	1
ooperilaulja	1
angus	1
pikk	1
toompea	1
lossis	1
välisministrite	1
kohtumisel	1
arutelu	1
olukord	1
idaukrainas	1
karel	1
16651700	1
esimeseks	1
geograafiks	1
eratosthenest	1
turbasamblaalad	1
uusmeremaal	1
tasmaanias	1
lõunapoolseimates	1
piirkondades	1
majandusteaduskonna	1
edinson	1
cavani	1
rica	1
celtics	1
corriere	1
sera	1
baasi	1
juhtimine	1
rakverest	1
angaaris	1
raketti	1
ratastega	1
alustel	1
horisontaalasendis	1
hoiti	1
aastaringselt	1
ühesugust	1
temperatuuri	1
niiskust	1
vöötkakk	1
surnia	1
ulula	1
hamiltongordon	1
neljas	1
aberdeeni	1
meenutati	1
dresdeni	1
pommitamise	1
aastapäeva	1
rahvusdemokraatlik	1
dresdenis	1
mälestusmarsi	1
nip	1
tuck	1
norras	1
erna	1
mõtles	1
kirjastaja	1
põnevamaks	1
audru	1
hüdraulikainsenerina	1
kodukakk	1
strix	1
aluco	1
massachusettsi	1
tehnoloogiainstituudi	1
juurde	1
autoid	1
1858	1
sattus	1
kätte	1
russel	1
wallacei	1
1913	1
kirjatöö	1
võtab	1
sky	1
plusi	1
eurosaadiku	1
valimistest	1
kokku	1
meeskonnaga	1
kodus	1
meistriliigale	1
vtb	1
ühisliigas	1
liigas	1
jäneda	1
kallijärv	1
raamatukogu	1
pommeri	1
preisimaa	1
elanike	1
asualad	1
1125	1
liza	1
minnelli	1
1946	1
washoe	1
elisabeth	1
austriaungari	1
gaute	1
kivistik	1
ühest	1
alagrupist	1
suutsid	1
ennast	1
poolfinaali	1
mängida	1
korraldaja	1
portugal	1
buntine	1
lääneaustraalia	1
mõjutusi	1
1920	1
filmidest	1
pilt	1
bomal04jpg	1
sild	1
ourthei	1
maaeluminister	1
kruuse	1
sumpkalakasvatust	1
viljeletakse	1
paljudes	1
olulisemad	1
jmt	1
ekspordist	1
637	1
lõunakorea	1
66	1
arvele	1
fire	1
springsteeni	1
meistriliigast	1
langes	1
jõhvi	1
põlevkivi	1
avahi	1
betsileo	1
tudu	1
tydy	1
as	1
saintétienne	1
libertine	1
öeldud	1
kord	1
esineb	1
muusikavideos	1
alasti	1
politsei	1
piirivalveameti	1
piirivalveosakonnas	1
juhtivpiiriametnikuna	1
salvadori	1
meistritiitlit	1
asutuse	1
peategevusi	1
uurimine	1
avaldati	1
publikatsioone	1
väiketüll	1
charadrius	1
dubius	1
lõpu	1
kuremäe	1
tegemistesse	1
natasha	1
bedingfield	1
poplaulja	1
lembit	1
sibul	1
suurmuksalma	1
billy	1
talent	1
läbimurre	1
antant	1
thank	1
venom	1
varbla	1
fugit	1
irreparabile	1
tempus	1
põgeneb	1
lendab	1
tagasipüürdumatu	1
vergilius	1
costilla	1
juurdlust	1
şaddām	1
ḩusayni	1
hukkamise	1
leidnud	1
mõnitamise	1
illegaalse	1
filmimise	1
asjus	1
võimud	1
teatasid	1
horvaatiast	1
ungarist	1
silvester	1
335	1
estadi	1
comunal	1
daixovall	1
оренбургская	1
julgeolekujõud	1
jordani	1
läänekaldal	1
maha	1
noaga	1
rünnata	1
üritanud	1
18aastase	1
palestiinlase	1
vaino	1
väljas	1
pèrelachaisei	1
kalmistule	1
sagedased	1
külalised	1
brahms	1
mahler	1
1958	1
ekspeditsioonilaeval	1
kooperatsija	1
smuul	1
eveli	1
saue	1
valge	1
kastehein	1
agrostis	1
stolonifera	1
wicomico	1
santa	1
cruz	1
galápagose	1
suurvürst	1
georgi	1
aleksandrovitš	1
kurt	1
koffka	1
1886	1
1941	1
aharon	1
eliyyahu	1
nicomediast	1
määruse	1
marylouise	1
parker	1
weeds	1
waltoni	1
komisjoni	1
hääleõiguseta	1
gussev	1
kaitseväelased	1
koostöös	1
päästeametiga	1
suurõnnetuste	1
likvideerimises	1
allison	1
janney	1
presidendi	1
queens	1
rangers	1
roomamas	1
boliivias	1
peruus	1
milton	1
keynes	1
edendada	1
virumaa	1
arengut	1
muuhulgas	1
konrad	1
lorenzi	1
assistendina	1
zunyi	1
遵义	1
iidne	1
aadlidünastia	1
ventimiglia	1
kahevõistlus	1
taliolümpiamängudel	1
muusikaline	1
veljo	1
tormis	1
okeanose	1
taga	1
kaugel	1
tirich	1
mir	1
7708	1
aimée	1
beekmani	1
romaani	1
valikuvõimalus	1
ainetel	1
e	1
penttilä	1
cristiano	1
1860	1
reinhold	1
kreutzwald	1
täiendas	1
2000	1
riigis	1
angola	1
põgenike	1
järeltulijaid	1
istung	1
rahvaliit	1
erl	1
medaleid	1
läinud	1
taanisse	1
nozicki	1
teadmine	1
tõene	1
uskujal	1
väär	1
suurimaks	1
võlausaldajaks	1
pank	1
asutusi	1
eraisikuid	1
tehingud	1
hollandis	1
antillidel	1
äriühingute	1
kaudu	1
hidetoshi	1
wakui	1
napier	1
mastaabivahe	1
méxico	1
pauloga	1
täpsema	1
pingerea	1
koostamist	1
takistavad	1
suurlinnastute	1
defineerimisel	1
võrdlemisel	1
kasutatavad	1
erinevad	1
kriteeriumid	1
ronald	1
delderfield	1
alexius	1
meinong	1
lahenduseks	1
pakkunud	1
mitteeksisteerivad	1
võivad	1
olla	1
subsisteerida	1
bestehen	1
elemendi	1
avastas	1
keemik	1
humphry	1
davy	1
1808	1
reisis	1
välismaal	1
sealhulgas	1
alžeerias	1
inglismaal	1
igal	1
reisil	1
muskogee	1
lähenemist	1
esindab	1
mitmele	1
ühiseid	1
ühele	1
teisele	1
eriomaseid	1
objekte	1
patriarhaadi	1
eestseisja	1
haru	1
bürood	1
vilniuses	1
sellel	1
racingu	1
testisõitja	1
seitsme	1
tuhande	1
millel	1
nõuti	1
tagasiastumist	1
otsustavate	1
sammude	1
astumist	1
korruptsioonivastases	1
mayon	1
2421	1
ehkki	1
dresdenlased	1
aastaid	1
seadnud	1
sihiks	1
pääsu	1
bundesligasse	1
täbar	1
majanduslik	1
seis	1
sundinud	1
eesmärki	1
külmutama	1
somerset	1
maugham	1
1874	1
viimastel	1
tehtud	1
ettepanekuid	1
bussijaama	1
viimiseks	1
raudteejaama	1
veebruari	1
riigipöördekatse	1
vigastatud	1
hiinas	1
hongkongis	1
algasid	1
kohalike	1
demokraatlikke	1
valimisi	1
nõudvate	1
tudengitest	1
meeleavaldajate	1
esindajate	1
piip	1
poska	1
jt	1
ümarpuidu	1
tootjad	1
eekbkl	1
oleviste	1
xvii	1
lääneviru	1
eestim	1
vastus	1
cruisei	1
telefoniküsimusele	1
identifitseerimiseks	1
école	1
normale	1
supérieure	1
pontianuse	1
loobus	1
ungarlased	1
hilisemad	1
lääneungari	1
habsburgide	1
soost	1
kaotusi	1
kanti	1
avdijivka	1
valitsuvägede	1
soomuk	1
miinile	1
cayuga	1
metsaküla	1
maakonnas	1
karksi	1
kiviimar	1
polypodium	1
vulgare	1
klassi	1
teenetemärgi	1
urbanus	1
meesartistiks	1
tunnistati	1
justin	1
timberlake	1
naisartistiks	1
christina	1
aguilera	1
bändiks	1
depeche	1
mode	1
üksikmängus	1
avaringis	1
bolandile	1
greeley	1
kansas	1
alguses	1
neljaliikmeline	1
liikmete	1
seitsmeni	1
ὀδύσσεια	1
sotsioloogiadoktorantuur	1
jonas	1
brothers’i	1
little	1
bit	1
longer	1
albumi	1
eelvaade	1
octavio	1
üksinduse	1
labürint	1
tantsu	1
muusikapidu	1
mujalgi	1
vihulas	1
jänedal	1
ehitama	1
väikeõismäe	1
linnaosa	1
jarmo	1
ahjupera	1
morrow	1
kuula	1
ott	1
lepland	1
saavutas	1
lõpparvestuses	1
kuuenda	1
koha	1
kumamoto	1
ibaraki	1
prefektuuri	1
tunnuslind	1
irkutskis	1
saatkonda	1
dnepri	1
pikkus	1
kitsas	1
511	1
kääruline	1
bugi	1
pikkusega	1
47	1
sucre	1
kirikusaal	1
nõudmisel	1
vaheseinaga	1
kaheks	1
jaotatud	1
seina	1
taha	1
rajatud	1
etnograafiamuuseumi	1
hoidla	1
pasila	1
raudteejaamas	1
peatuvad	1
lähi	1
kaugliinirongid	1
erle	1
gardner	1
eksisteeris	1
kagueuroopas	1
780	1
969	1
lehekirbulised	1
psylloidea	1
doktoritöö	1
welfare	1
juhendajad	1
tipus	1
observatoorium	1
põhjapoolsem	1
kuhu	1
regulaarlennud	1
nimelt	1
tromsøst	1
oslost	1
čepelovále	1
finaalmäng	1
wtas	1
rünnaku	1
vastutust	1
kahtlustati	1
korraldamises	1
äärmuslikku	1
islamiliikumist	1
boko	1
haram	1
tulekahjus	1
kannatada	1
reisijate	1
toimetamiseks	1
kasutama	1
asenduslennukit	1
lasnamäe	1
ajax	1
marienkirche	1
hilfigeri	1
modelliks	1
lühikese	1
valitsemisaja	1
bellagio	1
sadamast	1
sõjaväeliselt	1
strateegiliselt	1
pittodrie	1
staadion	1
hilisema	1
keisri	1
sugulane	1
juulis	1
avaldas	1
singli	1
would	1
love	1
monsterman	1
tõusis	1
esikohale	1
millele	1
muusikavideo	1
kuusekäbilind	1
loxia	1
curvirostra	1
rāniyā	1
al‘abd	1
adolphe	1
muzito	1
ühendati	1
elektrivõrguga	1
peaministrina	1
jiang	1
yihuah	1
kutsuti	1
praha	1
professoriks	1
huvituma	1
värvitajuga	1
seonduvatest	1
probleemidest	1
erik	1
eüvp	1
karlmann	1
876	1
880	1
norma	1
bourget	1
esseid	1
psühholoogiast	1
ricardo	1
majandusteadlane	1
zwickau	1
z	1
pakuti	1
staadionit	1
müüa	1
fulham	1
fcle	1
rahapuudusel	1
keeldus	1
tokelau	1
uusmeremaa	1
arengufond	1
peatükid	1
islandi	1
magnus	1
carlsen	1
lehekülg	1
esitab	1
maailmameistrivõistluste	1
osalejariikide	1
võistkondade	1
koosseisud	1
kõne	1
esaias	1
tegnér	1
1782	1
1846	1
romaan	1
villemist	1
maalt	1
vabrikusse	1
ehituseks	1
maatüki	1
rahaga	1
koostööd	1
aage	1
bohriga	1
otsida	1
seletust	1
eelkõige	1
raskete	1
tuumade	1
kuju	1
laengujaotuse	1
ebasümmeetriale	1
mesilasenäpp	1
merops	1
apiaster	1
lääneosa	1
vastloodud	1
maakonnale	1
clevelandi	1
ründasidki	1
väed	1
rootslaste	1
laagrit	1
suuresti	1
tänu	1
sõjalistele	1
oskustele	1
alamveerandid	1
moodustavad	1
täna	1
gelderlandi	1
provintsi	1
finale	1
weber	1
alex	1
callinicos	1
intellektuaal	1
bv	1
bouvet	1
kihelkonna	1
mihkli	1
cortlandis	1
eesistujariigiks	1
liikmesriikide	1
rahandusministrite	1
kohtumine	1
walworthi	1
gettysburg’i	1
college’s	1
sõjaväeteenistusse	1
maret	1
leeri	1
shakespeare	1
korjažma	1
коряжма	1
kõrghariduse	1
ülikoolist	1
ajakirjanduse	1
erialal	1
troonile	1
romulus	1
augustulus	1
valminult	1
peeti	1
objekti	1
lõplikku	1
lahendust	1
üheks	1
modernsemaks	1
arhitektuurinäiteks	1
manhattanil	1
mick	1
jaggeri	1
alice	1
cooperiga	1
hippokrates	1
kirjeldas	1
konservatiivseks	1
nimetatavat	1
ravi	1
fikseerimist	1
esindanud	1
koondist	1
korral	1
tehnikaülikooli	1
ehitusteaduskonda	1
pesa	1
pipi	1
pikksuka	1
eugen	1
merilaid	1
ko	1
eeskujuna	1
nimetanud	1
dickensit	1
günter	1
grassi	1
daily	1
telegraph	1
mottefouquet	1
295	1
bernard	1
kouchner	1
üllatusvisiidi	1
iraaki	1
kõvasti	1
caricature	1
trükiti	1
kvaliteetpaberile	1
barbarossa	1
metroojaam	1
søren	1
kierkegaard	1
kartus	1
värin	1
põllumajanduse	1
akadeemias	1
parlamentaarse	1
assamblee	1
romantilises	1
armastuses	1
omaduste	1
väärtustamine	1
muidu	1
tunneks	1
mitteväärtuslikuna	1
hondurases	1
nicaraguas	1
ricas	1
panamal	1
colombias	1
ecuadoris	1
krimmis	1
61aastaselt	1
kotka	1
aghori’d	1
ühed	1
salapärasemad	1
askeedid	1
elades	1
surnuaedades	1
kattes	1
põlenud	1
kehade	1
tuhaga	1
süües	1
väidetavalt	1
võrdse	1
entusiasmiga	1
inimliha	1
väljaheiteid	1
mitmekäigulisi	1
gurmeelõunaid	1
läänemeremaade	1
eesistujaks	1
läänemerel	1
marsruudil	1
kopenhaagen	1
testsõitjaks	1
unpublished	1
fragment	1
with	1
salisbury	1
biosünteesitakse	1
atsetüülcoast	1
glükolüütilistest	1
vaheühenditest	1
selliselt	1
tekkinud	1
eradotsent	1
1877	1
dotsent	1
1894	1
tool	1
vatikan	1
keskpiirkond	1
kamerunis	1
petter	1
orléansi	1
louise	1
sellealase	1
teose	1
theophrastos	1
samast	1
suguvõsast	1
hilisem	1
honorius	1
giardininaxos	1
messina	1
hinsdalei	1
mutt	1
rääkida	1
vaikida	1
klubides	1
kuressaare	1
živković	1
vfb	1
stuttgart	1
grazis	1
moekooli	1
igapäevaelus	1
teeninud	1
leiba	1
moedisainerina	1
õed	1
soovisid	1
filmides	1
kolisid	1
emaga	1
angelesse	1
arhangelski	1
1937	1
sisaldub	1
microsofti	1
mängukonsoolis	1
xbox360	1
sssoomusdiviis	1
wiking	1
1018	1
1035	1
knud	1
tunnistas	1
mingeid	1
ždanovi	1
käsku	1
kuulata	1
barker	1
filmirežissöör	1
slade	1
algupäraselt	1
pci	1
express	1
kiip	1
enamik	1
ohvreid	1
lõunaaasiast	1
emeriteerumiseni	1
columbia	1
luis	1
zapatero	1
inimkaotusega	1
donbassi	1
sõjas	1
ülesastumised	1
eskilstunast	1
stockholmi	1
väiksemates	1
esinemispaikades	1
angeleses	1
hollywood	1
highland	1
centeris	1
täiendavate	1
sanktsioonide	1
kehtestamise	1
põhjakoreale	1
ballack	1
75	1
kristlikdemokraatlik	1
antónio	1
oliveira	1
salazar	1
estonian	1
sf340a	1
liisitud	1
golden	1
airilt	1
halduslikult	1
jääb	1
sileesia	1
vojevoodkonda	1
rené	1
descartes	1
hinge	1
tundmused	1
alekhsandri	1
imerethi	1
universität	1
bundeswehr	1
münchen	1
tuttavaks	1
popperiga	1
asurkonna	1
suuruseks	1
hinnatakse	1
74	1
97	1
pesitseb	1
išimi	1
basseinis	1
petropavli	1
ümbruskonnas	1
tehniline	1
hooldus	1
linzis	1
ribble	1
mersey	1
vinger	1
ajakiri	1
time	1
avalikustas	1
igaaastase	1
saja	1
mõjukama	1
volkonski	1
grigori	1
zinovjev	1
plays	1
by	1
four	1
cellos	1
constantius	1
honoriuse	1
witte	1
mälestused	1
19371938	1
kefalloniá	1
kassmadusid	1
religioossetel	1
tseremooniatel	1
botaanikaaia	1
suula	1
morus	1
bassanus	1
kirde	1
õpetaja	1
peres	1
quảng	1
bìnhi	1
saavutati	1
moldovas	1
bălți	1
üleliidulisel	1
koosseisuga	1
puhkpilli	1
löökriista	1
klahvpillimängijat	1
dylanist	1
kuulis	1
alles	1
18aastasena	1
ajas	1
miilits	1
laiali	1
meeleavalduse	1
can	1
eat	1
kultuuriakadeemia	1
koreograafina	1
belgia	1
mobilei	1
austagder	1
hufu	1
ilmunud	1
albumilt	1
pühertoonia	1
missiooni	1
spetsialist	1
judith	1
resnik	1
eesistuja	1
filippo	1
paulucci	1
1779	1
esindused	1
paiknevad	1
pärnus	1
jõgeval	1
espoos	1
città	1
metropolitana	1
torino	1
viru	1
sputnik	1
kohusetäitjaks	1
cabdiweli	1
maxamed	1
cali	1
singel	1
albumist	1
anamorphosée	1
lesser	1
eksikülaline	1
harku	1
gazi	1
spetsialiseerunud	1
mahutavusega	1
linnalähibusside	1
tootmisele	1
meistrivõistlused	1
jalgpallis	1
kopenhaageni	1
eeslinnad	1
dnestri	1
lisajõe	1
sereti	1
prantsuse	1
peahoonega	1
kaugemal	1
metsapargiks	1
ally	1
mcbeal	1
nils	1
bielke	1
1569	1
1639	1
kohtumise	1
annab	1
ülevaate	1
seisukohtadest	1
aasmäe	1
võitsid	1
totmjanina	1
marinin	1
dani	1
hao	1
perioodil	1
tegeleti	1
kalatoodete	1
valmistamisega	1
puntland	1
darodi	1
klanni	1
alune	1
territoorium	1
tutvustati	1
fourieri	1
auguste	1
comtei	1
töödega	1
kõrvalt	1
pedagoogilise	1
instituudi	1
ajalooõpetajana	1
samuel	1
beckett	1
1906	1
1989	1
luís	1
vaz	1
camões	1
guinea	1
ranniku	1
enim	1
queen	1
solistina	1
terrorismivastase	1
pressiesindaja	1
osanud	1
ajakirjanikele	1
selgitada	1
miks	1
ilmusid	1
meedias	1
valeteated	1
justkui	1
oleksid	1
valitsusväed	1
tähtsa	1
raudteesõlme	1
donetskist	1
jassõnuvata	1
toidu	1
põllumajandusorganisatsioon	1
ümbritsevate	1
maadega	1
siseasjade	1
rahvakomissariaat	1
20px	1
oš	1
kõrgõzstan	1
torre	1
picenardi	1
päkapikkude	1
sooja	1
vastuvõtu	1
asemel	1
gimli	1
südamest	1
loodab	1
avastavad	1
tühjuse	1
märgid	1
viitavad	1
lahinguile	1
45	1
matši	1
kodulinn	1
harrisburg	1
kelgukoerad	1
läänemere	1
vahetult	1
sünnitas	1
legendi	1
rikkast	1
linnast	1
teed	1
hooned	1
kullatud	1
menagerie	1
prosper	1
mérimée	1
viimse	1
jumalaarmu	1
tõld	1
positsioonilise	1
meistriklassi	1
suurepärase	1
lõppmängu	1
karpovi	1
raúl	1
capablanca	1
vassili	1
smõsloviga	1
laialehine	1
neiuvaip	1
epipactis	1
helleborine	1
lääne	1
mendelejev	1
kaugpõhja	1
hõivamisele	1
maaala	1
omanikeks	1
vallutaja	1
westminster	1
abbey	1
henry	1
viii	1
ajalehes	1
ekspress	1
kodulehel	1
ekspressee	1
ivanov	1
maalikunstnik	1
1963	1
aldous	1
kinnitas	1
88	1
bidzina	1
ivanišvili	1
valitsuskabinetile	1
first	1
person	1
shooter	1
tulistamismäng	1
liibüa	1
lükkasid	1
rahuplaani	1
näinud	1
ette	1
mu‘ammar	1
alqadhdhāfī	1
võimust	1
loobumist	1
harald	1
riipalu	1
tammekirjurähn	1
dendrocopos	1
medius	1
veerandfinaalis	1
alžeeriale	1
egiptlased	1
kasutasid	1
värvide	1
valmistamisel	1
järgmise	1
1101	1
1217	1
suurvürstkond	1
põhjaaafrikas	1
kunstikooli	1
kunstiinstituudi	1
mõistsid	1
ametlikult	1
hukka	1
mauritaanias	1
sõjaväelise	1
riigipöörde	1
külmutasid	1
mittehumanitaarabi	1
saatmise	1
mauritaaniale	1
loenguid	1
marit	1
bjørgen	1
whiter	1
shade	1
pale	1
teenetemärk	1
benazir	1
lesk	1
elias	1
canetti	1
hannes	1
maasel	1
timur	1
vermes	1
kõigis	1
kolmes	1
osutus	1
võidukaks	1
senaator	1
bernie	1
sanders	1
122	1
erwin	1
schrödinger	1
cesare	1
negri	1
plahvatuse	1
talvepalees	1
tappa	1
val	1
fiemmes	1
lõppesid	1
suusaalade	1
alenka	1
gotar	1
lev	1
tolstoiga	1
edukad	1
seekord	1
edestas	1
hold	1
line	1
suuremad	1
jaapanlaste	1
brasiilias	1
filipiinidel	1
loetletud	1
ansambleid	1
eeskujuks	1
punkbändid	1
blink182	1
sum	1
41	1
saba	1
nõudeid	1
vähendati	1
standardite	1
kasutuselevõtuga	1
seeriatootmise	1
kallidusega	1
to	1
die	1
limaani	1
raviv	1
toime	1
ligilähedaselt	1
kraadi	1
ararat	1
ttü	1
vabariikliku	1
kandidaadid	1
kellest	1
edukaim	1
33protsendilise	1
toetusega	1
mccain	1
paraadil	1
kõnedes	1
kinnitati	1
pühendumist	1
eesmärgile	1
käina	1
rahvusteater	1
suvekuudel	1
sõidab	1
tüüpiline	1
reis	1
kestab	1
muuseumis	1
alexandre	1
dumas	1
vanem	1
severobaikalski	1
северобайкальский	1
svetlana	1
kuznetsova	1
sotsiaaldemokraatlikuks	1
parteiks	1
mbabane	1
lobamba	1
sekundit	1
harti	1
koigi	1
júlio	1
césar	1
soares	1
espíndola	1
linastunud	1
lavastas	1
burton	1
kontor	1
hansa	1
jalgpallikoondisele	1
sageduste	1
jaotamiste	1
nendega	1
probleemidega	1
tegeleb	1
telekommunikatsiooni	1
keskstaadioni	1
asusid	1
budsłaŭsse	1
miadziełi	1
rajooni	1
minski	1
oblastisse	1
isendid	1
ohhoota	1
rannikualadel	1
pöide	1
akende	1
taastamise	1
projekt	1
poliitik	1
boutros	1
boutrosghalile	1
ray	1
harry	1
potteri	1
õppeaastast	1
sigatüüka	1
1827	1
1830	1
waalsi	1
jõud	1
väledate	1
agressiivsete	1
rattakullerite	1
ukrainasse	1
kirill	1
barcelona	1
laarne	1
laerne	1
programmis	1
muudatus	1
raadiojaama	1
nimesse	1
lisandus	1
sponsor	1
tele2	1
neeva	1
peasängi	1
viib	1
üheksa	1
silda	1
valitsejatest	1
pelgast	1
esindusfunktsioonist	1
veidi	1
mõjukam	1
positsioon	1
kuningal	1
tsiolkovski	1
storuman	1
västerbotteni	1
storumani	1
valla	1
centro	1
federal	1
educação	1
tecnológica	1
minas	1
gerais	1
liialdas	1
öeldes	1
hea	1
moraalikontekstides	1
ligikaudu	1
omadusel	1
hinnanguline	1
ettekirjutav	1
tegusid	1
suunav	1
käsul	1
vahistati	1
ametiühinguliidreid	1
chiluba	1
курская	1
kõvaketast	1
polnud	1
lisada	1
tuntumate	1
aberg	1
hackenschmidt	1
lurich	1
tambow	1
und	1
rjäsan	1
tambov	1
rjazan	1
oleifolium	1
botswana	1
wta	1
béla	1
lugosi	1
laibaröövel	1
pariisist	1
diegos	1
1968	1
hääl	1
toimetuses	1
tõlgi	1
kirjanduliku	1
kaastöötajana	1
tuttvart	1
fuligula	1
suhted	1
hồ	1
chí	1
minhi	1
valitsusega	1
miskolcist	1
slovakkia	1
põhilised	1
purustused	1
leidsid	1
ishikawa	1
prefektuuris	1
sada	1
seitsekümmend	1
indrek	1
toome	1
suurtükiväe	1
patarei	1
liepājas	1
rotation	1
fori	1
sihtmärgist	1
barbadosest	1
lahutas	1
nädal	1
seilamist	1
piirata	1
importkaupade	1
sissevedu	1
vastaks	1
kaubandusorganisatsiooni	1
diskrimineerimisvabale	1
regulatsioonile	1
mm	1
pelé	1
tähelennu	1
alguseks	1
legassov	1
karlova	1
kool	1
karloff	1
mord	1
naiskond	1
ajutiselt	1
alasid	1
süüria	1
14aastaselt	1
kuninglikusse	1
kunstiakadeemiasse	1
1870	1
19aastasena	1
nordic	1
yards	1
wismar	1
moeller	1
den	1
bruck	1
karikatuure	1
lehtede	1
avaldanud	1
nepomuk	1
crantz	1
kars	1
peakonsulaat	1
robespierre	1
romain	1
rolland	1
danton	1
mereakadeemia	1
ühepäevasel	1
töövisiidil	1
franco	1
frattini	1
kowalewicz	1
probus	1
276	1
82	1
1189	1
sissetungi	1
tulemusel	1
kuulutas	1
lühiajaliselt	1
lodomeeria	1
kuningaks	1
odsi	1
kdučsliga	1
sz	1
juht	1
oggy	1
kurjad	1
prussakad	1
soosaar	1
esseist	1
parki	1
gerty	1
theresa	1
cori	1
kunila	1
juhatuse	1
aseesimees	1
trofeetanki	1
polnudki	1
meessoost	1
pärijaid	1
valdused	1
päris	1
theresia	1
izz	1
addīn	1
ashshaykh	1
khalīl	1
terrorist	1
katkenud	1
gregorius	1
x	1
järeltulijate	1
surmaga	1
kiideti	1
koalitsioonilepingu	1
tekst	1
otsustati	1
jätkata	1
rahvusvahelist	1
tennisist	1
ernests	1
gulbis	1
finaalturniiri	1
võistlused	1
haapsalus	1
eip	1
antarktises	1
polaarjaamas	1
vostok	1
brendon	1
urie	1
301001112009	1
kohaks	1
coq	1
heino	1
elleri	1
nimelises	1
muusikakoolis	1
kanadas	1
edmontonis	1
alberta	1
kampuses	1
keskööd	1
tulistamine	1
inimene	1
suremine	1
ai	1
amnesty	1
mõõtühikud	1
defineeritud	1
etalonile	1
viidates	1
harei	1
droopi	1
rahvuslikku	1
koonderakonda	1
264	1
yousaf	1
raza	1
gillani	1
aasias	1
tulast	1
loránd	1
eötvösi	1
frank	1
oz	1
parandusohvitser	1
bay	1
salt	1
lake	1
citys	1
leiki	1
eero	1
õukonnad	1
reisisid	1
iini	1
modell	1
heidi	1
klum	1
kõrvad	1
terava	1
tipuga	1
võrdlemisi	1
teatel	1
alustatud	1
osalusel	1
rajatava	1
tuumaelektrijaama	1
katsetamist	1
taustatantsija	1
janet	1
maailmatuuril	1
draamasari	1
sopranod	1
ellise	1
kuusik	1
imre	1
lakatos	1
1974b	1
omab	1
ajalehti	1
postimees	1
telekanaleid	1
enary	1
maalide	1
ainestik	1
kujutab	1
enamalt	1
jaolt	1
skageni	1
kalureid	1
sadamastseene	1
rjazani	1
рязанская	1
20032007	1
caprera	1
veetis	1
elupäevad	1
rabakonn	1
rana	1
arvalis	1
narcís	1
monturiol	1
estarriol	1
aavik	1
1925	1
arno	1
pijpers	1
armandjean	1
du	1
plessis	1
richelieu	1
ludza	1
rajoonis	1
bassano	1
bresciano	1
augustinus	1
märgib	1
lastest	1
neil	1
puudust	1
lendasid	1
short	1
184	1
lennukid	1
mõned	1
fännid	1
rammsteini	1
albumiks	1
grigol	1
mgaloblišvili	1
parlamendilt	1
35	1
räpina	1
põlva	1
vabatahtlikult	1
coelestinus	1
veergudel	1
järjejutuna	1
dunant	1
lindsay	1
lohan	1
ise	1
lom	1
vallakeskuse	1
fossbergomi	1
mitteametlik	1
rööpnimi	1
karhumäe	1
медвежьегорский	1
marjina	1
roštša	1
munitsipaalringkonnas	1
bahrein	1
bhutan	1
katar	1
omaan	1
lätiga	1
akel	1
abiesimees	1
mycosphaerella	1
pini	1
koostas	1
kolmanda	1
rääkis	1
himmlerist	1
ssist	1
kahepäevasele	1
ametlikule	1
pavlo	1
klimkin	1
rocko	1
seiklused	1
katja	1
višnar	1
vesna	1
fabjan	1
paigalt	1
nihutada	1
palunud	1
archimedes	1
muud	1
ühte	1
liikumatu	1
samamoodi	1
suuri	1
asju	1
loota	1
leian	1
vähimagi	1
asja	1
vankumatu	1
sarja	1
jüri	1
talvet	1
teooria	1
toetajate	1
demokritos	1
abielu	1
mehe	1
naise	1
mõlemad	1
vanad	1
braunschweig	1
wittgenstein	1
1769	1
1843	1
genova	1
fourpeaked	1
2105	1
siseminister	1
ranko	1
ostojić	1
viimase	1
6500	1
biokeemik	1
stillmark	1
charlestoni	1
ignalina	1
suleti	1
allan	1
poe	1
poeet	1
novellist	1
teherani	1
paraadi	1
lennuetendusel	1
kukkus	1
sõjaväelennuk	1
kaubamaja	1
pirita	1
merivälja	1
velikije	1
luki	1
operatsioon	1
sde	1
esdp	1
debüteeris	1
koosseisus	1
maabus	1
lanzarote	1
põhjakaldal	1
aegna	1
grupp	1
jeff	1
bridges	1
us	1
roheline	1
apo	1
2954	1
benediktlased	1
mässuline	1
relvarühmitus	1
issanda	1
vastupanuarmee	1
porto	1
villarreal	1
cf	1
eveline	1
adelheid	1
maydell	1
debüüdi	1
tegid	1
lindmaa	1
kaljend	1
hepner	1
prins	1
martin	1
reim	1
indro	1
olumets	1
ratnikov	1
tarmo	1
linnumäe	1
viktor	1
alonen	1
kirs	1
marko	1
kristal	1
esko	1
aho	1
kitt	1
2097	1
isikustatud	1
andmete	1
kogumise	1
mõttekuses	1
kahtles	1
alas	1
plahvatus	1
parteijuhiks	1
käbin	1
kohale	1
aastaks	1
hooajal	1
2016	1
premier	1
leagueis	1
egiptuses	1
kairo	1
jalgpallistaadionil	1
wagner	1
1861	1
välisministeeriumi	1
rahvusvaheliste	1
suhete	1
kohendas	1
kivirähk	1
cerdanil	1
abieluväline	1
suhe	1
lauljatar	1
édith	1
piafiga	1
pargis	1
enesetapurünnakus	1
71	1
mõni	1
pokljukas	1
mketapivõit	1
jõudis	1
finišisse	1
125	1
jälitussõidus	1
väidetavasti	1
demosthenese	1
õpetajatest	1
hc	1
panter	1
aischines	1
sokratikose	1
õpilane	1
varsti	1
platoni	1
lähedaseks	1
õpilaseks	1
vormelisõitja	1
kadeer	1
pagenduses	1
shatner	1
legal	1
malmö	1
ff	1
alamsaksi	1
ekd	1
strössel	1
boff	1
sewardi	1
kreekakatoliku	1
masendanud	1
töökohagi	1
kuulsaks	1
mees	1
üsna	1
ida	1
ingemarsdotter	1
kalla	1
leningradi	1
hayek	1
jaak	1
mae	1
saguachei	1
jäänud	1
edukuselt	1
eelmisele	1
albumile	1
traces	1
sadness	1
helmut	1
newton	1
saksaaustraalia	1
fotograaf	1
asutatud	1
coimbra	1
lissabonis	1
coimbrasse	1
roger	1
cotes	1
matemaatik	1
1682	1
1716	1
müügi	1
turundusosakond	1
milgram	1
püüdis	1
õigustada	1
petmise	1
kasutamist	1
kuulekuse	1
sarnastes	1
sellega	1
katsealused	1
tagantjärele	1
vastuvõetavaks	1
katsealustest	1
kiitnud	1
nassau	1
maailmameistrimatšis	1
ton	1
sijbrandsi	1
alistanud	1
aleksei	1
tšižov	1
alekperovil	1
majanduslikud	1
huvid	1
valgeveneski	1
jürgen	1
klinsmann	1
thom	1
yorke	1
abd	1
sayyid	1
muḩammad	1
peamised	1
rivaalid	1
palmeiras	1
paulo	1
damon	1
pink	1
floyd’i	1
syd	1
barrett’i	1
periood	1
filosoofiasse	1
tõeliselt	1
uskus	1
hegel	1
ranges	1
mõttes	1
rahuvalvevägede	1
islamimässuliste	1
hukkunud	1
81	1
512	1
johnny	1
depp	1
kehastab	1
kirjanikku	1
mort	1
raineyt	1
pikemat	1
suutnud	1
sõnagi	1
paberile	1
saada	1
välisministeeriumis	1
jan	1
zamoyski	1
1542	1
1605	1
austraalia	1
jeanbaptiste	1
say	1
1832	1
juhatusse	1
200	1
62	1
albert	1
kusnets	1
nicolaus	1
858	1
867	1
halltsiitsitaja	1
emberiza	1
calandra	1
relva	1
kalašnikov	1
1917	1
ühise	1
kubermangu	1
moodustamisega	1
rüdiger	1
heß	1
hendrix	1
experience	1
transamehena	1
arvatavasti	1
suurema	1
leviku	1
osaliseks	1
valdkonnas	1
uku	1
masingu	1
esseed	1
artiklid	1
parteisse	1
maarja	1
kangro	1
48	1
tundi	1
tähistama	1
trinidadis	1
tobagos	1
eralennukiga	1
usāmah	1
lādini	1
sugulased	1
namiibias	1
botswanas	1
zimbabwes	1
demokraatlikus	1
svaasimaal	1
angolas	1
sambias	1
keenias	1
tansaanias	1
malawis	1
sudaanis	1
keskaafrika	1
etioopias	1
jevgeni	1
primakov	1
doctor	1
who	1
näitab	1
tunniosuti	1
keskpunkt	1
k	1
comité	1
des	1
représentants	1
permanents	1
vastutab	1
ettevalmistamise	1
merejõudude	1
pitka	1
ühtlasi	1
budapestis	1
50	1
meetodite	1
eelarve	1
puudujäägi	1
vähendamisel	1
dickinson	1
louder	1
than	1
hell	1
asamoah	1
gyan	1
näitus	1
väikeses	1
pariisi	1
galeriis	1
tupou	1
braunschweigcalenberggöttingen	1
põhisõitjad	1
nick	1
heidfeld	1
giorgio	1
pantano	1
koondis	1
kolmandaks	1
rooma	1
peetri	1
kirikusse	1
umar	1
ḩasan	1
aḩmad	1
albashīr	1
senegali	1
mali	1
alžeeria	1
maroko	1
hõivatud	1
läänesaharaga	1
liivi	1
haud	1
mälestis	1
nr	1
4224	1
kärkna	1
klooster	1
nyamuragira	1
3058	1
filips	1
17001706	1
christa	1
b	1
panmongolism	1
kõrkjaroolind	1
acrocephalus	1
schoenobaenus	1
katari	1
tagasiastumisest	1
kaitseminister	1
chuck	1
hagel	1
vaidlusrästikud	1
belutšistanis	1
piirimail	1
mans	1
72	1
181	1
u2	1
deutsche	1
bahni	1
rongid	1
tsirkus	1
1890	1
1891	1
piirkonna	1
toliara	1
katharina	1
bora	1
süüdistus	1
esitati	1
kunagi	1
roman	1
ungern	1
sternbergile	1
agvan	1
doržijevile	1
džalaamale	1
ohvriterohkeid	1
mahalaskmisi	1
mujal	1
harkivis	1
tveris	1
põhjala	1
maja	1
kroonis	1
vanema	1
poja	1
lothari	1
dewey	1
1859	1
tõenäoliselt	1
kirjutanud	1
thales	1
aristotelese	1
ajaks	1
säilinud	1
algas	1
magistritöö	1
käsitles	1
noore	1
marxi	1
hegeli	1
retseptsiooni	1
jalgpallur	1
kungsbacka	1
vadstena	1
erakordne	1
problemaatikale	1
hobbesi	1
1588	1
1679	1
loomingus	1
esindamata	1
benguriyyoni	1
kirjandusprofessor	1
jager	1
2249	1
silmapaistev	1
kaguaasia	1
luiz	1
inácio	1
lula	1
silva	1
re	1
beautiful	1
rannu	1
helena	1
1881	1
frantsisklased	1
ampato	1
6288	1
alva	1
myrdal	1
iron	1
maiden	1
eer	1
sinna	1
fort	1
st	1
jamesi	1
külje	1
talu	1
rajaski	1
magnar	1
freimuth	1
päevakivitootja	1
ligi	1
viiendiku	1
maailmatoodangust	1
anton	1
zuccalmaglio	1
ühenduses	1
peatanud	1
ühendusest	1
lahkunud	1
pakistan	1
korduvalt	1
gennadi	1
timtšenko	1
ettevõtja	1
lauluvõistluse	1
finaali	1
suurriigid	1
2400	1
arvati	1
island	1
avasõna	1
semper	1
põllu	1
metsamajandusminister	1
toivo	1
pohjala	1
jõgimetsriis	1
leersia	1
oryzoides	1
dionysius	1
258	1
rekord	1
sebastian	1
vetteli	1
serik	1
ahmetov	1
slivenist	1
julia	1
kristeva	1
kruuda	1
rallisõitja	1
liigavärava	1
kaotusmängus	1
blackburn	1
roversiga	1
staatuse	1
vaidlustas	1
vürstlik	1
paderborni	1
piiskopkond	1
130px	1
tiitel	1
mainitud	1
794	1
frangi	1
valitseja	1
rabamaastik	1
alle	1
käsikiri	1
rrs	1
vilistlane	1
turul	1
plahvatas	1
kell	1
lõhkeainega	1
täidetud	1
veoauto	1
tagasiastumise	1
lõplikuks	1
ajendiks	1
katse	1
laiendada	1
valitsuskoalitsiooni	1
raames	1
pakkus	1
yaaloni	1
avigdor	1
liebermanile	1
adolfo	1
saá	1
ajutine	1
relvagrenaderide	1
ssdiviis	1
kristiina	1
ojuland	1
0702	1
24051994	1
asendusliige	1
kull	1
väätsa	1
devils	1
130	1
barentsi	1
koola	1
murmanskist	1
šivelutš	1
3283	1
rühmituse	1
põhiline	1
mõjupiirkond	1
põhjairaagi	1
idaosas	1
lühikest	1
tiziani	1
jenson	1
button	1
wimbledonis	1
clark	1
scott	1
carpenter	1
19252013	1
volusia	1
våleri	1
kirkebygda	1
shanks	1
ajapuuduse	1
arktikastseenides	1
süüriaga	1
iisraeliga	1
veelgi	1
saatis	1
paarismängus	1
paariline	1
itaallanna	1
francesca	1
schiavone	1
zytigat	1
tohib	1
kirjutada	1
suusataja	1
kaspar	1
kokk	1
sportlaskarjääri	1
lõpetamisest	1
buscemi	1
rockhound	1
sigdali	1
3501	1
1977	1
nikitin	1
sillale	1
nurgakivi	1
1578	1
napoleon	1
stryn	1
2140	1
jarno	1
trulli	1
afganistanis	1
helmandi	1
eriüksuslased	1
öise	1
60	1
vangistatud	1
äärmusliku	1
ţālebān	1
tehase	1
nimevaliku	1
aluseks	1
alessandro	1
volta	1
isik	1
nlkpsse	1
amy	1
tan	1
köögijumala	1
naine	1
koolimaja	1
puitehitisi	1
õpilasi	1
160	1
paide	1
linnameeskond	1
o	1
monica	1
lewinsky	1
1973	1
bbc	1
teleseriaali	1
keeld	1
laienes	1
juhtide	1
jossif	1
stalini	1
adolf	1
hitleri	1
piltidele	1
hümnidele	1
riiast	1
292	1
töötanud	1
maailmapangas	1
kehtna	1
looduslik	1
punkt	1
møllehøj	1
novak	1
đokovićile	1
lx	1
swiss	1
lines	1
1924	1
strandman	1
rahaminister	1
zapatistide	1
vabastusarmee	1
aj	1
oettingen	1
1865	1
conciones	1
synodicae	1
philipp	1
melanchthoni	1
seatud	1
piiridesse	1
lapsed	1
pojad	1
tütred	1
maalehes	1
karikaturisti	1
piibujutu	1
rubriigi	1
toimetajana	1
heck	1
eiichi	1
negishi	1
akira	1
suzuki	1
raketirünnaku	1
ametniku	1
majale	1
tsoonis	1
laulnud	1
nuude	1
arder	1
białowieża	1
rahvuspark	1
haiglas	1
tulevahetuses	1
politseinik	1
rösch	1
andreas	1
birnbacher	1
greis	1
venekeelse	1
telekanali	1
uudisteportaali	1
aru	1
tv	1
asutajaid	1
chaka	1
khan	1
koori	1
solist	1
parts	1
isikumandaat	1
carlo	1
levi	1
hruštšov	1
lubas	1
kongole	1
sõjalist	1
tehnilist	1
duchesnei	1
vabastiilis	1
üheksas	1
järgmisel	1
vabatehnikasprindis	1
kuues	1
dacko	1
driesch	1
julian	1
evolutsiooniteoreetik	1
1887	1
korporatsiooni	1
zürichis	1
luzoni	1
idakaldalt	1
hoovab	1
amerigo	1
vespucci	1
maadeavastaja	1
1454	1
1512	1
läbirääkimiste	1
lõppjärku	1
rohelisi	1
kaasatud	1
jäid	1
valitsusest	1
agaricomycetidae	1
alamklass	1
sellepärast	1
ongi	1
endiste	1
ssi	1
kolleegide	1
erapoolikus	1
häiriv	1
tundub	1
austavat	1
minevikku	1
õigupoolest	1
nõuab	1
häbistamist	1
472	1
vesala	1
ärvings	1
frei	1
77	1
frankfurter	1
allgemeine	1
zeitung	1
emma	1
hermione	1
granger	1
pajusi	1
jõgeva	1
highlandi	1
mustjõe	1
olles	1
deportivo	1
coruña	1
x15px	1
rom	1
pitsapoisina	1
tutvus	1
kerry	1
kingiga	1
too	1
uude	1
slayerisse	1
trummariks	1
raudam	1
meie	1
poliitbüroo	1
hruštšovi	1
režiimi	1
alustanud	1
uuendusi	1
hancavičy	1
hanzewitz	1
senine	1
testsõitja	1
takuma	1
satō	1
jakob	1
gardie	1
rubens	1
barrichello	1
ferrari	1
13290	1
vabahärra	1
arstiteadus	1
salvador	1
böhmermolli	1
türgi	1
naabermaad	1
keenia	1
tansaania	1
sansibar	1
komoorid	1
mayotte	1
madagaskar	1
réunion	1
mauritius	1
maldiivid	1
peksid	1
pubide	1
pangakontorite	1
muude	1
teenindusasutuste	1
aknad	1
üritasid	1
süüdata	1
kindral	1
tõnissoni	1
monumenti	1
seitsmenda	1
adventistide	1
kogudus	1
egiptus	1
lincolni	1
lõunadakota	1
ustritski	1
888	1
912	1
oletatakse	1
lõunapoolset	1
päritolu	1
preisist	1
volga	1
ülemjooksult	1
songi	1
kujunes	1
lõplikult	1
mingi	1
lakei	1
florida	1
19951996	1
benedictus	1
xvi	1
palestiinas	1
liikus	1
hoolimata	1
valitsusepoolsetest	1
jõudemonstratsioonidest	1
300	1
relvastatud	1
meest	1
toetavad	1
fataḩit	1
espoo	1
kauniaise	1
vantaaga	1
suurhelsingi	1
094	1
700	1
30032014	1
ründas	1
äärmuslik	1
islamiliikumine	1
ashshabāb	1
kahte	1
hotelli	1
täisealiste	1
pärijate	1
puudumisel	1
tekkis	1
troonikriis	1
lapstsaaride	1
ivan	1
kaksikvõimuga	1
veerpalu	1
muutudes	1
tõeliseks	1
tõmbenumbriks	1
kohalikele	1
inimestele	1
soomest	1
turistidele	1
wetterhorn	1
4272	1
hääli	1
kogus	1
378	1
häält	1
2341	1
protsenti	1
claire	1
birthday	1
1800	1
1807	1
essen	1
tarastatud	1
tavaliselt	1
stephanus	1
mälestuspäeval	1
leonor	1
astuuria	1
selgitamiseks	1
last	1
order	1
final	1
fantasy	1
bordeaux	1
göteborgi	1
cand	1
puuvillakombinaat	1
manufaktuur	1
ferdinand	1
komisjonis	1
rüüstasid	1
jemeljan	1
pugatšovi	1
göbel	1
1794	1
1851	1
brõžaki	1
esinemine	1
esines	1
wagneri	1
ooperis	1
ziegfrid	1
marcelo	1
vieira	1
jūrmala	1
suvega	1
toimetati	1
mesa	1
boliivia	1
hassall	1
kuidas	1
kohtasin	1
teie	1
lapse	1
mari	1
käbini	1
sündi	1
koliti	1
jānis	1
čakste	1
lossivanglast	1
ronis	1
lae	1
laskus	1
lossitornist	1
köit	1
mööda	1
zenit	1
rünnak	1
mandžukuos	1
päevaga	1
relvass	1
obersturmbannführer	1
vent	1
andrea	1
mantegna	1
1431	1
1506	1
congrès	1
internationaux	1
darchitecture	1
moderne	1
pihkvast	1
lõpetamata	1
kolis	1
chicagosse	1
californiasse	1
hamiltoni	1
tennessee	1
sks	1
saks	1
battlestar	1
galactica	1
gasparo	1
bertolotti	1
salò	1
metodoloogilise	1
biheiviorismiga	1
newcastle	1
upon	1
tyne	1
kopenhaagenist	1
oldi	1
euroopas	1
elukohaks	1
köln	1
herbert	1
mead	1
väidab	1
elus	1
etapp	1
rolle	1
halvale	1
teele	1
1961	1
1970	1
cooki	1
döblin	1
1878	1
peale	1
surma	1
josephist	1
järgmine	1
keiser	1
asetseb	1
eestist	1
leedust	1
lauter	1
näitejuht	1
laenul	1
mönchengladbachi	1
borussias	1
kuniks	1
puhkavad	1
dvd	1
666	1
georgia	1
õpetajate	1
albaania	1
summiti	1
colorados	1
johnsoni	1
laiendasid	1
vastaseid	1
sanktsioone	1
venezuela	1
välisministriks	1
nicolás	1
maduro	1
iris	1
murdoch	1
nimetab	1
individuaalsele	1
reaalsusele	1
suunatud	1
armastavaks	1
pilguks	1
viia	1
sügavamale	1
mõistmisele	1
neutraalne	1
vaatekoht	1
giancarlo	1
fisichella	1
sauber	1
12888	1
camilla	1
cornwalli	1
parma	1
dagmar	1
normet	1
avanevad	1
uksed	1
võti	1
taskus	1
suits	1
jaanus	1
tamkivi	1
keskkonnaminister	1
coming	1
around	1
again	1
8aastasest	1
tüdrukust	1
alissast	1
suundub	1
kosmozooloogist	1
isaga	1
kosmoseekspeditsioonile	1
rikastada	1
loomaaeda	1
uute	1
liikidega	1
libeeria	1
monrovias	1
süttis	1
põlema	1
presidendipalee	1
ándros	1
1953aastal	1
koroljov	1
mbr’ide	1
tootmist	1
mõeldud	1
vesinikpommide	1
transpordiks	1
ülemise	1
riigipiirist	1
rein	1
terehhov	1
64	1
minuti	1
uuring	1
salvestada	1
arvuti	1
kettale	1
dino	1
zoff	1
autori	1
reisist	1
sünnikodusse	1
kaubandustööstuskoja	1
mikko	1
hirvonen12	1
sheffield	1
meeskonna	1
kaaslastega	1
allstar	1
võistkonda	1
auvilistlane	1
peakorteri	1
hoones	1
plahvatuses	1
burundi	1
rahuvalvesõdurit	1
nüüd	1
tatjana	1
fomina	1
asulas	1
bēne	1
mõis	1
behnen	1
fersen	1
sõjakäiku	1
sortavalale	1
ajakirjandusteaduskonnas	1
mil	1
ford	1
motor	1
company	1
tehniliste	1
probleemide	1
miljonit	1
müüdud	1
autot	1
julgeolekumehed	1
vastseliina	1
alevikust	1
tulid	1
punkrit	1
vallutama	1
kahelt	1
välismõjuta	1
juhis	1
liiguvad	1
laengukandjad	1
juhuslikult	1
man	1
in	1
black	1
ion	1
brătianu	1
1864	1
ainuke	1
sri	1
lanka	1
indias	1
mumbais	1
linnalähirongides	1
tipptunni	1
seitse	1
plahvatust	1
schumann	1
lääneberliin	1
pronksmedali	1
mihnevitš	1
diskvalifitseeriti	1
positiivse	1
dopniguproovi	1
impeerium	1
samasugune	1
68	1
katrin	1
loo	1
02011991	1
looduseuurija	1
akadeemik	1
theodor	1
middendorff	1
perekonna	1
levilaks	1
vladimir	1
krjutškov	1
andres	1
oper	1
53	1
sakside	1
varasema	1
ühendamist	1
vanasaksimaa	1
jalgpalliväljakut	1
kasutab	1
suurejaani	1
koduväljakuna	1
tauragė	1
tauragės	1
rajonas	1
uppus	1
raskelt	1
laeva	1
bulgaaria	1
rootsipoola	1
1600	1
1611	1
keelatud	1
carolinei	1
mariupoli	1
surmavalt	1
haavata	1
pataljon	1
azovi	1
võitleja	1
paljaspea	1
843	1
877	1
sakala	1
07062003	1
bill	1
gates	1
lapsepõlvesõbrad	1
kellel	1
ühine	1
huvi	1
arvutite	1
finfet	1
uimeväljatransistor	1
berkeleys	1
mitteplanaarne	1
kahepaisuline	1
transistor	1
36px	1
grb	1
tuppvillpea	1
eriophorum	1
vaginatum	1
kosovo	1
18351839	1
jugoslaavia	1
kriminaaltribunal	1
kaob	1
internetist	1
leitud	1
peigmehega	1
17aastane	1
katerin	1
pahad	1
tüdrukud	1
vapi	1
kavandi	1
autoriks	1
tollane	1
kaasvõitleja	1
visnapuu	1
tšernenko	1
üldosakonna	1
garaaži	1
silicon	1
valley	1
sünnikohaks	1
suurvampiir	1
vampyrum	1
spectrum	1
kodustatud	1
enamjaolt	1
guineas	1
kovaljov	1
laevakonstruktor	1
eurooplasena	1
vasco	1
gama	1
projekti	1
arhitektuuribüroo	1
jvr	1
arhitekt	1
rajasaar	1
teha	1
kunagise	1
kuulsa	1
hoonega	1
võimalikult	1
sarnane	1
linnupüüdja	1
valitsemise	1
saadeti	1
comites	1
palatini	1
kõigisse	1
osadesse	1
toetama	1
kuningavõimu	1
kontrollima	1
hõimuhertsogite	1
sõltumatuspüüdeid	1
lippmaa	1
taimegeograaf	1
iževskist	1
92	1
pool	1
appelle	1
mon	1
numéro	1
loa	1
ehitada	1
lõunasuunaline	1
allmaaraudtee	1
liin	1
kihnust	1
folkmuusikaansambel	1
elvis	1
costello	1
1954	1
asuti	1
liikuma	1
suunas	1
söe	1
teraseühendus	1
kolmenädalast	1
õppimist	1
harvardi	1
pooleli	1
soovinud	1
pühenduda	1
akadeemilisele	1
karjäärile	1
ametijärglasele	1
marcello	1
caetanole	1
daniel	1
craig	1
bond	1
omapoolse	1
lähenemisega	1
tõlgitseti	1
muusikat	1
meil	1
laulda	1
juan	1
antonio	1
samaranchi	1
malbork	1
poolas	1
stefan	1
klein	1
arm	1
arvutiarhitektuur	1
washington	1
post	1
mägedes	1
kõrgusel	1
massa	1
ametlikke	1
liitumiskõnelusi	1
liiduga	1
lakkas	1
asutaja	1
hindi	1
sihiga	1
algatatud	1
kriminaalprotsessi	1
stennis	1
laev	1
lähimaks	1
maismaapunktiks	1
mulli	1
ametlik	1
mark	1
kostabi	1
phil	1
collen	1
taustavokaalid	1
ekvivalent	1
keemia	1
nikolai	1
frederik	1
severin	1
grundtvig	1
mary	1
midgley	1
sander	1
erikülalisena	1
töölisparteisse	1
devon	1
kershaw	1
grey	1
kafando	1
school	1
economics	1
political	1
science	1
rahvusvaheliselt	1
inseneri	1
ehitusfirma	1
christiani	1
nielsen	1
karate	1
elvise	1
kirgesid	1
cheney	1
kümnepäevast	1
ringreisi	1
lähisida	1
üllatusvisiidiga	1
jinhua	1
金华	1
jīnhuá	1
shì	1
baasil	1
ühisettevõtena	1
bpga	1
tnkbp	1
wachtmeister	1
1641	1
1714	1
tscharnke	1
catherine	1
tobias	1
angerer	1
abc	1
endine	1
ansambel	1
tulevik	1
meistriliiga	1
heavymetal	1
liikmena	1
frolandi	1
4764	1
mereröövel	1
maavõistluses	1
võidelda	1
viigi	1
minci	1
vasakpoolse	1
vahistamine	1
prantsusmaale	1
jätkas	1
ülikooliõpinguid	1
tipp	1
empung	1
tuzo	1
wilson	1
1908	1
basseterreist	1
pärineb	1
jooksja	1
mariejosé	1
pérec	1
arenguühendus	1
sadc	1
kosmoselaeva	1
komandör	1
piloot	1
crippen	1
asuatajad	1
uruguay	1
alqādisīyah	1
kubernerkond	1
rauschid	1
tänapäevase	1
alale	1
jäävas	1
hertsogkonnas	1
irwin	1
industrial	1
tools	1
kuningriik	1
võistluse	1
looga	1
believe	1
dima	1
bilan	1
lääneranniku	1
inishmaanil	1
arani	1
camarón	1
isla	1
cd	1
andmekandja	1
külas	1
laiuse	1
ordulinnuse	1
varemed	1
tabelis	1
kõigi	1
berni	1
omandades	1
dr	1
7	1
mubārak	1
alḩamad	1
aşşabāḩ	1
number	1
smaragdile	1
iseloomulikke	1
kirjeldatud	1
artiklis	1
berüll	1
piirnes	1
hertsogkonnaga	1
so	1
lennufirmas	1
ab	1
aerotransport	1
lennundusettevõttes	1
scandinavian	1
airlines	1
kaido	1
höövelson	1
sadu	1
jacinto	1
3302	1
karjääri	1
kirovi	1
senist	1
presidenti	1
shariif	1
shiikh	1
axmedi	1
79	1
parlamendiliiget	1
pesitsusterritoorium	1
ulatub	1
norrast	1
madeira	1
saarteni	1
iirimaalt	1
kamtšatka	1
poolsaare	1
lõunaosani	1
arhitektuuribüroos	1
maadeuurija	1
fabian	1
gottlieb	1
bellingshausen	1
gerd	1
kanter	1
6688	1
klient	1
vajutab	1
lingile	1
liigub	1
leheküljele	1
saadetakse	1
urliga	1
unikaalne	1
kombinatsioon	1
server	1
tunneb	1
kliendi	1
seodaemungu	1
서대문구	1
西	1
大門	1
區	1
kõvaketas	1
bohusläni	1
tööandja	1
moorcock	1
ulmekirjanik	1
1910	1
1911	1
ramul	1
kiievi	1
wright	1
1734	1
1797	1
korporatsioonide	1
lubasid	1
nexus	1
kohtas	1
norbert	1
eliast	1
töötama	1
omaenda	1
teoreetilisi	1
seisukohti	1
williamsi	1
albrecht	1
1268	1
1318	1
heleurvalind	1
carduelis	1
hornemanni	1
wehrmachtil	1
organiseerida	1
vasturünnakut	1
põhjaosas	1
waddenzee	1
blounti	1
harrise	1
nimega	1
ristiti	1
vajk	1
passiivne	1
arcimboldo	1
1527	1
1593	1
ülenurme	1
kolmeaastane	1
rivistaaž	1
minna	1
kõrgema	1
sõjakooli	1
sisseastumiseksamitele	1
vaatamata	1
suurele	1
konkurentsile	1
edukalt	1
sooritas	1
transpordifirma	1
superseacat	1
katkestas	1
majanduslike	1
raskuste	1
vahelise	1
laevaliini	1
operatsioonid	1
tšehhi	1
peaministrikandidaat	1
bohuslav	1
sobotka	1
teatavaks	1
valitsuskabineti	1
koosseisu	1
ali	1
bongo	1
ondimba	1
edasi	1
pariisis	1
juhendasid	1
tänapäeva	1
väikeriikide	1
kogumid	1
vereliini	1
kandjateks	1
kuningakoda	1
romanovite	1
dünastiat	1
ke	1
löönud	1
järgnes	1
otsekohe	1
rollandi	1
revolutsioonidraama	1
ingemar	1
teever	1
rahvaliitu	1
aktiivset	1
tegevust	1
poliitikas	1
kantaat	1
armida	1
abbandonata	1
rütmikitarrist	1
hetfield	1
kunagisele	1
tüdrukule	1
suuda	1
meenutada	1
üksikasju	1
seeeest	1
illustratsioonid	1
igas	1
köites	1
väga	1
heal	1
tasemel	1
brotze	1
jahtunud	1
jälg	1
üleliiduline	1
lenini	1
nimeline	1
pioneeriorganisatsioon	1
moodustus	1
cate	1
blanchett	1
galadriel	1
ansip	1
lätti	1
järvekäsn	1
koolile	1
lunatšarski	1
ili	1
kasahhi	1
autonoomne	1
ringkond	1
tartusse	1
lapselapsi	1
hoidma	1
telesarjast	1
heroes	1
skrobotov	1
maksim	1
gorki	1
vaenlased	1
mägistes	1
šveits	1
tunnelitest	1
sõltuda	1
transpordisüsteem	1
cloud	1
4014	1
islami	1
da‘wa	1
kivirähki	1
ülekolimise	1
baydhabost	1
muqdishosse	1
alabama	1
bromo	1
2614	1
kirikuriik	1
prantsusmaad	1
lanei	1
miitingul	1
osalemise	1
sattusid	1
paljud	1
kgb	1
repressioonide	1
näis	1
kartaago	1
liberaaldemokraatlik	1
valimiskaotusega	1
tarō	1
asō	1
esimeheks	1
sadakazu	1
tanigaki	1
valgesilmvart	1
ruskevart	1
nyroca	1
xi	1
dalailaama	1
tenzin	1
gyatso	1
viiepäevast	1
visiiti	1
gerontoloogia	1
geriaatria	1
armastan	1
sind	1
tuneesia	1
maailmameistrivõistlustel	1
kubermangukeskus	1
1710	1
schlüsselburg	1
notorious	1
big	1
biff	1
byford	1
ifk	1
norrköping	1
erru	1
västgötalagens	1
lagmanslängdis	1
hakonarsagan	1
magnust	1
eskil	1
magnussoni	1
isana	1
manuel	1
ferraz	1
campos	1
sales	1
møre	1
romsdal	1
sogn	1
fjordane	1
tööerakond	1
ete	1
baer	1
rocca	1
al	1
kaubanduskeskuses	1
edur	1
piton	1
fournaise	1
maa	1
615	1
austraaliat	1
külastades	1
avasid	1
parlamendiistungi	1
utah	1
tosno	1
тосненский	1
umbusaldust	1
39	1
liiget	1
õpetust	1
paigutatud	1
age	1
hulka	1
kirjutised	1
kriitilised	1
suhtes	1
kirdeosas	1
vicenza	1
millega	1
protesteeriti	1
paikneva	1
sõjaväebaasi	1
laiendamise	1
ussisoo	1
thyra	1
1880	1
kriisi	1
pooljuhttakistite	1
tehas	1
juuspenikeel	1
potamogeton	1
trichoides	1
autasustas	1
firmat	1
tiitliga	1
eksportöör	1
avaldis	1
cauchy	1
integraalvalemi	1
üldistus	1
stsenarist	1
d	1
siegel	1
mõistega	1
tähistatakse	1
koolkonnai	1
rajaja	1
gurdžijevi	1
ideid	1
tervikuna	1
vanatädi	1
astrid	1
lindgren	1
kõneldi	1
rahukõneluste	1
jätkamise	1
võimalustest	1
destournelles	1
constant	1
onu	1
televisiooni	1
peatoimetaja	1
ummelas	1
nc	1
pr	1
immanuel	1
kantil	1
teistel	1
õigus	1
kohuse	1
nõuded	1
täiesti	1
ebaisikulised	1
ole	1
sattumuslikud	1
tingimuslikud	1
seb	1
maraton	1
adõgee	1
республика	1
адыгея	1
transpordi	1
seisukohast	1
nigeri	1
jõgi	1
paikneb	1
suurt	1
jõesadamat	1
elulugu	1
project	1
american	1
century	1
saaremaal	1
kaali	1
kraatri	1
srebrenicas	1
avaldab	1
kaastunnet	1
ohvrite	1
omastele	1
palub	1
andeks	1
piisavalt	1
tõhusalt	1
sekkunud	1
varssavis	1
jalgpallimatši	1
eel	1
vägivaldsed	1
hamburger	1
tähtsam	1
valitsust	1
kritiseeriv	1
ajaleht	1
nädalas	1
ilmuv	1
novaja	1
gazeta	1
mats	1
larsson	1
veetallaja	1
phalaropus	1
lobatus	1
ruud	1
gullit	1
õnne	1
käsikirja	1
patriots	1
novembris	1
kapituleerus	1
leipzig	1
nõmme	1
kalju	1
kaitseväe	1
õppeasutused	1
krüss	1
lennundusalaste	1
seaduste	1
koostamisel	1
hammerfesti	1
9361	1
jeanne	1
darci	1
kujutav	1
esimesi	1
värvifilme	1
kasvas	1
üles	1
fredrikstadis	1
dareios	1
ahhemeniidide	1
valitsejaks	1
xerxes	1
kommunistlik	1
häältest	1
türkmenistan	1
turkmeeni	1
kergejõustiklane	1
gerli	1
padar	1
1979	1
azzarqawivõrgustik	1
tegutsema	1
põhjairaagis	1
kaheksandikfinaalis	1
kohtuti	1
jaapaniga	1
võideti	1
indoneesia	1
laar	1
koeraorashein	1
elymus	1
caninus	1
pimekurte	1
helen	1
keller	1
maailmameistri	1
tiitli	1
tehnikaülikoolis	1
meloodia	1
plaadifirma	1
lennon	1
mccartney	1
ülemkohtu	1
peasekretärina	1
thorbjørn	1
jagland	1
psk	1
klubijalgpalliga	1
levadias	1
kust	1
turu	1
interi	1
ridadesse	1
pilootseeria	1
tootmisest	1
rahastas	1
televisioon	1
staadionil	1
guillaume	1
dufay	1
1397	1
1474	1
teenis	1
politseis	1
vabadussõjalaste	1
liikumisest	1
vastanud	1
rakettide	1
tulistamisega	1
lietuvos	1
socialdemokratų	1
partija	1
mõnda	1
viljandis	1
arstina	1
marius	1
bezykornovas	1
osalevas	1
levadia	1
iisakul	1
106aastaseks	1
kultuuriminister	1
urve	1
tiidus	1
tšornogora	1
kõrgus	1
2061	1
meetrit	1
goverla	1
fernando	1
