ve	284
bir	171
yönlendi̇rme	139
olarak	71
bu	64
için	47
tarafından	45
ile	44
olan	43
en	42
de	41
daha	40
sonra	38
yönlendi̇r	32
da	31
ancak	30
ilk	25
büyük	25
ise	23
oldu	23
arasında	22
1	21
2	20
veya	20
fransız	20
olduğu	19
aynı	17
gibi	17
km	17
etti	16
kadar	15
birleşik	15
çok	15
iki	15
güney	14
4	14
the	14
her	14
ayrıca	14
diğer	14
birçok	14
buhar	14
3	13
yer	13
görev	13
partisi	13
kendi	13
metropol	13
los	13
kez	12
futbol	12
5	12
üzere	12
yılında	12
üç	11
lig	11
7	11
adlı	11
yeni	11
tesla	11
şu	10
karşı	10
vardır	10
örneğin	10
takımı	10
devam	10
genellikle	10
san	10
von	9
oyuncu	9
bazı	9
amerika	9
boyunca	9
avrupa	9
fc	9
birlikte	9
süre	9
olmak	9
eden	9
ardından	9
protestan	9
çoğu	9
yüksek	9
lutherin	9
angeles	9
victoria	9
sezon	8
son	8
paşa	8
bilinen	8
yaklaşık	8
m	8
la	8
bölgesinde	8
türkiye	8
zamanda	8
edildi	8
alan	8
yaptı	8
bölge	8
üzerine	8
toplam	8
yaygın	8
james	8
milyon	8
ilçesine	8
bulunmaktadır	8
önce	8
bulunan	8
sahip	8
norman	8
almanya	7
forma	7
eski	7
yapılan	7
new	7
hakkında	7
millî	7
a	7
komünist	7
takım	7
küçük	7
bölgesi	7
demir	7
yıl	7
dünya	7
ulusal	7
fazla	7
iline	7
geri	7
alman	7
sadece	7
yolu	7
john	7
polonya	7
karar	7
alanı	7
elektrik	7
belirli	7
sky	7
anda	6
fransa	6
yapmaktadır	6
kuzeyinde	6
fenerbahçe	6
teknik	6
yılları	6
krallık	6
i	6
ptt	6
10	6
çeşitli	6
6	6
bunun	6
william	6
giymektedir	6
sonraki	6
önemli	6
olduğunu	6
adı	6
i̇lk	6
roma	6
olup	6
tüm	6
pro	6
elde	6
ana	6
yoğun	6
yeniden	6
genel	6
ne	6
karmaşıklık	6
fn	6
günah	6
üzerinden	5
i̇sviçre	5
kabul	5
14	5
olmuştur	5
ikinci	5
aldı	5
parçası	5
ekiplerinden	5
rağmen	5
üçüncü	5
24	5
tv	5
ortaya	5
george	5
liga	5
takımlarından	5
formasını	5
irak	5
devleti	5
eşit	5
30	5
birliği	5
galatasaray	5
iyi	5
zaman	5
an	5
bağlı	5
2013	5
reform	5
etmek	5
bin	5
farklı	5
o	5
uzun	5
ona	5
lideri	5
ali	5
isim	5
göre	5
yanı	5
sıra	5
dahil	5
doğu	5
ev	5
sahipliği	5
savaş	5
yol	5
yerel	5
bunu	5
geldi	5
birkaç	5
önceki	5
temel	5
vardı	5
dört	5
bowl	5
sack	5
top	5
şehir	5
i̇ngiliz	5
soyundan	5
dizi	5
c	5
turing	5
p	5
artık	5
kentsel	5
uluslararası	5
yalnızca	5
bskyb	5
avustralya	5
ederek	4
robert	4
yıllarında	4
büyükelçilik	4
geleneksel	4
on	4
babası	4
oynamaktadır	4
mehmed	4
merkezi	4
özellikle	4
altında	4
iv	4
biri	4
giyen	4
defans	4
almaktadır	4
20	4
sefer	4
i̇stanbul	4
başbakan	4
to	4
şirketi	4
şarkı	4
i̇lçesi	4
spor	4
peter	4
cumhuriyeti	4
van	4
in	4
basketbol	4
portekiz	4
milletvekili	4
devlet	4
yaz	4
ligi	4
üniversitesi	4
bulunur	4
11	4
rol	4
kupası	4
il	4
uzaklıktadır	4
verdi	4
abd	4
ünlü	4
bugün	4
dünyanın	4
sahiptir	4
fakat	4
kuruldu	4
jones	4
ligue	4
giderek	4
ticari	4
alt	4
kilise	4
kazanan	4
kayıt	4
yaptığı	4
kısa	4
kuzey	4
parlamentosu	4
içinde	4
bölgesel	4
topu	4
kapma	4
üzerinde	4
super	4
varşova	4
kazandı	4
dini	4
sayıda	4
hem	4
ek	4
ayında	4
yardım	4
radyo	4
hesaplamalı	4
üzerindeki	4
problemleri	4
problemi	4
makinesi	4
biçimde	4
luther	4
i̇ncili	4
hızlı	4
içeren	4
oluşur	4
geniş	4
diego	4
havalimanına	4
sosyal	4
merkez	4
belirtilmeli	4
türbin	4
tipik	4
türbini	4
bulunduğu	3
georg	3
roger	3
katıldı	3
oynadığı	3
arası	3
kanal	3
sezonunda	3
gereken	3
genelde	3
gösterir	3
s	3
geçmiş	3
me	3
çocuğu	3
geçirdi	3
sonunda	3
el	3
çıkan	3
sağlayan	3
yayınladı	3
fk	3
böylece	3
kaynak	3
henry	3
geçen	3
smith	3
başarılı	3
karadeniz	3
ben	3
suudi	3
arabistan	3
batı	3
prensi	3
şam	3
i̇slam	3
üst	3
gün	3
edilmiştir	3
f	3
direktör	3
oynadı	3
başkanı	3
daniel	3
faaliyet	3
i̇talya	3
fransızlar	3
şubesi	3
yoktur	3
filmin	3
şansı	3
hollanda	3
i̇spanya	3
finlandiya	3
of	3
sezer	3
türk	3
arjantin	3
hüseyin	3
eurovision	3
engin	3
süper	3
nba	3
yardımcı	3
barajı	3
santrali	3
paris	3
maçta	3
rusya	3
şehirlerinde	3
devre	3
transfer	3
ay	3
ceza	3
uefa	3
ankara	3
takımında	3
afrika	3
meksika	3
yıllarda	3
grup	3
and	3
şair	3
ticaret	3
19	3
ifade	3
ya	3
üyesi	3
altı	3
albüm	3
lady	3
gaga	3
70	3
şampiyonası	3
göz	3
önüne	3
konum	3
camii	3
iii	3
kısmı	3
geçti	3
senaryo	3
charles	3
burada	3
edilen	3
nüfusun	3
ii	3
bağımsız	3
askeri	3
league	3
luis	3
yazar	3
ekibi	3
2014	3
maça	3
bulundu	3
i̇ngiltere	3
onların	3
turbo	3
han	3
yeri	3
başkenti	3
parti	3
karasal	3
dolayı	3
başka	3
ilçeler	3
34	3
sahibi	3
yayın	3
yaşında	3
takımının	3
louis	3
39	3
yönettiği	3
aşağı	3
olmadığını	3
belediye	3
birini	3
çalışmaları	3
dışında	3
devletlerinde	3
county	3
8	3
jean	3
savunmacısı	3
oyuncuyu	3
düşürme	3
profesyonel	3
öne	3
köşe	3
kale	3
17	3
kala	3
ilgili	3
önderlik	3
oyun	3
38	3
ödülü	3
tiyatrosu	3
nedeniyle	3
yunan	3
inşa	3
şehirler	3
bölgedeki	3
araba	3
nedenle	3
şirketin	3
i̇şçi	3
hemen	3
hiçbir	3
ailesi	3
drengot	3
yasal	3
normanlar	3
popüler	3
teslaya	3
teslanın	3
elektrikli	3
kurdu	3
abdde	3
makine	3
marconi	3
yönelik	3
iddia	3
savaşı	3
yayınlanan	3
problemler	3
alfabe	3
ikili	3
şekilde	3
değildir	3
çünkü	3
deterministik	3
pspace	3
bedensel	3
galler	3
almak	3
öğretmenlerinin	3
şart	3
çocuk	3
öğretmeni	3
sıklıkla	3
der	3
özel	3
kaliforniya	3
yapar	3
yolcu	3
bakımından	3
havalimanı	3
kullanır	3
video	3
hizmeti	3
yörünge	3
dijital	3
yapan	3
ilişkin	3
kırsal	3
melbourneün	3
eyaletin	3
mm	3
ft	3
edilmiş	3
fransızların	3
ettiler	3
protestanı	3
gelenler	3
güç	3
ısı	3
içten	3
yanmalı	3
motor	3
verimliliği	3
düşük	3
türbinler	3
siyasetten	2
çekilmiştir	2
kullanılarak	2
tur	2
yenildi	2
danışmanı	2
adamıyla	2
defa	2
güneş	2
kuruluş	2
ligdeki	2
eric	2
hırvatistan	2
ilinin	2
su	2
dolayısıyla	2
you	2
can	2
annesi	2
konyaspor	2
maçında	2
maçın	2
azerbaycan	2
i̇talyada	2
liste	2
içermektedir	2
serik	2
paulo	2
giydi	2
kore	2
serbest	2
bakanı	2
arsenal	2
idarî	2
şehridir	2
kontrol	2
roberto	2
v	2
show	2
cf	2
çalışmalarının	2
kişilerden	2
3000	2
yükseği	2
dağı	2
bozdoğan	2
duydu	2
ludacris	2
vfl	2
ta	2
aldığı	2
ligde	2
dönemlerde	2
marmara	2
anadolu	2
güneydoğu	2
elche	2
cfnun	2
mustafa	2
kuzeydoğusunda	2
doğusunda	2
ilçesinin	2
ağırlığı	2
gabriela	2
yarı	2
finalist	2
ordu	2
adolf	2
franklin	2
görüştü	2
böyle	2
kemal	2
atatürk	2
lindsay	2
davenport	2
raymond	2
işgal	2
orlando	2
takas	2
sol	2
yönetmen	2
alejandro	2
gonzález	2
kalkınma	2
how	2
real	2
sene	2
jake	2
blake	2
doğru	2
anayasa	2
konseyi	2
2005	2
ken	2
1991den	2
beri	2
kitap	2
h	2
acentesi	2
park	2
somali	2
kenya	2
yayılım	2
last	2
orijinal	2
müzikleri	2
marvin	2
şehrinde	2
herhangi	2
ülkeler	2
201011	2
juan	2
love	2
kiralık	2
kara	2
bünyesinde	2
do	2
brezilya	2
açmak	2
yarışmasında	2
i̇srailde	2
svetlana	2
kuznetsova	2
santa	2
maria	2
şampiyonluğu	2
sezonu	2
bunlardan	2
ait	2
music	2
hidroelektrik	2
dönemi	2
komi	2
şimdi	2
trabzonspor	2
kız	2
şarkıcı	2
philadelphia	2
televizyon	2
kurulup	2
mücadeleye	2
kendisine	2
zorunda	2
bıraktı	2
alanya	2
nehrinin	2
andrew	2
stone	2
15	2
stadyumunda	2
başkent	2
federasyonu	2
arnavutluk	2
castro	2
final	2
parlamento	2
sorumlu	2
henri	2
geçmiştir	2
michael	2
bilinir	2
dave	2
anıt	2
kent	2
olduğundan	2
bulunmamaktadır	2
j	2
johan	2
kendisi	2
bulunmuştur	2
güneyde	2
1991	2
seçimlerinde	2
seçildi	2
bundesliganın	2
tokat	2
kaliforniyanın	2
bölgede	2
bireyler	2
go	2
babasının	2
öldü	2
chris	2
araç	2
asya	2
çin	2
my	2
belçika	2
du	2
kevin	2
üyesidir	2
kopenhag	2
zelanda	2
hükümet	2
abdullah	2
söyleyen	2
demet	2
i̇ki	2
afyonkarahisarın	2
merkezine	2
etmektedir	2
holding	2
yaparken	2
porto	2
miami	2
heat	2
paul	2
walker	2
eintracht	2
u	2
kilometre	2
yükseldi	2
sırasında	2
cole	2
kurucu	2
suyu	2
ahmed	2
erkek	2
isimli	2
kaldı	2
maçlarını	2
22	2
mehmet	2
alınarak	2
katılmıştır	2
krallığı	2
ağrı	2
lefkoşa	2
henrynin	2
edwardın	2
yeğeni	2
parkı	2
özerk	2
i̇mparatorluğu	2
ülkenin	2
ayrton	2
senna	2
80	2
antrenör	2
diyarbakırlı	2
tutar	2
yerine	2
oğlu	2
i̇smail	2
tom	2
yıllık	2
chicago	2
bulls	2
hukuk	2
tahmin	2
durumda	2
başkale	2
hayatının	2
21	2
söz	2
oynayarak	2
maç	2
olaylar	2
i̇mparator	2
javier	2
barcelona	2
20072008	2
sead	2
ramović	2
adında	2
ekonomik	2
oynuyor	2
lise	2
yazdığı	2
heinrich	2
matrix	2
kastamonu	2
joseph	2
yine	2
boston	2
celtics	2
osmanlı	2
i̇mparatorluğuna	2
eva	2
sovyetler	2
cevabı	2
bedeli	2
i̇blis	2
xanderın	2
ilim	2
filmde	2
ın	2
vs	2
şarkıyı	2
şafak	2
peker	2
cengiz	2
12	2
porsche	2
type935	2
30l	2
flat6	2
performans	2
yerleşim	2
2000	2
alarak	2
ortaöğrenimini	2
i̇zmir	2
lisesinde	2
2008	2
olimpiyatlarında	2
kadınlar	2
kg	2
eserleri	2
canlı	2
cem	2
ilçe	2
evciler	2
çıktı	2
gol	2
josef	2
finali	2
takımda	2
antonio	2
spurs	2
londra	2
ava	2
gardner	2
avusturya	2
lüksemburg	2
amasya	2
wien	2
görülmektedir	2
listesine	2
başardılar	2
erzurum	2
kazandığı	2
recep	2
as	2
dair	2
tamamlanmıştır	2
lb	2
şampiyonu	2
ikamet	2
ettikten	2
taşındı	2
ö	2
bunlar	2
yılmaz	2
tommy	2
oradan	2
yüz	2
bakınız	2
anthony	2
na	2
akyürek	2
paylaşmaktadır	2
söylemiştir	2
türkiyede	2
sonraları	2
1970	2
panama	2
rakipleri	2
40	2
muhammed	2
richard	2
wright	2
prva	2
w	2
adana	2
eserinde	2
günümüzde	2
bundan	2
bölüm	2
lazio	2
yazıları	2
seattle	2
supersonics	2
muşta	2
2010	2
alp	2
disiplini	2
julius	2
tarsus	2
sınırı	2
benjamin	2
orta	2
vermek	2
sicilya	2
aday	2
oliver	2
guatemala	2
seslendiren	2
usa	2
günde	2
ölümünden	2
50	2
dönemde	2
eder	2
johann	2
marko	2
onun	2
kalan	2
gösterilebilir	2
christopher	2
akın	2
sürdü	2
hiç	2
hakem	2
şampiyonluk	2
başladı	2
osman	2
birlikleri	2
hatta	2
premier	2
david	2
köprüsü	2
kültürel	2
ebu	2
uğur	2
genç	2
cemaat	2
yayınlandı	2
hanedanı	2
savunması	2
308	2
sayı	2
çizgi	2
9	2
pantherslerin	2
hat	2
ikisi	2
bowlda	2
thomas	2
davis	2
kuechly	2
mecburi	2
etmeyi	2
başına	2
kariyerinin	2
88	2
kapalı	2
çizgisini	2
dönen	2
josh	2
arasındaki	2
puanlık	2
dönüşüm	2
denverın	2
yardımcısı	2
akademi	2
çevirisini	2
sürenin	2
yard	2
dokuzuncu	2
bölgesinden	2
uzak	2
attı	2
aslında	2
tiyatro	2
varşovanın	2
itibaren	2
departmanı	2
devletin	2
dramatik	2
az	2
ülke	2
polonyanın	2
2013te	2
1901	2
yahudi	2
sekiz	2
yüzlerce	2
komündür	2
gmina	2
şehirlerde	2
yetkileri	2
örnek	2
yani	2
numarası	2
değil	2
olduğuna	2
biz	2
powiat	2
krakówdaki	2
ilçelerde	2
borsası	2
tutarında	2
ki	2
rollonun	2
franklar	2
gelmeye	2
koloniler	2
bölündü	2
yabancı	2
olmadan	2
normandiya	2
atlantik	2
baskın	2
muhtemelen	2
gelen	2
ailesinin	2
dükü	2
hauteville	2
puglia	2
calabria	2
ilan	2
et	2
i̇talyaya	2
bizans	2
savaştılar	2
hareket	2
teşvik	2
konusunda	2
var	2
frankların	2
ermeni	2
general	2
etnik	2
anlamına	2
amalfi	2
bari	2
yönetimi	2
patentleri	2
birçoğu	2
finanse	2
1943	2
onuruna	2
yıllardan	2
aydınlatma	2
tabanlı	2
patent	2
belirtti	2
ters	2
kararı	2
mahkeme	2
marconinin	2
etme	2
ihlal	2
ettiğini	2
iddiasını	2
kılmaya	2
edison	2
oydan	2
görüşleri	2
teorisi	2
hesaplama	2
zorluklarına	2
teorik	2
bilgisayar	2
problemin	2
matematiksel	2
bit	2
dünyadaki	2
uygun	2
tam	2
doğrudan	2
bitişiklik	2
fonksiyon	2
durum	2
x	2
b	2
model	2
kullanılır	2
girişinde	2
n	2
olması	2
durumunda	2
süresi	2
zamanında	2
edilir	2
pp	2
olabilir	2
sınıfı	2
atma	2
şaplak	2
okul	2
biriydi	2
anayasasını	2
gallerdeki	2
öğretmenler	2
öğretmenlerin	2
ileri	2
okullarında	2
öğretmenlere	2
eyalet	2
gereksinimleri	2
tasdik	2
edilmesini	2
gereksinimler	2
gücü	2
ruhsal	2
batıda	2
yeminlerini	2
kararlı	2
hakkındaki	2
erken	2
üçü	2
hristiyan	2
christlichen	2
keşiş	2
almanca	2
i̇ncil	2
çaplı	2
sık	2
kilisesi	2
neden	2
burası	2
megapolünün	2
devletlerindeki	2
orange	2
riversidesan	2
beş	2
alanına	2
nüfuslu	2
bakersfield	2
hacmi	2
havalimanlarına	2
tek	2
havacılık	2
anaheim	2
galaxy	2
chivas	2
mls	2
bskybnin	2
standart	2
tanımlı	2
isteğe	2
digital	2
film	2
içerir	2
hd	2
etkileşimli	2
kanalların	2
285â°e	2
astra	2
uydusu	2
taşıma	2
faaliyete	2
neredeyse	2
şubat	2
ücretsiz	2
değiştirme	2
virgin	2
media	2
yere	2
çıkarmak	2
aralık	2
sabit	2
önceden	2
yeşiller	2
victorianın	2
siyasi	2
banliyölerinde	2
dış	2
güçlüdür	2
giren	2
anayasası	2
1855	2
parlamentoda	2
çoğunluk	2
dörtte	2
fabrikaları	2
kapatma	2
mayıs	2
fordun	2
ekim	2
turistik	2
çoğunlukla	2
göstermektedir	2
eşi	2
hükümlü	2
i̇ngiltereden	2
fransadaki	2
protestanları	2
18	2
onlara	2
i̇lçesinde	2
arazi	2
virginia	2
onlar	2
sömürge	2
nehri	2
yavaş	2
kilisesinin	2
lefevre	2
fransızca	2
öğrencisi	2
farel	2
calvin	2
etki	2
asimilasyona	2
federal	2
luftwaffe	2
yıldız	2
pilotu	2
lothar	2
maizière	2
yanma	2
odası	2
kaynağı	2
nükleer	2
enerji	2
motoru	2
gösterge	2
göstergesi	2
motorlarda	2
rankine	2
çevriminin	2
aracı	2
akışkan	2
basınç	2
giriş	2
sıcaklıkları	2
°cdir	2
modern	2
karşılaştırıldığında	2
çevrimi	2
sağlar	2
gaz	2
motorunun	2
buharın	2
stator	2
diskler	2
bıçak	2
aşamasına	2
redüksiyon	2
hertz	2
rpm	2
yönde	2
oksijen	2
kuzeyden	1
kemer	1
ulaşılabilmektedir	1
önderleri	1
georgi	1
dimitrovun	1
vasil	1
kolarovun	1
ayaklanmalar	1
şiddet	1
bastırıldı	1
santiago	1
ramón	1
y	1
cajal	1
görüşü	1
etmemektedi	1
gustav	1
kirchoff	1
ostrogorsky	1
çev	1
detroit	1
pistons	1
federere	1
20022004	1
jeanmichel	1
bayletnin	1
yetkili	1
20042007	1
kabine	1
şefi	1
irgun	1
3500	1
lehi	1
500	1
haganahya	1
adam	1
sandlerin	1
itfaiyeciyi	1
filmdir	1
luanda	1
dde	1
gazetesinde	1
kadrosunda	1
196566	1
takımların	1
tamamı	1
şehirde	1
almaktaydı	1
reformist	1
yahudilikte	1
şartlar	1
şartlara	1
kıyasla	1
farklılıklar	1
krempe	1
steinburg	1
maynor	1
518	1
otto	1
fritz	1
meyerhof	1
lars	1
ahlin	1
1915–1997	1
slovenya	1
bosnahersek	1
sırbistan	1
karadağın	1
dere	1
senelerde	1
sürekli	1
akarken	1
kilis	1
ihtiyacı	1
kurulan	1
setler	1
rejimi	1
düzensizleşmiştir	1
count	1
19302008	1
harold	1
pinter	1
danoğlunun	1
hayrabolulu	1
uzunköprülüdür	1
tepeciksporda	1
haftalık	1
aradan	1
oynamasına	1
dakikalarında	1
sakatlandı	1
bakü	1
namık	1
18521853	1
olmayınca	1
ameliyat	1
sophia	1
lorenin	1
doktoru	1
doktora	1
muayene	1
salvadordaki	1
şehirleri	1
2004	1
entourage	1
janeen	1
etler	1
békésy	1
botafogo	1
são	1
fluminensede	1
patrick	1
helmes	1
bayer	1
leverkusen	1
japonya	1
gwacheon	1
funhouse	1
albümden	1
tekli	1
vera	1
zvonareva	1
hodorkovski	1
bırakılmasını	1
dışişleri	1
hansdietrich	1
genschere	1
teşekkürlerini	1
sunan	1
bildiri	1
kyiv	1
steve	1
mandanda	1
olympique	1
marseillede	1
giyiyor	1
oblastın	1
kursk	1
monrovia	1
hastane	1
besin	1
merkezlerine	1
saldırılara	1
çıkılarak	1
durumun	1
alınması	1
çabalandı	1
turda	1
dominika	1
cibulkováya	1
moreno	1
70px	1
olav	1
nigel	1
mansell	1
sezondaki	1
yarışını	1
kazanmış	1
diğeri	1
anna	1
komninidir	1
edirneden	1
iğdıra	1
uzaklık	1
185	1
mmdir	1
johannes	1
blaskowitz	1
1883–1948	1
20152016	1
elazığspor	1
rawda	1
mickie	1
jamesi	1
yenmiştir	1
süngerbob	1
kareşort	1
emppu	1
vuorinen	1
gitar	1
málaga	1
maddi	1
yaratma	1
kurum	1
kissinger	1
tanınmış	1
olumlu	1
referans	1
toplamaktadır	1
plevne	1
плевен	1
metreyi	1
zirvelerden	1
3937	1
kaçkar	1
zirvesidir	1
masi	1
oka	1
heroes	1
kamışlar	1
sıralarda	1
i̇zlenimcilik	1
akımına	1
yakınlık	1
baby	1
085	1
disneyin	1
teneffüs	1
zili	1
osnabrück	1
emeviler	1
kilikyayı	1
ellerine	1
geçirmişler	1
kapadokyaya	1
sızan	1
akınlar	1
yapmışlerdır	1
restorasyon	1
ağırlıklı	1
golcülerinden	1
kuşadasına	1
yerleşti	1
ege	1
i̇ç	1
bölgelerinden	1
kaydedilmiştir	1
frideric	1
handel	1
1685–1759	1
bahşın	1
yönetim	1
mesiri	1
faruk	1
suriye	1
güneyinde	1
batısında	1
i̇srail	1
şeria	1
kim	1
clijsters	1
savoy	1
eugen	1
herbert	1
ross	1
i̇zlanda	1
ásgeir	1
sigurvinsson	1
yörede	1
bergama	1
hissedilmektedir	1
suşehri	1
sabatini	1
günther	1
kluge	1
tinie	1
tempah	1
swedish	1
house	1
mafia	1
haydi	1
arkadaşlarımız	1
yorkta	1
yaptığımız	1
aptalca	1
şeyler	1
yazalım	1
rütbeli	1
subaylar	1
hitlere	1
yapılacak	1
suikastin	1
hazırlığı	1
içindedirler	1
aretha	1
gana	1
katılımı	1
bulgaristan	1
şükrü	1
saracoğlu	1
stadyumu	1
cumhurbaşkanı	1
görüşmeleri	1
kapsamında	1
artur	1
rasizade	1
meclisine	1
hitap	1
federer	1
lhasa	1
sela	1
japonyada	1
infazlar	1
yapılır	1
lisa	1
ezop	1
masalları	1
xvii	1
ertesi	1
şubatta	1
tiflis	1
kızıl	1
kawhi	1
leonard	1
beraberlik	1
dallas	1
mavericks	1
magica	1
19962012	1
d	1
campbell	1
akira	1
kurosava	1
stjepan	1
tomas	1
2003–04	1
2004–07	1
gaziantepspor	1
2009–10	1
bucaspor	1
2010–11	1
18601921	1
zapolska	1
sepp	1
piontek	1
iñárritu	1
hacıhamzalar	1
koçarlı	1
adalet	1
measure	1
planet	1
sociedadnun	1
yaşındayken	1
ülkesine	1
döndü	1
toulouse	1
fcda	1
dönemin	1
sonlarına	1
afrika’dan	1
ayrılır	1
osetçe	1
кавказ	1
kavkaz	1
19831986	1
mayerin	1
yapmıştır	1
caracas	1
venezuela	1
19411995	1
sarowiwa	1
coventry	1
msf	1
haiti	1
göstermekteydi	1
ramazanoğulları	1
13251608	1
baltasar	1
kormákur	1
sinemaya	1
uyarlandı	1
130km	1
zan	1
tabak	1
19981999	1
pain	1
that	1
used	1
18031813	1
villa	1
birmingham	1
tanzanyada	1
dağhacılar	1
göynük	1
friday	1
night	1
tgif	1
hamlisch	1
bestelenmiştir	1
1920	1
ziyaretçilerin	1
yakutsk	1
irtibata	1
geçildiği	1
nehirde	1
sütunları	1
görme	1
kayserispor	1
festivalin	1
düzenlendiği	1
i̇sveç	1
i̇ngilteredir	1
club	1
voleibol	1
tenerife	1
sebastián	1
verón	1
geometry	1
şerif	1
popuç	1
yozgatspor	1
19701978	1
kuvvetleri	1
birliklerde	1
bölük	1
komutanı	1
jan	1
veselý	1
martina	1
hingis	1
belçikaya	1
anvers	1
şehirinde	1
nüfuzlu	1
ailenin	1
doğdu	1
mirante	1
vale	1
leonardo	1
vinci	1
vasco	1
gama	1
rio	1
janeiro	1
kappa	1
mikey	1
boris	1
becker	1
noosferi	1
i̇skana	1
balkan	1
savaşları	1
müzesi	1
selanik	1
rahmi	1
gürpınar	1
roman	1
reigns	1
konuşanların	1
99u	1
yaşamaktadır	1
gökhan	1
ünal	1
yükarıçırçık	1
mosteiró	1
feira	1
münib	1
noyan	1
19992001	1
siirt	1
jetpa	1
forması	1
199596	1
moses	1
malone	1
gerald	1
guralnik	1
1936–	1
ilginç	1
olanı	1
i̇skilipe	1
olandır	1
against	1
griffin	1
lois	1
griffinin	1
çocukları	1
olmasının	1
yanında	1
dahidir	1
başkomutan	1
çırpanlı	1
abdülkerim	1
nadir	1
heyeti	1
öneriyi	1
etmez	1
toplumsal	1
uzlaşma	1
moldovya	1
zeki	1
demirkubuz	1
orman	1
ötleğeni	1
hakemler	1
almus	1
süreç	1
meiji	1
restorasyonu	1
adlandırılmaktadır	1
karadeniz’in	1
kuzeyi	1
macaristan	1
balkanlar’da	1
konuşulmuştur	1
ülker	1
başlamış	1
össc	1
jennifer	1
lopez	1
glad	1
marco	1
basten	1
nypd	1
blue	1
televizyondizisi	1
19931994	1
0	1
vanspor	1
jason	1
batemanın	1
kardeşidir	1
brasília	1
dikhil	1
nicole	1
1964	1
it	1
always	1
sunny	1
tvro	1
uydudan	1
alıcısı	1
temini	1
işletilmesini	1
kapsayan	1
protokol	1
imzaladı	1
hakan	1
koçu	1
kardeşinin	1
tarafını	1
tutan	1
harezm	1
emirlerine	1
girişti	1
onları	1
biat	1
sırrıi	1
sekati	1
867	1
güzelbağ	1
sen	1
havzasının	1
ortasına	1
kurulmuştur	1
garfield	1
emma	1
jamie	1
foxx	1
76ers	1
get	1
away	1
with	1
murder	1
clint	1
eastwood	1
tğm	1
faysal	1
krallı	1
seneki	1
finalde	1
londradaki	1
wembley	1
oynanmıştır	1
theo	1
jong	1
1989–92	1
robinho	1
kariyeri	1
eredivisie	1
eerste	1
divisiede	1
470	1
emilio	1
gino	1
segrè	1
daryl	1
hannah	1
satyagraha	1
kurallarına	1
riayet	1
etmekti	1
bitik	1
kazan	1
espín	1
arthur	1
ashe	1
rolling	1
stones	1
nezdinde	1
i̇lişkilerden	1
bakan	1
raincourt	1
1802de	1
milanoya	1
1805de	1
viyanaya	1
imran	1
nazar	1
hosein	1
1942	1
borat	1
sagdiyev	1
carson	1
city	1
nevada	1
aracın	1
tasarımcısı	1
bertonedir	1
mira	1
sorvino	1
lynne	1
e	1
litt	1
kimyager	1
burundi	1
başkanları	1
listesi	1
danger	1
mouse	1
end	1
hoyt	1
atlet	1
merce	1
cunningham	1
1919–2009	1
yeşilova	1
kurduğu	1
grubu	1
pink	1
martini	1
kaitlyn	1
weaver	1
poje	1
murray	1
gitarlar	1
19761977	1
1977bugün	1
çeyrek	1
belevi	1
mezarı	1
alanında	1
likya	1
gözle	1
görünür	1
toplu	1
kalıntılar	1
fenerbahçeya	1
kırkışık	1
çine	1
adımı	1
kalbine	1
retiküler	1
bağ	1
doku	1
ursula	1
kroeber	1
le	1
guin	1
alper	1
potuk	1
velvet	1
rope	1
1997–1998	1
hentbol	1
abrams	1
yalanlandı	1
vittorio	1
pozzo	1
1934–1938	1
thoth	1
tanrısıydı	1
emily	1
samuelson	1
evan	1
bates	1
ludvig	1
runeberg	1
ak	1
sırtlı	1
ağaçkakan	1
akpazar	1
mazgirt	1
faye	1
dunaway	1
katharine	1
hepburn	1
diane	1
keaton	1
filmle	1
temsil	1
guy	1
pearce	1
i̇lçede	1
akdeniz	1
iklimi	1
hüküm	1
sürer	1
marne	1
holstein	1
badinter	1
adaletimizi	1
bilen	1
insanlardan	1
değerlendirmesinde	1
jessica6	1
2007–2015	1
2011	1
elemeleri	1
geçemedi	1
uddjaure	1
gölü	1
birleşir	1
carrie	1
underwood	1
ödül	1
kadın	1
201112	1
playoff	1
tıp	1
fakültesi	1
nürnberg	1
kaleci	1
sfântu	1
gheorghe	1
romanya	1
boztepe	1
mezarının	1
avlonya’da	1
düşünülür	1
bilbao	1
basketwc	1
örgütü	1
2000li	1
kapatıldı	1
alaskadan	1
güneyine	1
görülürler	1
kuzeyde	1
betty	1
musakolu	1
kuyucak	1
jedward	1
vefatından	1
kuvvetinde	1
yaptıkları	1
amcası	1
nusaybin	1
cerahlu	1
superman	1
animated	1
series	1
darkseid	1
iker	1
casillas	1
jack	1
dempsey	1
1895–1983	1
poppin	1
brown	1
tayland	1
piyasasında	1
mevcut	1
makao	1
jon	1
cryer	1
seçmelere	1
katılanlar	1
arasındaydı	1
wife	1
kids	1
erol	1
bilgin	1
nil	1
leçvesi	1
kobus	1
megaceros	1
dikmen	1
2012	1
jules	1
verne	1
1828–1905	1
riechst	1
so	1
gut	1
aşkı	1
memnu	1
garnett	1
pf	1
sosyalist	1
enternasyonal	1
elçilik	1
tottenham	1
hotspura	1
yenildiler	1
bohuslav	1
sobotka	1
2011günümüz	1
veliki	1
novgorod	1
iğdır	1
tra23	1
değişikliğinde	1
görevini	1
güle	1
bırakmıştır	1
çekimlerde	1
çocukların	1
rahat	1
etmesi	1
türlü	1
konforu	1
rahatlığı	1
düşündüklerini	1
akalın	1
eğlendik	1
dev	1
sinek	1
kuşu	1
198586	1
stari	1
grad	1
belgrad	1
dre	1
vidal	1
berardinelli	1
reelviews	1
başkentliğini	1
amediye	1
câmî	1
yokohama	1
marinos	1
ahmet	1
necdet	1
95	1
oscar	1
hold	1
forvette	1
oynama	1
yaşamını	1
i̇talya’da	1
sürdüren	1
sanatçı	1
pek	1
operaevlerinde	1
sahneye	1
çıkarak	1
kariyerine	1
koza	1
i̇pek	1
ayrık	1
fourier	1
dönüşümü	1
dft	1
şirvanizade	1
rüşdi	1
peterborough	1
united	1
bmc	1
sanayi	1
aş	1
mustansır	1
abbasimemlük	1
tayyar	1
raporda	1
yaşındaki	1
furkan	1
doğanın	1
elindeki	1
kamera	1
çekim	1
kere	1
kafasından	1
defalarca	1
vurulduğu	1
poison	1
well	1
kırmızı	1
leke	1
riko	1
vin	1
diesel	1
dwayne	1
johnson	1
sv	1
trier	1
05	1
torontoda	1
çalışmalarını	1
sürdürmektedir	1
36	1
slave	1
i̇zbanın	1
uzunluğu	1
110	1
istasyon	1
sayısı	1
38e	1
röportaj	1
idollerinin	1
zinedine	1
zidane	1
patrice	1
evra	1
ashley	1
kendini	1
yedek	1
kaldığımda	1
sakatlandığımda	1
ümitsizliğe	1
düşmeden	1
hocalarıma	1
küsmeden	1
çalışmaya	1
ettim	1
nemanja	1
bjelica	1
20132015	1
i̇talyan	1
messali	1
hac	1
i̇brahim	1
adnan	1
saraçoğlu	1
şuanda	1
kanada	1
takımını	1
yönetmektedir	1
dudu	1
19971998	1
poker	1
face	1
türbenin	1
planını	1
tevfik	1
fikret	1
çizdi	1
otobiyografisi	1
topol	1
londrada	1
yayınlanmıştır	1
anılsa	1
kulübünde	1
mor	1
gabriel	1
manastırı	1
stuttgartın	1
ulmun	1
48	1
ufkî	1
bey	1
17400	1
kişilik	1
tivolineuda	1
aurela	1
gaçe	1
feyenoord	1
ángel	1
albín	1
getafe	1
200610	1
rimantas	1
kaukėnas	1
0304	1
i̇nal	1
batu	1
19791984	1
hacıoğlu	1
1997	1
ralli	1
zuhal	1
olcay	1
1917	1
fram	1
reykjavík	1
wolfgang	1
ketterle	1
1957–	1
ödülün	1
verileceği	1
national	1
academy	1
recording	1
arts	1
sciences	1
satışları	1
konumları	1
alınmaksızın	1
sanatsal	1
başarı	1
yeterlilik	1
çalışmanın	1
endüstrideki	1
mükemmelliği	1
belirlenir	1
5sezonda	1
cody	1
christian	1
kötü	1
karakteri	1
canlandırmak	1
diziye	1
hrazdan	1
kıyısında	1
ovasının	1
selimiye	1
vii	1
karısı	1
viii	1
kızı	1
richardın	1
kızkardeşidir	1
bulakbaşı	1
willie	1
solomon	1
mark	1
webber	1
resim	1
azokh	1
azıh	1
mağarasının	1
girişi	1
golünü	1
sivasspora	1
16	1
haftada	1
atmıştır	1
satış	1
işlemi	1
gerçekleştirilerek	1
borsaya	1
i̇hlas	1
bildirilmiştir	1
anastasio	1
somoza	1
garcía	1
altıntaş	1
ralf	1
zumdick	1
20102011	1
yuba	1
19901994	1
koraç	1
keskin	1
gölpazarı	1
glacier	1
hızı	1
xızı	1
ningşia	1
hui	1
ll	1
be	1
there	1
daşkesen	1
rayonunun	1
merkezidir	1
ömürlü	1
olmayan	1
devletlerden	1
diğerlerine	1
süreli	1
hükümranlık	1
sürdürecek	1
mö	1
lance	1
armstrong	1
jagoš	1
vuković	1
2014–	1
27012010	1
madrid	1
efes	1
pilsen	1
77	1
sahra	1
çölü	1
kaplıdır	1
çamlıhemşine	1
uzaklığı	1
kmdir	1
noli	1
metalurh	1
donetsk	1
takımlarında	1
paraguay	1
pskent	1
dijon	1
fco	1
sérgio	1
rosa	1
jump	1
madonna	1
şarkısı	1
cnn	1
türkte	1
tarafsız	1
programını	1
sunmaktadır	1
markéta	1
irglová	1
kendisini	1
görüyor	1
millet	1
meclisi	1
tarihçi	1
polybius	1
hannibali	1
başarısızlıktan	1
melik	1
salih	1
zengi	1
pang	1
qing	1
tong	1
jian	1
terry	1
gilliam	1
mckeown	1
stoppard	1
kiev	1
ukrayna	1
cizredeki	1
görevinden	1
mersine	1
tayin	1
sıtmayla	1
savaştı	1
scottie	1
pippen	1
nurdağı	1
neeskens	1
2000–04	1
fakültesini	1
bitirmiştir	1
çoğunluğu	1
noktalarına	1
dağılmış	1
ermenistanda	1
civarındadır	1
114	1
kalanını	1
okulun	1
tamamladı	1
yaş	1
yazarlığı	1
beste	1
anadolunun	1
yörelerinden	1
derlediği	1
türküleri	1
kültürümüze	1
kazandırmaya	1
ettirmektedir	1
i̇negölspora	1
sezonda	1
64	1
oynayıp	1
fileleri	1
havalandırdı	1
t	1
eliot	1
olurken	1
konstantius	1
uzaktaydı	1
yeğişe	1
turyan	1
19091910	1
83dakikada	1
saviolanın	1
oyuna	1
i̇nek	1
tavuk	1
star	1
19901998	1
tromsø	1
20062010	1
meg	1
stewie	1
arjen	1
robben	1
40px	1
stavropol	1
krayı	1
haritada	1
nolu	1
sabah	1
cenk	1
akyol	1
i̇mparatorluğunun	1
manevi	1
üstünlüğüne	1
inanıyordu	1
genkde	1
hazri	1
buzovna	1
terrence	1
malick	1
erkan	1
küçelere	1
serpmişim	1
cameron	1
diaz	1
aktris	1
aragonés	1
iken	1
şiirleri	1
arkadaş	1
bölle	1
göndermişti	1
romário	1
jürgen	1
klinsmann	1
baggio	1
kennet	1
andersson	1
lloyd	1
banks	1
young	1
buck	1
yapım	1
kaşçılar	1
kanadadan	1
ekonomiye	1
fifa	1
kupasında	1
yapacaktır	1
erdem	1
özgenç	1
tokak	1
boum	1
ersin	1
güreler	1
kullanılmamaktadır	1
kapalıdır	1
ferah	1
japonya’nın	1
xx	1
altan	1
erkekli	1
tazminatı	1
ödemeyi	1
ca	1
cerroda	1
ec	1
vitóriada	1
craig	1
green	1
mads	1
mikkelsen	1
eat	1
bill	1
plympton	1
nasîrüddin	1
tûsî	1
felsefi	1
nitelikli	1
mektuplaşmalarda	1
sloganı	1
öncüler	1
hazır	1
olun	1
öncülerin	1
hazırız	1
xander	1
taraya	1
spikeın	1
büyünün	1
olacağını	1
söylediğinden	1
bahsederken	1
willow	1
iblisin	1
buffynin	1
dönmesinin	1
keşfeder	1
ekler	1
buffy	1
ölürse	1
dünyada	1
kalabilecektir	1
bedenine	1
girer	1
ipucu	1
teşekkür	1
bedenini	1
terkeder	1
oğluna	1
müddet	1
ders	1
verdikten	1
öürenmesi	1
musula	1
gönderdi	1
ebdon	1
1503te	1
kristof	1
kolomb	1
celalabad	1
kırgızistan	1
otostopçu	1
rolünde	1
charlotte	1
ramplingin	1
rolü	1
utrecht	1
basil	1
liddell	1
hart	1
ti	1
tip	1
albümündeki	1
touchdown	1
parçada	1
çalışmıştı	1
türkiyeye	1
özgü	1
türdür	1
justin	1
timberlake	1
justified	1
liverpool	1
hope	1
letonya	1
sana	1
yazdım	1
bölgelerden	1
şahdağdır	1
bursla	1
york’un	1
yolunu	1
tuttu	1
gyllenhaal	1
197173	1
kuraklık	1
etiyopyada	1
insanın	1
ölmesine	1
açmıştır	1
sefe	1
değişeni	1
dcep	1
açıkalın	1
küçükayvaz	1
fernando	1
gökdeniz	1
i̇nternet	1
alışveriş	1
manuel	1
urrutia	1
lleó	1
gösterdiği	1
üstün	1
anderlechtli	1
kurmayların	1
onu	1
keşfetmesini	1
sağladı	1
eskişehir	1
doğumundan	1
gençliği	1
yaşadığı	1
oulunkyläye	1
taşındılar	1
besud	1
beshud	1
kabilesinden	1
komutanlarından	1
jebe	1
nin	1
akrabasıydı	1
tanınan	1
cahit	1
arfdır	1
cherry	1
kattendorf	1
almanyanın	1
schleswigholstein	1
eyâletinde	1
segeberg	1
mchale	1
born	1
this	1
way	1
kulüp	1
yugoslavyadaki	1
şampiyonalarda	1
inişliçıkışlı	1
grafik	1
sergilemiştir	1
kraliçe	1
maud	1
toprakları	1
gültepe	1
kâğıthane	1
katıldığı	1
resmi	1
turnuva	1
zacharie	1
astruc	1
eserden	1
ilham	1
şiir	1
yazmıştı	1
kickers	1
offenbach	1
1938’de	1
tamamladıktan	1
fakültesine	1
girdi	1
ahlat	1
bitki	1
çobanlar	1
sunucu	1
earl	1
halter	1
53	1
enver	1
sedat	1
konrad	1
adenauerin	1
portreleri	1
izledi	1
kültür	1
akdağmadeni	1
quarteira	1
ardindan	1
19921993	1
tekrar	1
yurt	1
disina	1
polonyanin	1
güclü	1
wisla	1
krakowu	1
calistirmistir	1
faşist	1
19211943	1
game	1
müzisyen	1
mirsad	1
türkcan	1
19942012	1
rami	1
lleyton	1
hewitt	1
iklim	1
yaşanmakta	1
yazlar	1
sıcak	1
yağışsız	1
kışlar	1
kar	1
yağışlıdır	1
antik	1
mısırda	1
tapılan	1
hayvanlar	1
karakeçili	1
müzikal	1
manada	1
90’ların	1
ustaları	1
barış	1
manço	1
erkin	1
koray	1
karaca	1
mfö’den	1
etkilendi	1
bugsaşspor	1
brubeck	1
gaye	1
solti	1
stevie	1
wonder	1
maksimir	1
zagreb	1
yugoslavya	1
sirkeli	1
beldesi	1
pursakların	1
olmasından	1
pursaklar	1
bağlanmıştır	1
londraya	1
dönmek	1
sabırsızlandı	1
yeterli	1
kanıt	1
toplamadı	1
biyhem	1
hocalar	1
i̇htilâl	1
başarısızlıkla	1
isyancıların	1
başı	1
suavinin	1
öldürülmesi	1
sonuçlanmıştır	1
madenler	1
312de	1
appian	1
yapıldı	1
cihadiye	1
sarıçam	1
i̇kincisi	1
frankfurt	1
formasıyla	1
maçlarda	1
kaydetti	1
moğolistan	1
kesimi	1
stalin	1
rc	1
celta	1
vigo	1
pobra	1
brollón	1
20102016	1
u21	1
direktörü	1
1993	1
şampiyonlar	1
tarhuncu	1
kelaynağı	1
havlicek	1
elâzığ	1
94	1
alacakaya	1
tsg	1
1899	1
hoffenheim	1
19942003	1
no	1
allowed	1
yalan	1
gregory	1
peck	1
susan	1
hayward	1
çek	1
danimarka	1
kızılca	1
köyü	1
1927	1
sk	1
rapid	1
3–0	1
austria	1
canberra	1
boz	1
ötleğen	1
sylvia	1
borin	1
çaylak	1
milvus	1
migrans	1
kavalalı	1
neo	1
american	1
horror	1
story	1
season3	1
gedebey	1
gədəbəy	1
eiður	1
guðjohnsen	1
200609	1
coldplay	1
trouble	1
karaağaç	1
tren	1
i̇stasyonu	1
düşüncelerinde	1
sıralar	1
çalışmakta	1
zen	1
budizminin	1
etkileri	1
billboard	1
200	1
girmeyi	1
listelerinde	1
girmey	1
başarmıştır	1
ikametgahı	1
mesleki	1
faal	1
abddedir	1
helen	1
keller	1
1880–1968	1
danny	1
boyle	1
bitimi	1
takımdan	1
yiner	1
ayrılarak	1
giresunspora	1
chpnin	1
mhpnin	1
black	1
eyed	1
peas	1
god	1
is	1
dead	1
galibiyetini	1
lihtenştayna	1
deplasmanda	1
panathinaikos	1
hukuki	1
sistem	1
i̇ngiltere’den	1
ayrı	1
işlemeye	1
etmiştir	1
kaleciler	1
volkan	1
demirel	1
biler	1
rüştü	1
reçber	1
shaun	1
murphy	1
doherty	1
eleştirilmiştir	1
mars	1
exploration	1
rover	1
monaco	1
derbiyi	1
konumuna	1
gelmiştir	1
alaskada	1
görüldüğüne	1
brükseldeki	1
heysel	1
oynanan	1
mücadelesi	1
33	1
beraberlikle	1
châteauroux	1
yardımcılarından	1
hüsamettin	1
özkanın	1
ağabeyidir	1
hey	1
arnold	1
gaziantepte	1
ankaraya	1
cabir	1
eflah	1
avusturyada	1
listenin	1
yarısına	1
çıkabilmiştir	1
bakanlar	1
tessa	1
virtue	1
scott	1
moir	1
haydar	1
başın	1
grubunun	1
yakınlığı	1
mora	1
hawaii	1
yanardağlar	1
kafası	1
kesilir	1
tahran	1
sokaklarına	1
götürülerek	1
dolaştırılır	1
cibuti	1
sınırları	1
yirmi	1
basra’ya	1
programı	1
güzel	1
hareketler	1
yapımcılığını	1
erdoğanın	1
programın	1
skeçlerinde	1
eşcinselleri	1
aşağılayan	1
karikatürize	1
içeriklerden	1
yates	1
vahid	1
halilhodžić	1
mısır	1
meyve	1
yarasası	1
yara	1
almadan	1
kaçmayı	1
başarır	1
1959	1
bisiklet	1
turu	1
i̇dari	1
şehri	1
szczecindir	1
viktor	1
zubkov	1
vekaleten	1
krasnodar	1
kabile	1
asur	1
yıkılan	1
krallıklarından	1
dağılmışlardı	1
man	1
adasındaki	1
yel	1
değirmenleri	1
quinn	1
ömer	1
muhtar	1
ardaşes	1
harutünyan	1
gazeteci	1
valenciennes	1
kaptanlığını	1
süreyle	1
paris’e	1
lermoyez	1
castexin	1
servislerinde	1
gözlemlerde	1
estonya	1
danimarkanın	1
kopenhagda	1
yarışması	1
fimi	1
5×	1
platin	1
luar	1
lubre	1
baş	1
rolleri	1
farah	1
zeynep	1
open	1
door	1
çıkılan	1
turnenin	1
ayağında	1
lana	1
del	1
rey	1
ürdün	1
lensin	1
büyükelçisi	1
sekreteri	1
haziran	1
alois	1
hitler	1
gustavo	1
capanema	1
sarayı	1
yapı	1
kahn	1
dizayn	1
toplamda	1
bölümden	1
oluştu	1
cumartesi	1
akşamları	1
gösterildi	1
çalışırken	1
tanıştığı	1
avary	1
çalışacaktı	1
mingbulak	1
kirchhoffun	1
voltaj	1
yasasını	1
yazarsak	1
13	1
white	1
finlandiyaya	1
sergilemesine	1
kaybedildi	1
sscbden	1
ayrıldı	1
üniversite	1
oyunları	1
siodmakin	1
ernest	1
hemingwayin	1
hikayesinden	1
uyarlanan	1
başrollerinde	1
burt	1
lancaster	1
oynamışlardır	1
i̇spanyaya	1
abdye	1
gitmiş	1
yorkda	1
yaşadıktan	1
venezuelaya	1
mascherano	1
k	1
50pxмайо́р	1
binbaşı	1
chiapas	1
belize	1
bolivyada	1
turdaki	1
elendikleri	1
magic	1
taraf	1
42lik	1
seriyle	1
atlanta	1
i̇ngilterede	1
40000	1
kanadada	1
15000	1
kopya	1
sattı	1
kılavuzlar	1
sultanhisar	1
fransanın	1
nice	1
kentinde	1
20142015	1
jerry	1
hikayeleri	1
997998	1
1262de	1
kahirede	1
doğmuş	1
memluklu	1
sultanı	1
nasır	1
kalavundur	1
196061	1
araştırmalarının	1
adımıydı	1
start	1
up	1
hnlde	1
mücadele	1
beşinci	1
ronald	1
reagan	1
bush	1
felipe	1
massa	1
yarış	1
dışı	1
grindelwald	1
buzulu	1
tuba	1
büyüküstün	1
queen	1
gilbert	1
arenas	1
başrollerde	1
lee	1
will	1
oynamıştır	1
42	1
ceyhan	1
batlamyus’un	1
coğrafya	1
ismin	1
geçtiği	1
söylenmektedir	1
sandra	1
bullock	1
clooney	1
201213	1
pteraster	1
tesselatus	1
alır	1
tbmm	1
xxiv	1
xxv	1
moğolistanın	1
gelmiş	1
efsanevi	1
nikolay	1
karpol	1
ulu	1
camii’nin	1
cami­ye	1
bitişiktir	1
düzcespor	1
kaman	1
bartın	1
christa	1
mcauliffe	1
uzman	1
ignden	1
ahsan	1
haque	1
bölüme	1
79	1
puan	1
bölümün	1
genelinin	1
eğlendirici	1
bölümler	1
klasikleşecek	1
söyledi	1
köyün	1
yarpuz	1
bitkisinden	1
gelmektedir	1
bahçesaray	1
gasometer	1
viyana	1
gölyurt	1
gerger	1
sps	1
koalisyonu	1
44	1
entamoeba	1
histolytica	1
latina	1
piyale	1
süleymaniye	1
kubbe	1
ekstremadura	1
husaini	1
sistani	1
oulu	1
nakharar	1
hanedanları	1
mamigonyanlar	1
karsta	1
gamsaraganlar	1
i̇spirde	1
kars	1
ardanuç	1
bagratuniler	1
vanda	1
ardzruniler	1
gevaşta	1
rştuniler	1
tekmanda	1
vahevuniler	1
ercişte	1
abahuniler	1
malazgirtte	1
knunilerdir	1
kış	1
ethel	1
rosenberg	1
i̇dman	1
yurdu	1
ég	1
á	1
líf	1
vefat	1
babaannesi	1
hürrem	1
sultanın	1
himayesi	1
yetiştirilmiştir	1
yanya	1
lenny	1
wilkens	1
cavendish	1
tanıştı	1
rioja	1
topluluk	1
wolfsburg	1
2001–04	1
emerson	1
fittipaldi	1
ardıcı	1
vatandaşları	1
proje	1
refarandumda	1
oy	1
kullanmıştır	1
kahramanmaraş	1
120	1
andırın	1
kadirliye	1
25	1
rugerro	1
türünü	1
undertaker	1
çıkarmıştır	1
root	1
slipknot	1
sour	1
abaka	1
i̇lhanlılar	1
hükümdarı	1
voleybol	1
gone	1
nelly	1
2007	1
olmayarak	1
dalaman	1
levent	1
beşiktaş	1
phelps	1
başyapıtın	1
hikmet	1
akarsu	1
girl	1
earth	1
yönlendirme	1
dylan	1
sprouse	1
kâzım	1
orbay	1
18861964	1
we	1
are	1
world	1
for	1
africa	1
prodüktör	1
quincy	1
havar	1
molla	1
barthold	1
universal	1
group	1
tuda	1
milwaukee	1
bucksa	1
32	1
yenilmekten	1
kurtulamadı	1
nepalde	1
15003400	1
yükseltilerde	1
şimdiki	1
jorge	1
borges	1
bahamalar	1
pancar	1
nazilli	1
yönünde	1
münihde	1
stuttgartda	1
büyüdü	1
106	1
köprüköy	1
ian	1
naaşı	1
novodeviçi	1
mezarlığı	1
nda	1
defnedildi	1
bozayısı	1
norwich	1
lizbon	1
ekvador	1
sağlık	1
ocağı	1
çalışmamaktadır	1
kızıllı	1
kepez	1
cleveland	1
cavaliers	1
yaban	1
arısı	1
rump	1
sankt	1
im	1
pongau	1
abdül	1
fettah	1
yunus	1
lahey	1
konsolosluk	1
i̇negölspor	1
üsküpte	1
manastırının	1
inşasına	1
emri	1
başlanmışsa	1
ölümü	1
yarım	1
inşaat	1
başarısı	1
berlin’in	1
düşürülmesi	1
uzatmalarda	1
atılan	1
doğduğu	1
büyüdüğü	1
bakırköy	1
i̇rkutsk	1
oblastı	1
eugène	1
gaillard	1
1862–1933	1
4a	1
games	1
firması	1
taşır	1
gölbelen	1
çıldır	1
jayne	1
torvill	1
dean	1
party	1
rock	1
anthem	1
sternberg	1
walken	1
hnl	1
tane	1
adayların	1
filiz	1
dinara	1
safina	1
bizansla	1
aralıklı	1
keyfim	1
yok	1
yeşim	1
salkımın	1
stüdyo	1
albümüdür	1
25px	1
sivri	1
köstebeği	1
bad	1
jackson	1
şanlıurfasporda	1
kelly	1
clarkson	1
life	1
would	1
suck	1
without	1
singletonın	1
başrolleri	1
tyrese	1
gibson	1
mendes	1
devon	1
aoki	1
amatör	1
20122013	1
muro	1
balear	1
adaları	1
dördüncü	1
ludwig	1
beethoven	1
1770–1827	1
çalpara	1
yengeç	1
demirsporda	1
madde	1
duyularla	1
algılanabilen	1
bölünebilen	1
nesne	1
özdekdir	1
doğal	1
bulunmazlar	1
süs	1
bitkisi	1
yetiştirilmektedir	1
arnavutköy	1
başkanlığı	1
seçimi	1
sonuçları	1
şekildedir	1
i̇lin	1
komşuları	1
halland	1
västra	1
götaland	1
östergötland	1
kalmar	1
kronoberg	1
illeridir	1
çullukgiller	1
scolopacidae	1
tür	1
bayat	1
ayaş	1
koçköy	1
merzifon	1
denizi	1
kıyısından	1
800	1
metre	1
içerde	1
düz	1
yerleşmedir	1
yunanistan	1
29500	1
a2	1
juventus	1
başrol	1
oyuncusu	1
paulette	1
goddard	1
dır	1
alancık	1
vezirköprü	1
şili	1
mekke	1
emiri	1
20062007	1
20072008de	1
i̇talyadaki	1
kulvarların	1
çoğunda	1
kazanıldı	1
januar	1
nikolićin	1
albümü	1
malatyada	1
pinnacle	1
point	1
i̇nsanı	1
ss	1
kn	1
onisilos	1
sotiras	1
daniels	1
c3po	1
stamford	1
bridge	1
chelsea	1
cüneyt	1
arkın	1
filmdeki	1
oyunculuğuyla	1
filmografisinde	1
getiren	1
işlerinden	1
yapmış	1
santo	1
domingo	1
dominik	1
döneminde	1
oranda	1
yabancılar	1
gerçekleştiren	1
yerli	1
hamdi	1
beydir	1
linkin	1
catalyst	1
bernard	1
hinault	1
i̇stanbula	1
vardıktan	1
saklandı	1
karakaya	1
categoría	1
primera	1
2011i	1
2014i	1
karamürsel	1
buna	1
karşılamak	1
iaşe	1
toplama	1
etrafa	1
halep	1
cıvarlarına	1
yayıldılar	1
taylor	1
swift	1
bitkinin	1
toprağı	1
i̇lkbahar	1
mevsimlerinde	1
değiştirilmeli	1
gelişimi	1
oranında	1
saksılara	1
yetiştirilmesine	1
edilmelidir	1
hâfız	1
didius	1
julianus	1
septimius	1
severus	1
kuyuluk	1
kozan	1
almatı	1
başkonsolosluk	1
division	1
mack	1
sennett	1
müşteri	1
yöre	1
puydedôme	1
hauteloire	1
aveyron	1
lot	1
lozère	1
corrèze	1
illeriyle	1
çevrelenmiştir	1
kıbrıs	1
coulthard	1
gökçeli	1
dinar	1
adını	1
albrecht	1
roondan	1
rolünü	1
kolombiya	1
dizinde	1
gerçekleştirdi	1
publius	1
cornelius	1
dolabella	1
mustencid	1
abbasi	1
akashi	1
kaikyō	1
hissedildikleri	1
başta	1
mersin	1
kıyı	1
bulunurlar	1
transferin	1
oyuncularından	1
oğuz	1
dağlaroğlunun	1
sözleşmesi	1
uzatıldı	1
medinede	1
eyyub	1
elensari	1
’nin	1
konuğu	1
evgar	1
ozan	1
güven	1
özkan	1
polat	1
demirkan	1
sertab	1
erener	1
suicidal	1
tendencies	1
edwards	1
sellers	1
cedi	1
fred	1
astaire	1
1990larda	1
asistan	1
menajerlik	1
takımlara	1
direktörlük	1
yaptıktan	1
bobby	1
robsonın	1
tercümanlığını	1
yapmaya	1
taşova	1
1784	1
izleyici	1
izlendi	1
palm	1
beach	1
florida	1
steven	1
moffat	1
kaleme	1
alınmıştır	1
yetiştirilen	1
cevizler	1
sucuk	1
yapımının	1
girdilerindendir	1
volkswagen	1
hpt16	1
20l	1
i4	1
11600	1
km²	1
jamaika	1
büyüklüğünde	1
bahadır	1
akkuzu	1
19781985	1
19862009	1
zarfında	1
mahmud	1
esad	1
coşan	1
oğlunu	1
işleri	1
yönünden	1
yetiştirdi	1
altın	1
hermetik	1
cemiyeti	1
michel	1
gondry	1
karikatürü	1
gırgır’da	1
red	1
hot	1
chili	1
peppers	1
darıbükü	1
jengu	1
kamerun	1
kültüründe	1
akçaabat	1
sebatspor	1
gershwin	1
18981937	1
ivanović	1
qin	1
düzenleme	1
albümün	1
prodüktörlüğünü	1
üstlenen	1
sinan	1
akçıl	1
imzası	1
taşımaktadır	1
toulouselautrec	1
hayranıydı	1
funès	1
girault	1
yazılmış	1
yönetilmiştir	1
wallace	1
ur	1
hand	1
musa	1
câbir	1
hayyan	1
zonguldak	1
﻿panthers	1
derecesi	1
altıncı	1
sırada	1
nflde	1
ligin	1
başını	1
çekmesi	1
seçmeleri	1
övünç	1
kawann	1
short	1
11le	1
ederken	1
savunmaya	1
zorladı	1
yan	1
mario	1
addison	1
6½	1
ekledi	1
panthers	1
hattında	1
başlangıçta	1
uç	1
kony	1
ealy	1
136	1
nflnin	1
aktif	1
kariyer	1
atıcısı	1
jared	1
allen	1
çıkmaktadır	1
arkalarında	1
adet	1
savunma	1
oyuncusundan	1
oynamak	1
luke	1
dördünde	1
5½	1
araya	1
getirirken	1
çalmalarda	1
118	1
pasını	1
kesme	1
takıma	1
öncülük	1
carolina’nın	1
ikincisi	1
gösterilen	1
güvenliği	1
sürükleyen	1
kurt	1
coleman’a	1
çalma	1
sayısıyla	1
gelişen	1
geçişten	1
geliştiren	1
normana	1
broncos	1
23–16	1
turunda	1
pittsburgh	1
steelersı	1
dakikasında	1
mağlup	1
englandın	1
girişimini	1
saat	1
saniye	1
pası	1
keserek	1
afc	1
oyununda	1
bowlu	1
savunan	1
xlix	1
england	1
patriotsu	1
20–18	1
yendi	1
manningin	1
kapmalarla	1
sorunlarına	1
rövanş	1
atmadı	1
peyton	1
manningiki	1
birden	1
bowlsa	1
gitmesinde	1
kilit	1
oynayan	1
rekor	1
broncosu	1
xxxiiite	1
galibiyete	1
götüren	1
operasyonları	1
başkan	1
müdürü	1
elwayin	1
ellerindeydi	1
kazananı	1
marlee	1
matlin	1
amerikan	1
i̇şaret	1
diliasl	1
grammy	1
adayı	1
marşı	1
normal	1
bitimine	1
451	1
carolina	1
çizgisinde	1
kazandıran	1
hareketi	1
gerçekleştirme	1
topa	1
karşılaştı	1
oyunda	1
miller	1
newtondan	1
uzaklaştırdı	1
oyuncunun	1
dalmasından	1
geriye	1
sıçrama	1
çizgisine	1
gönderen	1
ward	1
yarda	1
gönderildi	1
kurtarmaya	1
çalışmak	1
topluluğa	1
dalsa	1
newton	1
yapmadı	1
saldırganlık	1
eksikliği	1
ağır	1
eleştiriler	1
getirdi	1
arada	1
bitiş	1
tutuldu	1
vuruşunda	1
penaltıyı	1
tutarak	1
broncosa	1
yenilgiler	1
tattırdı	1
anderson	1
metrelik	1
geçiş	1
koşusunda	1
manning	1
bennie	1
fowlera	1
pas	1
denverı	1
2410	1
oyunun	1
carolinanın	1
hamlesi	1
birinde	1
yenmesini	1
almada	1
başarısız	1
yakınlarda	1
ogród	1
saskide	1
sakson	1
bahçesi	1
1870ten	1
1939a	1
işletiliyordu	1
savaşlar	1
kompleksi	1
edebi	1
kabaresi	1
momus	1
leon	1
schillerin	1
müzik	1
melodramı	1
içeriyordu	1
wojciech	1
bogusławski	1
1922–26	1
anıtsal	1
tiyatrosunun	1
örneğiydi	1
1930ların	1
ortalarından	1
binası	1
oyunculuk	1
sahne	1
yönetmenliği	1
sanat	1
akademisi	1
upati	1
sanatlar	1
enstitüsünü	1
barındırdı	1
destekçiye	1
ekstraklasa	1
şampiyonasını	1
kazanmayı	1
1946da	1
şampiyonluğunu	1
kupayı	1
sahası	1
konwiktorska	1
caddesinde	1
kente	1
dakikalık	1
yürüme	1
mesafesinde	1
feci	1
finansal	1
durumları	1
liginden	1
çekildi	1
pzpn	1
yapısındaki	1
polonyada	1
seviye	1
oynuyorlar	1
varlığı	1
süresince	1
kültürlü	1
nüfus	1
sayımına	1
711988	1
sayıdaki	1
562si	1
katolikler	1
357si	1
5i	1
ortodoks	1
hıristiyanları	1
28i	1
protestanlardı	1
1909	1
281754	1
369	1
18189	1
2818	1
mariavite	1
04	1
şehrin	1
yerinde	1
ibadet	1
edilmesine	1
açtı	1
1944teki	1
i̇syanı	1
sonrasında	1
tahrip	1
savaştan	1
otoriteleri	1
inşasını	1
caydırdı	1
polonyadaki	1
ayrılma	1
birimi	1
tüzüğü	1
komünler	1
yönetilmektedir	1
komünlerde	1
vogttur	1
lehçede	1
wójt	1
burmistrzdir	1
bölünmenin	1
seviyesindeki	1
birimler	1
olunan	1
ayrıcalıklar	1
ederler	1
powiatlar	1
yetkilere	1
otomobil	1
tescili	1
verilebilir	1
otomobilleri	1
kaydedemez	1
powiatın	1
görevidir	1
arabanın	1
gminaya	1
hangi	1
powiata	1
kaydedilmiş	1
bağlıdır	1
grodzki	1
konuşuyoruz	1
lublin	1
krakov	1
gdansk	1
poznandır	1
varşovada	1
ilçelerinde	1
powiatların	1
belirtilen	1
kaydı	1
wola	1
kanıtı	1
ursynów	1
wolanın	1
otomobillerinin	1
ursynów’unkinden	1
hakları	1
numaraları	1
tiptedir	1
1817de	1
savaşına	1
ticaretine	1
sonrası	1
ülkedeki	1
kontrolünün	1
sona	1
ermesinin	1
piyasa	1
ekonomisinin	1
başlatılmasının	1
nisan	1
menkul	1
kıymetler	1
wse	1
göstergeye	1
374	1
listede	1
31	1
ağustos	1
2009	1
itibariyle	1
162584	1
avro	1
işletme	1
sermayesi	1
pazardır	1
gariptir	1
2000e	1
partisinin	1
pzpr	1
kullanılan	1
binada	1
bulunuyordu	1
gelişinden	1
popülasyonları	1
picardyden	1
nitelendirilen	1
îledefranceden	1
değildi	1
viking	1
yerleşimcileri	1
880lerde	1
başlamıştı	1
doğudaki	1
roumois	1
pays	1
caux	1
alçak	1
seine	1
vadisi	1
çevresinde	1
batıdaki	1
cotentin	1
yarımadasındaki	1
yerleşimci	1
kaldığı	1
pagii	1
ayrıldılar	1
kıyılarının	1
kısmına	1
düzenleyen	1
yerleşen	1
muhalifleri	1
norveçliler	1
i̇skandinavi̇skoçyalılar	1
orkney	1
vikingler	1
i̇sveçliler	1
norveç	1
kontrolündeki	1
danelawlardan	1
anglo	1
danimarkalıları	1
akdenize	1
ulaşmak	1
önde	1
hautevilleden	1
tancred	1
geliyordu	1
rainulf	1
1030da	1
napoli	1
sergiustan	1
güneydeki	1
ayak	1
basacak	1
aversa	1
ilçesini	1
salerno	1
guaimarın	1
düklüğü	1
etmesiyle	1
soylu	1
derecesini	1
seçtikleri	1
liderleri	1
iron	1
armı	1
melfinin	1
başkentindeki	1
sayım	1
ünvanıyla	1
ödüllendirdi	1
capua	1
prensliğini	1
drogoyu	1
1047’de	1
dux	1
magister	1
italiae	1
comesque	1
normannorum	1
totius	1
apuliae	1
calabriae	1
asillendirmiştir	1
i̇talyanın	1
beyi	1
normanlarının	1
kontu	1
girmeye	1
başladıktan	1
ermenistana	1
girdiler	1
peçeneklere	1
bulgarlara	1
selçuklu	1
türklerine	1
paralı	1
askerleri	1
bizanslılara	1
lombardlar	1
güneye	1
sicilyada	1
hizmetinde	1
1038–40	1
maniacesin	1
seferinde	1
varangian	1
lombard	1
birlikleriyle	1
ön	1
plana	1
çıktılar	1
hizmetindeki	1
normanların	1
i̇talyadan	1
gelip	1
gelmediği	1
tartışmalar	1
azı	1
bizanslıların	1
dediği	1
şekliyle	1
kadarının	1
bilinmemektedir	1
anadolu’daki	1
ermenilere	1
tabi	1
sasaun	1
taron	1
devletlerinin	1
yıkımına	1
kuvvetlerine	1
katıldılar	1
kilikya	1
toros	1
dağlarında	1
yaptılar	1
oursel	1
suriyenin	1
kuzeyindeki	1
yukarı	1
fırat	1
vadisine	1
kuvvetine	1
1073ten	1
1074e	1
philaretus	1
brachamiusun	1
20000	1
askerinin	1
8000i	1
normandı	1
raimbaud	1
ediliyordu	1
ourselindi	1
kökenlerini	1
adlarına	1
verdiler	1
afranji	1
antakya	1
italonormanların	1
varlığıyla	1
olabilirken	1
altındaydı	1
1402	1
1405	1
soylusu	1
bethencourt	1
poitevine	1
gadifer	1
salle	1
önderliğindeki	1
afrikanın	1
kıyılarındaki	1
hierro	1
fuerteventura	1
lanzarotenin	1
kanarya	1
adalarını	1
ele	1
gasconyde	1
toplandı	1
kastilya	1
kolonileri	1
takviye	1
başarıları	1
şovmenliği	1
ünlüydü	1
kültürde	1
teşkil	1
çılgın	1
bilim	1
adamı	1
ün	1
derecelerde	1
projelerini	1
kullanan	1
kayda	1
değer	1
miktarda	1
para	1
kazandırdı121154	1
çoğunu	1
emekliliği	1
york	1
otellerinde	1
yaşadıtesla	1
ocak	1
tarihinde	1
göreceli	1
belirsizliğe	1
düştü	1
1960ta	1
ağırlıklar	1
ölçüler	1
konferans	1
kendisinin	1
si	1
manyetik	1
akı	1
yoğunluğu	1
birimini	1
adlandırdı	1
1990lı	1
ilgide	1
canlanma	1
edisonun	1
şirketinden	1
ayrıldıktan	1
adına	1
işığı	1
i̇malat	1
ismiyle	1
şirketini	1
vail	1
lane	1
isminde	1
iş	1
1886	1
ortaklık	1
şirket	1
tasarlanan	1
ark	1
ışık	1
sistemlerini	1
verilen	1
patentler	1
dinamo	1
komütatörleri	1
tasarımlar	1
1900	1
enerjisinin	1
iletim	1
sistemi	1
transmiteri	1
verildi	1
guglielmo	1
transatlantik	1
yayıncılığını	1
yaptığında	1
iddiayı	1
destekleyecek	1
şey	1
olmasına	1
patentiyle	1
yapıldığını	1
patentlerinin	1
1903te	1
onaylanması	1
1904te	1
lehine	1
verilmesiyle	1
savaşlarının	1
başlangıcıydı	1
devletleri	1
yargıtayının	1
lodge	1
stoneun	1
patentlerini	1
kararlarının	1
yayınını	1
iddiasına	1
etkisi	1
patentlere	1
iddiasının	1
sorgulanabileceği	1
edemediğini	1
açıkladı	1
mahkemenin	1
patentini	1
açıkça	1
vererek	1
hükümetine	1
hükümsüz	1
çalıştığı	1
iddiaları	1
söylentilerden	1
gerçi	1
1915	1
1937	1
açıklamalardan	1
belirsizliğini	1
koruyor	1
1937de	1
bitirecek	1
makalesinde	1
şunları	1
problemlerini	1
sınıflandırmaya	1
sınıfları	1
birbirleriyle	1
ilişkilendirmeye	1
odaklanan	1
bilimlerinde	1
teorisinin	1
dalıdır	1
algoritma	1
adımların	1
mekanik	1
uygulamalar	1
çözülebileceğini	1
saptamaya	1
eşdeğer	1
çözülmeye	1
elverişli	1
anlaşılmaktadır	1
alındığında	1
problem	1
örneği	1
dizidir	1
alınır	1
01	1
kümesi	1
diziler	1
dizisi	1
olur	1
gerçek	1
bilgisayarda	1
dizileri	1
dışındaki	1
nesnelerin	1
kodlanması	1
gerekir	1
sayılar	1
düzen	1
gösterimiyle	1
grafikler	1
matrisleriyle	1
listelerini	1
kodlayarak	1
kodlanabilir	1
kavramının	1
kavramından	1
zengin	1
düşünmek	1
caziptir	1
gerçekte	1
çıkabilir	1
tamsayının	1
çarpımı	1
ilişkisini	1
koruyacak	1
üçlü	1
kümesia	1
edilebilir	1
üçlünün	1
setin	1
olmadığına	1
sayının	1
çarpılması	1
probleminin	1
çözümüne	1
karşılık	1
gelir	1
kullanarak	1
çözmenin	1
demek	1
kesin	1
tanım	1
mnin	1
ihtiyaç	1
duyulan	1
durmadan	1
evet	1
hayır	1
üretmeden	1
geçişleri	1
adım	1
sayılarıdır	1
makinesinin	1
uzunluk	1
istenen	1
içerisinde	1
işlediği	1
söylenir	1
çözen	1
işleyen	1
varsa	1
çözülebilir	1
sınıflandırmakla	1
ilgilendiğinden	1
kriterler	1
temelinde	1
tanımlanmaktadır	1
çözülebilen	1
seti	1
dtime	1
sınıfının	1
olmadığından	1
şüphelenilmektedir	1
kanıtlanmamıştır	1
np	1
npye	1
değilse	1
pspacee	1
rp	1
bpp	1
bqp	1
ma	1
ph	1
vb	1
sınıflarını	1
sınıfa	1
daraltması	1
mümkündür	1
sınıfların	1
birinin	1
kanıtlamak	1
teorisinde	1
atılım	1
olacaktır	1
﻿geçmiş	1
zamanlarda	1
fiziksel	1
acıya	1
öğrenciye	1
sopayla	1
vurma	1
kemerle	1
dövme	1
öğrenciyi	1
falakaya	1
yatırma	1
biçimlerinden	1
batılı	1
cezayı	1
yasaklamış	1
olsa	1
atmanın	1
etmediğini	1
karara	1
bağlayan	1
1977	1
tarihli	1
mahkemesi	1
kararını	1
takiben	1
kalmıştır	1
atl	1
nut	1
nasuwt	1
sendikaların	1
kayıtlı	1
yıllardaki	1
raporlar	1
olmasıyla	1
ortalama	1
yaşının	1
düştüğünü	1
sürmektedir	1
saldırılar	1
zamanların	1
düzeyine	1
ulaşarak	1
endişeye	1
sebep	1
olmaktadır	1
öğretmenlik	1
yapma	1
lisansı	1
belirler	1
öğretim	1
sertifikasyonu	1
ama	1
yıla	1
varan	1
uzunlukta	1
sertifikalar	1
alabilirler	1
okulu	1
lisans	1
derecesine	1
koşulmakta	1
çoğunun	1
eğitim	1
verdikleri	1
edilmeleri	1
gerekmektedir	1
sözleşmeli	1
geride	1
kalmasın	1
yasası	1
öngörüldüğü	1
vasıflı	1
olma	1
standartlarını	1
karşıladıkları	1
sürece	1
koşmaz	1
vekilgeçici	1
zamanlı	1
profesyonellere	1
sert	1
i̇ş	1
i̇statistikleri	1
bürosu	1
ilkokul	1
674000	1
ortaokul	1
istihdam	1
edildiğini	1
hinduizmde	1
öğretmen	1
guru	1
hinduizmin	1
geleneğinde	1
olanlarda	1
akıl	1
hocalığına	1
vurgu	1
derece	1
yüksektir	1
gurular	1
talebelerinin	1
yaşamlarında	1
epey	1
kontrole	1
tibet	1
budizminde	1
tibetteki	1
dharma	1
hocaları	1
lama	1
adlandırılır	1
bodhisattva	1
sürdürmek	1
phowa	1
siddhi	1
bilinçli	1
doğmaya	1
lamaya	1
tulku	1
verilir	1
yazmaları	1
henüz	1
1519	1
dolaşıma	1
sokularak	1
ulaştı	1
öğrenciler	1
konuşmasını	1
dinlemek	1
wittenberge	1
ediyordu	1
galatyalılar	1
tefsir	1
mezmurlar	1
çalışmasını	1
yaratıcı	1
üretken	1
zamanlarından	1
çalışmalarından	1
1520	1
ulusunun	1
soylularına	1
sesleniş	1
den	1
adel	1
deutscher	1
nation	1
des	1
standes	1
besserung	1
kilisenin	1
babil	1
tutsaklığı	1
babylonischen	1
gefangenschaft	1
kirche	1
hristiyanın	1
özgürlüğü	1
freiheit	1
eines	1
christenmenschen	1
1521	1
senesinin	1
yazında	1
hedefini	1
endülijanslar	1
kutsal	1
yolculuklar	1
bireysel	1
inançlardan	1
pratiklerinin	1
kalbindeki	1
doktrinlere	1
genişletti	1
ayinin	1
kaldırılması	1
ayininin	1
fedakârlık	1
fikrini	1
putperestlik	1
mahkûm	1
ziyade	1
şükranla	1
karşılanması	1
hediye	1
çıkarma	1
papazın	1
koşma	1
olmadığı	1
denemesi	1
zorunlu	1
çıkarmayı	1
reddetti	1
çıkartan	1
çıkartmayı	1
affetmeyi	1
kasım	1
martin	1
yeminleri	1
kanısını	1
yazdı	1
keşişlerin	1
rahibelerin	1
olmaksızın	1
bozabilecekleri	1
rahibeleri	1
temin	1
yeminler	1
gayrımeşru	1
beyhude	1
kurtuluşa	1
erişme	1
çabasıydı	1
yayınlara	1
talebin	1
artmakta	1
etkili	1
çevirisi	1
hâline	1
öyle	1
dili	1
edebiyatının	1
evrimine	1
kaydadeğer	1
katkıda	1
yazılan	1
notlar	1
önsözler	1
papalık	1
karşıtı	1
imgeler	1
lucas	1
cranach	1
gravürlerle	1
bezeli	1
doktrininin	1
genelinde	1
yayılmasında	1
kral	1
i̇ncilinin	1
öncüsü	1
tyndalein	1
i̇ngilizce	1
1525ten	1
dildeki	1
çevirileri	1
etkiledi	1
ilahileri	1
yaşamındaki	1
olayları	1
gelişmekte	1
hareketini	1
çağrıştırmaktaydı	1
davranış	1
katolik	1
lutherci	1
şehit	1
esch	1
voesin	1
idam	1
öğrenmesiyle	1
başlamıştır	1
i̇ngilizcede	1
messengerın	1
başlığının	1
satırı	1
flung	1
heedless	1
winds	1
aymaz	1
rüzgarlara	1
fırlatılmış	1
dizesinin	1
çevirisiyle	1
1875te	1
tiddeman	1
bestelenen	1
ibstone	1
ezgisiyle	1
söylenen	1
ein	1
neues	1
lied	1
wir	1
heben	1
kaldırdığımız	1
ilahiyi	1
yazmasına	1
cümlesini	1
kâğıt	1
cümle	1
dilencileriz	1
latincedir	1
yapılaşmanın	1
çevreden	1
eyaletteki	1
yapılaşmamış	1
bırakılan	1
alanların	1
alanlardan	1
bazılarına	1
great	1
lakes	1
kuzeydoğu	1
nüfusa	1
megapoldür	1
yayılmış	1
toplulukları	1
otomobille	1
otoban	1
kullanımıyla	1
meşhurdur	1
bölgeler	1
topluluktan	1
oluşan	1
bölgesinin	1
bernardinodur	1
kaliforniyaya	1
taşan	1
oluşturulan	1
diegoâ€tijuana	1
biçiminde	1
bölgesine	1
birleştirilmiş	1
i̇statistiksel	1
i̇statistik	1
bölgesiyle	1
nüfusu	1
milyonu	1
aşan	1
genişletilmiş	1
17786419	1
5105768	1
diegoâ€tijuanadır	1
alanlarından	1
angeleslong	1
beachsanta	1
bernardinoontario	1
oxnardthousand	1
oaksventura	1
angelesı	1
oluştururken	1
centro	1
diegocarlsbadsan	1
marcos	1
sınır	1
bölgesini	1
oluşturur	1
angelesın	1
barbara	1
obispo	1
alanları	1
trafiği	1
bakın	1
pistli	1
nuys	1
ontario	1
burbank	1
long	1
beachde	1
kaliforniyadaki	1
takımları	1
nflden	1
rams	1
chargers	1
nbaden	1
lakers	1
clippers	1
mlbden	1
dodgers	1
angels	1
padres	1
nhlden	1
kings	1
ducks	1
mlsten	1
takımlar	1
2005ten	1
2014e	1
angelesta	1
major	1
soccer	1
stubhub	1
centerda	1
oynardı	1
rakiplerdi	1
sezonunun	1
uzaklaştırıldı	1
2018de	1
dönmesi	1
programlandı	1
yayınları	1
dvb	1
uyumlu	1
mpeg2	1
biçimindeyken	1
movies	1
box	1
office	1
kanalları	1
filmler	1
dolby	1
bunlara	1
kutusuyla	1
erişilebilir	1
içerikleri	1
mpeg4	1
yayınlanır	1
içeriklerin	1
dvbs2	1
standardını	1
hizmetler	1
günlük	1
epg	1
dönüş	1
modemler	1
setüstü	1
kutulara	1
kişiye	1
opentv	1
sistemini	1
news	1
döngülü	1
akışları	1
yayınlayarak	1
sözde	1
sunar	1
1998de	1
kurulduğunda	1
hizmet	1
192â°e	1
konumundan	1
analog	1
hizmetin	1
aksine	1
konumunda	1
2a	1
uydusunu	1
kullanıyordu	1
sonradan	1
eutelsatın	1
eurobird	1
konumundaki	1
eutelsat	1
33c	1
takip	1
kanalı	1
potansiyeline	1
tamamıyla	1
geçirmesini	1
olanaklı	1
kıldı	1
ülkesinden	1
yayıncılarla	1
paylaşılırken	1
285â°eda	1
krallıka	1
kanallar	1
2007de	1
kanalını	1
abonelikli	1
kanalla	1
niyetini	1
eğlence	1
haber	1
portföyünden	1
içerik	1
sunacağı	1
tasarlanıyordu	1
duyuru	1
setanta	1
sportsun	1
platformda	1
abonelik	1
mart	1
geçeceğini	1
onaylamasından	1
ntlnin	1
hizmetlerinin	1
değişikliğine	1
gittiği	1
sektör	1
kaynakları	1
olası	1
reklam	1
geliri	1
kaybı	1
kanallarını	1
görüntülemeden	1
çekip	1
bunları	1
aboneli	1
kanallarla	1
planlarını	1
rafa	1
kaldırmak	1
kalacağına	1
inanıyor	1
daily	1
mail	1
gazetesi	1
2012de	1
devletinin	1
ajansının	1
bekâr	1
anne	1
kadının	1
haksız	1
yanlış	1
yaşadığını	1
hak	1
kişinin	1
faturalarını	1
incelediğini	1
kanalına	1
aboneliğin	1
hanede	1
erkeğin	1
çıkaracağını	1
haberleştirdi	1
aboneliğinin	1
alkol	1
tütün	1
kumarın	1
â€˜sıklıkla	1
sakıncalıâ€™	1
muhafazakar	1
alec	1
shelbrooke	1
yardımların	1
vergi	1
indirimlerinin	1
ödemelerinin	1
destekleyici	1
beslenme	1
yardımı	1
programında	1
satın	1
kullanılabilen	1
nakit	1
kartına	1
yapılmasını	1
öneriyordu	1
sağlayıcısının	1
kanallarının	1
performansa	1
hedefleri	1
gerçekleştirmeleri	1
sınırlı	1
ödemeleri	1
güvence	1
altına	1
alabilecekleri	1
anlaşmalar	1
ücretlerini	1
anlaşmanın	1
sunulan	1
i̇steğe	1
içeriği	1
kapsayıp	1
kapsamayacağına	1
emare	1
anlaşmaların	1
kanallarınının	1
taşınmasına	1
birbirlerine	1
açtıkları	1
davalarını	1
sonlandırmayı	1
sağ	1
liberal	1
çevreci	1
partileridir	1
işçi	1
ballarat	1
bendigo	1
geelong	1
güçlü	1
partidir	1
liberallerin	1
desteği	1
varlıklı	1
merkezlerde	1
kuzeybatı	1
bölgelerinde	1
2014te	1
meclis	1
sandalyesini	1
merkezinde	1
1975te	1
yürürlüğe	1
parlamentoyu	1
sorumluluk	1
meselelerde	1
yasa	1
yapıcı	1
organı	1
tesis	1
kanunu	1
geçirilen	1
koloni	1
yazılı	1
anayasaya	1
değiştirilebilir	1
istisnası	1
hükme	1
dayalı	1
mutlak	1
üçlük	1
referandumda	1
halkının	1
onayını	1
gerektiren	1
değişmez	1
hükümlerdir	1
tarihsel	1
belli	1
başlı	1
markaları	1
ford	1
toyota	1
holdenin	1
olagelmiştir	1
toyotanın	1
yılı	1
2017	1
yılını	1
belirlediği	1
2014teki	1
açıklamasıyla	1
yüzyılda	1
tümünün	1
fabrika	1
ilanları	1
avustralyanın	1
küresel	1
endüstrisi	1
olmayacağı	1
gelecektir	1
holdenın	1
duyurusu	1
gerçekleşmiş	1
yılın	1
ayındaki	1
izlemişti	1
broadmeadows	1
geelongdaki	1
2016da	1
kapanacak	1
zamanlar	1
sistemin	1
parçaları	1
gösteren	1
yük	1
treni	1
operatörü	1
hatları	1
1600	1
hatlı	1
eyaletler	1
hatlar	1
batısındaki	1
iltisak	1
hattı	1
1435	1
1â„2	1
yoluna	1
dönüştürülmüştür	1
dağlık	1
bölgelerde	1
devlete	1
hattın	1
kalıntıları	1
760	1
dar	1
kolonisinin	1
1788de	1
kurulmasının	1
sidneydeki	1
kolonyal	1
hükümetin	1
doğuda	1
holland	1
ikiye	1
yerleşimi	1
port	1
phillipte	1
sullivan	1
bayde	1
vali	1
collins	1
1803te	1
402	1
kişiden	1
oluşuyordu	1
yetkilisi	1
deniz	1
memuru	1
gezgin	1
görevlisi	1
er	1
asker	1
307	1
kaptan	1
woodriff	1
komutasındaki	1
hms	1
calcutta	1
gemiyle	1
esasen	1
bölgeyi	1
keşfetmekte	1
yerleşimlerini	1
kurabileceği	1
böylelikle	1
kıta	1
haklarına	1
kafa	1
tutabileceği	1
korkusu	1
gönderilmişlerdi	1
﻿1620lerde	1
tekrarlanan	1
yenilgilerinin	1
protestanlarının	1
ayrıcalıklarının	1
kaldırılmasına	1
protestanlığın	1
tanınmasını	1
tamamen	1
kaldıran	1
dönüşmeye	1
zorlayan	1
fontainebleau	1
fermanı’nı	1
1685	1
yayınlayana	1
zulmünü	1
arttıran	1
xiv	1
yönetimine	1
nantes	1
fermanının	1
hükümlerini	1
muhafaza	1
öldürülür	1
boyun	1
eğerken	1
kabaca	1
500000	1
yüzyılın	1
başlarında	1
fransadan	1
kaçtı	1
1700	1
kraliçesinin	1
norfolk	1
hibe	1
etmeye	1
verdiği	1
kolonisine	1
göç	1
geldiğinde	1
yetkilileri	1
powhatan	1
manakin	1
kasabası	1
terk	1
monacan	1
köyünde	1
şelalelerinin	1
mil	1
yukarısında	1
teklif	1
yerleşimciler	1
günümüz	1
chesterfield	1
i̇lçesine	1
indi	1
1705te	1
kurulu	1
hala	1
manakintownda	1
148	1
protestanını	1
vatandaşlığa	1
eylemde	1
i̇zole	1
yerleşimdeki	1
390	1
yerleşimciden	1
ölmüştü	1
tarzındaki	1
çiftliklerde	1
yaşadılar	1
diğerleri	1
alanlara	1
komşularıyla	1
evlendiler	1
yüzyıllar	1
batıya	1
piedmonta	1
appalachian	1
dağları	1
kentucky	1
tennessee	1
missouri	1
eyaletlere	1
manakintown	1
lisesi’ni	1
okullar	1
verilmiştir	1
selefleri	1
yanlısı	1
jacques	1
14551536	1
galya	1
katolikleri	1
galyalılar	1
kısaca	1
dininin	1
piskoposu	1
edilemeyeceği	1
ilkesiyle	1
bağımsızlık	1
sağladılar	1
reformu	1
üniversitesinde	1
profesör	1
1523te	1
ahitin	1
1530da	1
i̇ncilin	1
tamamını	1
fransızcaya	1
çevirdi	1
lefevrenin	1
i̇	1
cenevrede	1
hükümeti	1
kurulmasını	1
reformunun	1
olmaya	1
üniversitesinden	1
öğrenci	1
cauvin	1
protestanlığa	1
mezhebin	1
francis	1
bastırılmasından	1
luberon	1
waldensalılar	1
reformasyona	1
katılmaya	1
çalıştılar	1
olivetan	1
1559	1
çıkarması	1
kalvinistik	1
15501580	1
üyeleri	1
protestanlar	1
bilinirdi	1
amerikadaki	1
cemaatlerinin	1
bireylerinin	1
nihayetinde	1
mezheplerine	1
adapte	1
olmuştu	1
topluluklarının	1
dışından	1
kişilerle	1
evleniyorlardı	1
açıyordu	1
ailede	1
yüzyıla	1
çocuklarının	1
ad	1
soyadlarını	1
kullanmaya	1
uğrayan	1
geç	1
tüccar	1
zanaatkar	1
abdnin	1
yaşamına	1
sayısız	1
katkı	1
lavoisierin	1
ei	1
pont	1
eleutherian	1
barut	1
fabrikalarını	1
brandenburg	1
seçmen	1
frederick	1
protestanlarını	1
krallığına	1
yerleşmeye	1
davet	1
prusyada	1
konumlara	1
theodor	1
fontane	1
tannenberg	1
birinci	1
muharebesi	1
kahramanı	1
hermann	1
françois	1
generali	1
galland	1
hansjoachim	1
marseille	1
denizaltı	1
kaptanı	1
arnauld	1
perière	1
politik	1
figürü	1
protestanıydı	1
i̇çişleri	1
demokratik	1
cumhuriyeti’nin	1
başbakanı	1
gelmeydi	1
kaynatmak	1
sağlamak	1
alanda	1
ateşleme	1
isimlerle	1
adlandırılan	1
hava	1
beslemesi	1
yanıcı	1
maddelerin	1
yakılması	1
durumlarda	1
reaktör	1
jeotermal	1
enerjisi	1
motordan	1
endüstriyel	1
işlemden	1
atık	1
ısıdır	1
oyuncak	1
motorlarında	1
ısıtma	1
elemanı	1
motorlarının	1
performansını	1
analiz	1
faydalı	1
göstergesidir	1
versiyonlar	1
1851	1
yılına	1
kullanılıyordu	1
mucidi	1
üreticisi	1
porter	1
geliştirildi	1
1862de	1
fuarı’nda	1
sergilendi	1
sorunları	1
tespit	1
üretilen	1
beygir	1
gücünü	1
hesaplamada	1
kullanılabilmesi	1
döngü	1
silindirdeki	1
basıncı	1
kağıda	1
çiziyordu	1
mühendisler	1
teknisyenler	1
sigorta	1
müfettişleri	1
rutin	1
kullanılmıştı	1
kullanılabilir	1
aşağıdaki	1
şemasının	1
görüntüsüne	1
birimleri	1
tipleri	1
bölümünde	1
sınırlıdır	1
kritik	1
üstü	1
seviyelere	1
ulaşmadığında	1
çevrimin	1
çalışabileceği	1
sıcaklık	1
aralığı	1
oldukça	1
küçüktür	1
türbinlerinde	1
565	1
paslanmaz	1
çeliğin	1
sürünme	1
yoğuşturucu	1
kömür	1
yakıtlı	1
için42lik	1
fiili	1
verimlilik	1
63lük	1
carnot	1
sıcaklığı	1
kombine	1
çevrim	1
santrallerinde	1
oluşum	1
döngüsü	1
kullanılmasının	1
nedenidirkaynak	1
pistonlu	1
kullanımda	1
olmamasına	1
şirketler	1
motorun	1
potansiyelini	1
motorlara	1
alternatif	1
araştırmakta	1
kullanmaktadır	1
i̇sveçteki	1
energiprojekt	1
ab	1
gücünden	1
yararlanmak	1
malzemelerin	1
kullanılmasında	1
ilerleme	1
kaydetmiştir	1
energiprojektin	1
basınçlı	1
2730a	1
ulaşmaktadır	1
kızgın	1
buharlı	1
adımlı	1
silindirli	1
motordur	1
kademesiz	1
kwh	1
tüketmektedir	1
birbirini	1
sırayla	1
izleyen	1
muhafazasına	1
sabitlenmiş	1
statik	1
tahrik	1
şaftı	1
monte	1
rotordan	1
rotorlar	1
kenarda	1
pervane	1
benzeri	1
düzenine	1
bıçaklara	1
döner	1
akışını	1
rotor	1
yönlendirmeye	1
yarayan	1
benzer	1
serisinden	1
vakum	1
yüzey	1
kondansatörüne	1
boşalır	1
türbininin	1
aşamaları	1
hız	1
basıncından	1
maksimum	1
potansiyel	1
çalışmayı	1
düzenlenir	1
değişken	1
boyutlu	1
açar	1
nispeten	1
hızda	1
dönerlerse	1
verimlidirler	1
gemi	1
pervanesi	1
uygulamaları	1
sürmek	1
dişlisine	1
bağlanırlar	1
üretim	1
istasyonlarının	1
çoğunluğunda	1
dişlisi	1
jeneratörlere	1
bağlanır	1
hızlar	1
60	1
güçte	1
dakikada	1
3600	1
devir	1
sistemine	1
ülkelerde	1
rpm’dir	1
uygulamalarında	1
hızların	1
yarısında	1
1800	1
1500	1
rpmde	1
çalışır	1
rotoru	1
dönerken	1
sağlayabilir	1
gücün	1
gerekli	1
yerlerde	1
vites	1
kademesi	1
dişli	1
kutusu	1
gerekirkaynak	1
birbirinden	1
uppsalada	1
1773	1
carl	1
wilhelm	1
scheele	1
wiltshireda	1
1774	1
priestley	1
keşfedildi	1
yayınlandığı	1
priestleye	1
öncelik	1
verilmektedir	1
1777de	1
oksijenle	1
deneyleri	1
zamanki	1
korozyonun	1
flojiston	1
kuramını	1
geçersiz	1
antoine	1
lavoisier	1
icat	1
kökenli	1
asitlerin	1
ekşi	1
tadına	1
atıf	1
ὀξύς	1
oksys	1
