của	206
các	200
và	199
một	136
được	131
đã	116
trong	112
là	111
năm	104
có	89
vào	69
công	67
học	63
cho	60
ở	59
với	59
người	57
thành	57
những	57
sự	54
từ	50
trường	50
chính	48
không	48
đại	46
để	45
thiết	41
động	40
đầu	39
thống	39
thể	39
này	38
dựng	37
đến	36
ra	35
nhà	35
hoặc	34
dân	34
khi	34
xây	34
về	34
khác	34
bộ	33
thời	33
số	33
nhất	31
đó	31
việc	31
dịch	31
cách	31
dược	31
tế	30
dụng	30
thuốc	30
lập	29
hơn	29
theo	29
tư	29
lớn	28
như	28
sau	27
định	27
bất	27
kỳ	26
hệ	26
hiện	26
hình	26
sử	26
lý	26
nhiều	25
hợp	25
quốc	25
trình	25
nhận	25
trung	24
phân	24
viên	23
phát	23
ty	23
phẩm	23
nhân	23
bị	23
làm	23
pháp	23
gian	22
tại	22
bảo	22
ông	22
miễn	22
jacksonville	22
phần	21
kết	21
cũng	21
phủ	21
mạng	21
tập	21
tác	21
trên	21
biệt	21
sĩ	21
do	21
mộc	21
bởi	20
phố	20
thuật	20
gia	20
cả	20
phải	20
tuân	20
khu	20
bằng	19
anh	19
cầu	19
lại	19
kế	19
vật	19
bão	19
ban	18
họ	18
chủ	18
đổi	18
tiếp	18
hoa	18
bệnh	18
trước	17
nam	17
chân	17
tự	17
abc	17
nhiên	17
chế	17
cấp	16
toàn	16
thường	16
tiên	16
đây	16
hành	16
trưng	16
cổ	16
gây	16
bắt	16
tây	16
mô	16
quy	16
thị	15
cơ	15
quan	15
sản	15
mới	15
bao	15
gồm	15
hội	15
tục	15
truyền	15
dự	15
loại	15
tổng	15
vụ	14
thay	14
điều	14
độc	14
bày	14
đồng	14
vì	14
tuy	14
liên	14
quyền	14
hoạt	14
vực	14
quản	14
luật	14
triển	13
qua	13
y	13
ngày	13
tàng	13
nhưng	13
cung	13
bản	13
dưới	13
rằng	13
đề	13
vấn	13
mà	13
đối	13
chất	13
tính	13
bào	13
harvard	13
cơn	13
thủ	12
sinh	12
hai	12
tháng	12
trợ	12
xuất	12
ứng	12
nó	12
cộng	12
đặc	12
chúng	12
chương	12
lên	12
trị	12
hãn	12
mông	12
hại	12
thức	12
thế	11
hầu	11
hết	11
nhạc	11
tạo	11
ảnh	11
newcastle	11
đường	11
chuyển	11
cuộc	11
phòng	11
đông	11
nguyên	11
chiến	11
mình	11
sẽ	11
tài	11
hạn	11
lực	11
tăng	11
viện	11
phía	11
chỉ	11
vẫn	10
lưới	10
cao	10
dẫn	10
sưu	10
yêu	10
thứ	10
dù	10
hóa	10
khiến	10
nằm	10
cùng	10
cần	10
thực	10
dành	10
giáo	10
tất	10
viêm	10
án	10
cáo	9
di	9
tiếng	9
trở	9
rộng	9
hướng	9
tổ	9
chức	9
nơi	9
sở	9
diện	9
mặc	9
gần	9
danh	9
nhập	9
biển	9
kỹ	9
chuyên	9
phi	9
cư	9
nha	9
phá	8
địa	8
phục	8
đô	8
mức	8
đi	8
bắc	8
mặt	8
nguồn	8
gốc	8
khoa	8
hàng	8
giải	8
nước	8
bình	8
hỗ	8
ngành	8
gọi	8
nghệ	8
điểm	8
tên	8
kỷ	8
ý	8
kinh	8
yếu	8
còn	8
ba	8
thúc	8
thu	8
hoàn	8
đánh	8
chống	8
đạo	8
độ	8
sách	8
tả	8
bãi	8
chịu	8
bang	8
hủy	7
kiến	7
vận	7
mở	7
tâm	7
giữa	7
cửa	7
khoảng	7
vệ	7
tuyên	7
trang	7
trọng	7
cụ	7
tranh	7
tương	7
thích	7
lượng	7
bốn	7
hiệu	7
biến	7
chấp	7
doanh	7
văn	7
cát	7
tộc	7
thấp	7
km	7
kiểm	7
tiêu	7
phong	7
đơn	7
giảm	7
kháng	7
tội	7
khuôn	7
sông	7
st	7
trúc	6
nhóm	6
mạnh	6
nổi	6
the	6
hưởng	6
ngoại	6
mỗi	6
tham	6
thảo	6
tiến	6
vị	6
giới	6
vậy	6
t	6
minh	6
trực	6
âu	6
john	6
kể	6
quảng	6
logo	6
dạng	6
trắng	6
nốt	6
mười	6
nhiệm	6
vi	6
rất	6
bố	6
tấn	6
quân	6
lãnh	6
tin	6
chẳng	6
de	6
buộc	6
nghiệp	6
riêng	6
tử	6
đổ	6
tiểu	6
vùng	6
dặm	6
trưởng	6
florida	6
tình	5
liệt	5
ii	5
tyne	5
đá	5
metal	5
chia	5
phương	5
giai	5
1980	5
dài	5
đặt	5
báo	5
nhật	5
đẳng	5
quá	5
chọn	5
tốt	5
đáng	5
henry	5
mua	5
luận	5
sư	5
đức	5
niên	5
thanh	5
bức	5
màu	5
phụ	5
lưu	5
đóng	5
quyết	5
giữ	5
nội	5
xem	5
vàng	5
nhau	5
nhỏ	5
lịch	5
âm	5
dumont	5
vốn	5
thỏa	5
thuận	5
ngoài	5
1970	5
xác	5
mỹ	5
thông	5
nhi	5
lạc	5
trát	5
sớm	5
bại	5
chặn	5
sống	5
năng	5
khỏi	5
soát	5
giá	5
cuối	5
xâm	5
lược	5
lĩnh	5
bác	5
viết	5
mang	5
xu	5
đang	5
tắc	5
xảy	5
ức	5
xương	5
gandhi	5
bỏ	5
dục	5
phí	5
chủng	5
tướng	5
fort	5
mắt	4
trạng	4
1954	4
bài	4
coi	4
cực	4
tay	4
hoàng	4
triệu	4
kéo	4
northumbria	4
giành	4
2000	4
tạp	4
va	4
giám	4
đốc	4
lần	4
5	4
chối	4
đồ	4
nay	4
tuổi	4
ngôi	4
lăng	4
mẫu	4
đế	4
quần	4
áo	4
kiện	4
tồn	4
tặng	4
duy	4
châu	4
đảm	4
vai	4
trò	4
william	4
con	4
đủ	4
cập	4
bên	4
giản	4
giờ	4
tôi	4
mùa	4
đời	4
thêm	4
dữ	4
liệu	4
đạt	4
mục	4
cứu	4
lấy	4
tầng	4
sức	4
nhanh	4
ngăn	4
đội	4
cảm	4
gì	4
đưa	4
chết	4
đài	4
sát	4
giao	4
trách	4
đều	4
suy	4
quả	4
nghiêm	4
phản	4
tích	4
hàm	4
ví	4
dụ	4
cá	4
virus	4
xã	4
phạt	4
chuẩn	4
nghĩa	4
thầu	4
lợi	4
da	4
c	4
so	4
boston	4
johns	4
caroline	4
thiệt	4
nhiệt	4
đới	4
giống	3
kê	3
nối	3
cựu	3
metro	3
ô	3
trương	3
đoạn	3
khai	3
cây	3
1981	3
khách	3
sân	3
bay	3
vô	3
tuyến	3
nên	3
bách	3
đăng	3
khắp	3
chí	3
lãm	3
hoạch	3
house	3
2	3
thương	3
mại	3
trí	3
cái	3
kích	3
dung	3
vợ	3
triều	3
đương	3
phác	3
phận	3
2010	3
lời	3
phối	3
thất	3
nhằm	3
sheepshanks	3
sir	3
david	3
dầu	3
nền	3
dấu	3
chấm	3
truyện	3
nhắc	3
tải	3
xuống	3
đoàn	3
tối	3
sao	3
khung	3
thiệu	3
nbc	3
cbs	3
bảy	3
upt	3
nắm	3
10	3
sáp	3
hữu	3
bán	3
sang	3
bước	3
tỷ	3
hút	3
khán	3
phép	3
phim	3
sóng	3
bột	3
thiếp	3
cô	3
bạn	3
hậu	3
hộ	3
xa	3
cố	3
lớp	3
kém	3
đe	3
dọa	3
chóng	3
mươi	3
mọi	3
ta	3
rõ	3
ràng	3
lính	3
đền	3
an	3
tu	3
trái	3
phổ	3
tốc	3
baghdad	3
tán	3
giết	3
suốt	3
diệt	3
nghiên	3
ký	3
ibn	3
chi	3
kiểu	3
of	3
càng	3
thuộc	3
nghề	3
ngược	3
toán	3
hiệp	3
thư	3
mong	3
muốn	3
đáp	3
tín	3
lympho	3
nào	3
ngủ	3
thụ	3
tránh	3
protein	3
shelley	3
tới	3
ấn	3
sai	3
áp	3
ép	3
thấy	3
phạm	3
tòa	3
thi	3
enr	3
thải	3
đất	3
ha	3
cambridge	3
usd	3
w	3
53	3
biểu	3
canada	3
bhutto	3
dương	3
augustine	3
gió	3
vòm	2
chợ	2
grainger	2
trấn	2
i	2
rock	2
hát	2
bóng	2
geordie	2
paul	2
duran	2
wear	2
sắt	2
ngầm	2
nhẹ	2
1991	2
hầm	2
sâu	2
south	2
2004	2
điện	2
thoại	2
1	2
vương	2
thưởng	2
khát	2
cntt	2
cole	2
9	2
1857	2
viễn	2
70000	2
tinh	2
chú	2
phật	2
món	2
ngựa	2
ngọc	2
bích	2
mộ	2
khắc	2
thước	2
điển	2
sơn	2
mài	2
lụa	2
sứ	2
vẽ	2
trữ	2
quà	2
25	2
nghị	2
web	2
trả	2
trì	2
horniman	2
mượn	2
chung	2
họa	2
james	2
barry	2
fuseli	2
constable	2
hiến	2
younger	2
domenico	2
anthony	2
tiepolo	2
francis	2
benjamin	2
richard	2
vòng	2
tròn	2
xung	2
đen	2
bật	2
bá	2
chuỗi	2
chiếu	2
đêm	2
điệu	2
phiên	2
lệnh	2
hiển	2
cũ	2
bổ	2
can	2
thiệp	2
goldenson	2
fcc	2
loạn	2
rối	2
abcdumont	2
la	2
tiền	2
trạm	2
cạnh	2
thập	2
ngoặt	2
giả	2
chiếm	2
series	2
spelling	2
hit	2
đẩy	2
happy	2
days	2
kênh	2
xếp	2
hôn	2
gắn	2
ngay	2
miệt	2
khất	2
giúp	2
đỡ	2
thoát	2
chín	2
truật	2
xích	2
nghi	2
ngờ	2
môn	2
dần	2
củng	2
ủng	2
bầu	2
cửu	2
vọng	2
tù	2
trẻ	2
ghi	2
nói	2
chúa	2
tể	2
thổ	2
1968	2
tượng	2
niềm	2
hạ	2
đột	2
thảm	2
miền	2
duệ	2
húc	2
ngột	2
mamluks	2
ai	2
trừ	2
ktvd	2
chăm	2
sóc	2
khỏe	2
nếu	2
gphc	2
hồi	2
chưng	2
cất	2
quyển	2
phức	2
almaridini	2
in	2
góp	2
axit	2
cacbonat	2
vv	2
từng	2
dùng	2
tức	2
vàhoặc	2
khoản	2
trùng	2
giáp	2
đỉnh	2
mầm	2
thuyết	2
melatonin	2
mút	2
né	2
thì	2
epitope	2
bề	2
giấu	2
hiv	2
vỏ	2
đích	2
khó	2
cấu	2
thân	2
thơ	2
bạo	2
thoreau	2
satyagraha	2
lương	2
nỗ	2
nộp	2
ngồi	2
chỗ	2
ước	2
28	2
loạt	2
sẵn	2
top	2
40	2
2014	2
nguy	2
400	2
nặng	2
cân	2
malum	2
sập	2
nổ	2
chỉnh	2
ergänzungsschulen	2
dạy	2
tra	2
làn	2
85	2
yard	2
thao	2
charles	2
allston	2
longwood	2
chừng	2
33	2
thoái	2
phó	2
ích	2
lọc	2
adams	2
roosevelt	2
mexico	2
pakistan	2
quận	2
first	2
coast	2
bờ	2
1564	2
ribault	2
pháo	2
1964	2
fay	2
floyd	2
tàu	2
hư	2
hỏa	1
hoạn	1
1901	1
thép	1
lindisfarne	1
mẽ	1
tyneside	1
fog	1
on	1
1971	1
gascoigne	1
1990	1
venom	1
back	1
extreme	1
1979	1
skyclad	1
martin	1
walkyier	1
thrash	1
sabbat	1
andy	1
taylor	1
guitar	1
1961	1
brian	1
johnson	1
giọng	1
ca	1
acdc	1
bo	1
khia	1
1984	1
2002	1
ray	1
ga	1
gateshead	1
nữ	1
elizabeth	1
db	1
regio	1
nexus	1
37	1
tận	1
tynilton	1
shields	1
hylton	1
sunderland	1
marconi	1
ăng	1
ten	1
lắp	1
phẫu	1
1834	1
durham	1
8	1
1963	1
1969	1
1992	1
2005	1
times	1
khao	1
computing	1
1851	1
1852	1
marlborough	1
somerset	1
hạt	1
1854	1
kensington	1
1855	1
gottfried	1
semper	1
đắt	1
brompton	1
park	1
á	1
hàn	1
tsui	1
16000	1
thiên	1
4	1
mét	1
750	1
điêu	1
thật	1
tráng	1
men	1
cloisonné	1
chồng	1
18	1
bàn	1
đáo	1
xưởng	1
tông	1
chiếc	1
giường	1
17	1
14000	1
1600	1
sổ	1
giấy	1
chữ	1
dịp	1
1913	1
talbot	1
hughes	1
1442	1
harrods	1
cãi	1
5100	1
chris	1
smith	1
hỏi	1
lai	1
bryan	1
davies	1
gìn	1
hưng	1
16001800	1
35	1
233	1
tate	1
britain	1
blake	1
edwin	1
landseer	1
wilkie	1
mulpered	1
powell	1
frith	1
millais	1
hippolyte	1
delaroche	1
gái	1
isabel	1
1888	1
đầy	1
1821	1
hay	1
wain	1
bernardino	1
fungai	1
marcus	1
gheeraerts	1
pace	1
beccafumi	1
fioravante	1
ferramola	1
jan	1
brueghel	1
elder	1
van	1
dyck	1
ludovico	1
carracci	1
antonio	1
verrio	1
giovanni	1
battista	1
canaletto	1
hayman	1
pompeo	1
batoni	1
west	1
sandby	1
wilson	1
etty	1
thomas	1
lawrence	1
danby	1
parkes	1
bonington	1
alphonse	1
legros	1
little	1
dot	1
truy	1
quanh	1
màn	1
góc	1
thuê	1
troika	1
200102	1
sọc	1
1998	1
pittard	1
sullivan	1
tĩnh	1
thẻ	1
gói	1
dựa	1
tv	1
ngang	1
ngửa	1
chuông	1
kèn	1
fox	1
199899	1
2015	1
dừng	1
leng	1
keng	1
19982002	1
phiêu	1
trống	1
1950	1
noble	1
robert	1
kintner	1
tịch	1
1958	1
hứa	1
hỗn	1
sa	1
lầy	1
rắc	1
máy	1
thí	1
nghiệm	1
wabd	1
wabctv	1
new	1
york	1
sắc	1
vượt	1
suất	1
đứng	1
khẩu	1
bối	1
cảnh	1
90	1
dynasty	1
aaron	1
threes	1
company	1
laverne	1
shirley	1
fantasy	1
island	1
cú	1
too	1
close	1
for	1
comfort	1
benson	1
soap	1
mork	1
mindy	1
video	1
kịch	1
alpha	1
arts	1
cáp	1
hearst	1
nickelodeon	1
sắp	1
cha	1
hoằng	1
lạt	1
16	1
cóc	1
đứa	1
trai	1
11851226	1
dòng	1
dõi	1
quý	1
bộc	1
kokochu	1
trời	1
xanh	1
vĩnh	1
vươn	1
1186	1
1187	1
ngàn	1
vội	1
trận	1
dalan	1
balzhut	1
khiếp	1
sợ	1
tổn	1
nấu	1
sôi	1
vạc	1
tiềm	1
lánh	1
khơi	1
gợi	1
đày	1
qara	1
khitai	1
chép	1
1939	1
edsen	1
khoroo	1
diên	1
900	1
xe	1
dongshan	1
dafo	1
dian	1
1949	1
200	1
tạng	1
kumbum	1
taer	1
shi	1
ninh	1
1956	1
chứa	1
hồng	1
binh	1
cẩm	1
thạch	1
vĩ	1
1989	1
chinh	1
trải	1
caspi	1
1227	1
oa	1
khoát	1
đa	1
tàn	1
khwarezmids	1
tống	1
1279	1
nga	1
samarkand	1
urgench	1
kiev	1
vladimir	1
khuzestan	1
iran	1
cướp	1
quay	1
levant	1
palestine	1
thậm	1
gaza	1
rashidaldin	1
hamadani	1
merv	1
190000	1
nishapur	1
1237	1
bạt	1
cháu	1
kievan	1
rus	1
novgorod	1
pskov	1
muhammad	1
zakarīya	1
rāzi	1
rhazes	1
865915	1
abu	1
alqasim	1
alzahrawi	1
abulcasis	1
9361013	1
thăng	1
liber	1
servitoris	1
đọc	1
simples	1
sabur	1
sahl	1
869	1
khởi	1
xướng	1
chữa	1
albiruni	1
9731050	1
kitab	1
alsaydalah	1
tiết	1
nêu	1
avicenna	1
700	1
canon	1
medicine	1
cairo	1
alwafid	1
10081074	1
latinh	1
medicinis	1
universalibus	1
et	1
particularibus	1
mesue	1
medicamentis	1
simplicibus	1
abenguefit	1
peter	1
abano	1
12501316	1
sung	1
tựa	1
veneris	1
almuwaffaq	1
tảng	1
oxit	1
arsenic	1
quen	1
silicic	1
natri	1
kali	1
sunfat	1
chì	1
uống	1
pha	1
chếphân	1
đào	1
dưỡng	1
lão	1
nhánh	1
omnicare	1
kindred	1
healthcare	1
pharmerica	1
đảo	1
lót	1
ama	1
khám	1
bóc	1
lột	1
7	1
trăm	1
ung	1
nhiễm	1
tái	1
mắc	1
hivaids	1
hiếu	1
lạ	1
gặp	1
hashimoto	1
khớp	1
đái	1
tháo	1
týp	1
lupus	1
đỏ	1
thốngmiễn	1
khía	1
glucocorticoids	1
béo	1
phì	1
huyết	1
loãng	1
chặt	1
chẽ	1
liều	1
methotrexate	1
azathioprine	1
cyclosporin	1
ctl	1
cortisol	1
catecholamine	1
thái	1
stress	1
oxy	1
hoá	1
globulin	1
thủy	1
myxin	1
mảng	1
vlr	1
quai	1
gen	1
cận	1
amin	1
kín	1
ngừng	1
vaccine	1
trypanosoma	1
brucei	1
luôn	1
che	1
đậy	1
bọc	1
virion	1
màng	1
peterloo	1
1819	1
percy	1
nạ	1
nghĩ	1
khuấy	1
lẽ	1
đạimơ	1
hồ	1
hứng	1
tưởng	1
trích	1
masque	1
anarchy	1
đấu	1
lật	1
ngưỡng	1
ngụ	1
hungary	1
ferenc	1
deák	1
hòa	1
howard	1
zinn	1
harvey	1
wheeler	1
ngôn	1
tẩy	1
chay	1
thuế	1
khăn	1
brownlee	1
plowshares	1
tạm	1
gcsb	1
waihopai	1
khóa	1
cổng	1
liềm	1
xẹp	1
mái	1
đĩa	1
khế	1
đôi	1
tố	1
camden	1
huống	1
mohandas	1
vui	1
vẻ	1
dường	1
diễn	1
biết	1
69	1
hoạchcần	1
sàng	1
engineering	1
newsrecord	1
biên	1
soạn	1
top250	1
khúc	1
khí	1
cốngchất	1
cống	1
hạng	1
khả	1
sắm	1
se	1
tồi	1
tệ	1
prohibitum	1
cấm	1
ly	1
tìm	1
kiếm	1
nữa	1
sốnglàm	1
hiếm	1
tôn	1
kép	1
ngặt	1
xét	1
tiễn	1
30	1
cbse	1
cisce	1
nenbse	1
lâu	1
thờ	1
xix	1
1996	1
thục	1
huynh	1
lựa	1
ngữ	1
em	1
phán	1
brown	1
topeka	1
xóa	1
thận	1
đình	1
lượt	1
mississippi	1
tách	1
nâng	1
radcliffe	1
209	1
3	1
kia	1
376	1
358	1
145	1
weeks	1
21	1
trào	1
ổ	1
chuột	1
tỏa	1
duke	1
kentbrown	1
soi	1
mói	1
230	1
quỹ	1
carnegie	1
2019	1
lục	1
lệ	1
tuyển	1
2007	1
thiểu	1
2016	1
lhq	1
kimoon	1
hancock	1
quincy	1
rutherford	1
b	1
hayes	1
theodore	1
franklin	1
d	1
f	1
kennedy	1
al	1
gore	1
george	1
bush	1
barack	1
obama	1
chile	1
sebastián	1
piñera	1
colombia	1
juan	1
manuel	1
santos	1
costa	1
rico	1
jose	1
maría	1
figueres	1
felipe	1
calderón	1
carlos	1
salinas	1
gortari	1
miguel	1
madrid	1
tsakhiagiin	1
elbegdorj	1
peru	1
alejandro	1
toledo	1
loan	1
mã	1
lloyd	1
johnston	1
jayant	1
sinha	1
albania	1
fan	1
s	1
noli	1
mackenzie	1
king	1
pierre	1
trudeau	1
hy	1
lạp	1
antonis	1
samara	1
israel	1
netanyahu	1
benazir	1
shaun	1
donovan	1
michael	1
ignatieff	1
tỉnh	1
murtaza	1
sanam	1
bangladesh	1
abul	1
maal	1
abdul	1
muhith	1
puntland	1
abdiweli	1
mohamed	1
ali	1
luzzatto	1
gardner	1
lỵ	1
duval	1
853382	1
12	1
1345596	1
ranh	1
georgia	1
miami	1
340	1
550	1
dọc	1
liền	1
kề	1
timucua	1
fortine	1
cai	1
hẹp	1
súc	1
băng	1
seminole	1
wacca	1
pilatka	1
cow	1
ford	1
1822	1
andrew	1
jackson	1
thám	1
hiểm	1
lành	1
jean	1
1562	1
cột	1
rené	1
goulaine	1
laudonnière	1
làng	1
saturiwa	1
philip	1
pedro	1
menéndez	1
avilés	1
20	1
1565	1
san	1
mateo	1
đuổi	1
bùng	1
câu	1
chuyện	1
haydon	1
burns	1
giác	1
hào	1
chuyến	1
nghèo	1
758	1
551	1
ít	1
ven	1
mối	1
1871	1
chục	1
vịnh	1
lướt	1
dora	1
bớt	1
110	1
dặmgiờ	1
180	1
kmgiờ	1
thang	1
saffirsimpson	1
2008	1
lan	1
chìm	1
ngập	1
lụt	1
frances	1
jeanne	1
gián	1
tốn	1
1999	1
bến	1
bonnie	1
lốc	1
xoáy	1
2012	1
beryl	1
70	1
113	1
kmh	1
joseph	1
stiglitz	1
chứng	1
2009	1
branko	1
milanovic	1
2001	1
cải	1
thiện	1
tầm	1
