v	272
a	247
se	169
na	157
s	92
že	89
o	80
je	77
z	77
ve	61
to	57
by	57
pro	57
i	55
do	54
za	48
k	44
po	34
si	32
ale	31
už	31
podle	31
však	28
od	27
byl	26
bude	26
být	24
jen	24
včera	23
při	22
který	21
co	20
fs	20
aby	20
ze	20
tak	19
bylo	18
mezi	18
jeho	18
které	18
ještě	18
jako	17
jak	17
budou	16
když	16
byla	16
má	16
federace	15
vláda	15
dnes	15
dolarů	15
dvě	15
konopí	15
před	14
další	14
jsem	14
měl	14
musí	13
nebo	13
jsou	13
také	13
první	13
pokud	13
vedení	13
jsme	13
čs	13
jste	13
tom	12
čnr	12
u	12
řekl	12
praha	11
návrh	11
miliónů	11
nám	11
není	11
let	11
vysílání	11
tomu	10
pak	10
zákona	10
kdy	10
čsfr	10
která	10
kde	10
čr	10
uvedl	10
české	10
během	10
ods	10
mova	10
tedy	9
ke	9
stále	9
nové	9
předseda	9
1	9
fondu	9
ovšem	9
ředitel	9
jednání	9
již	9
jiří	9
své	9
česká	9
až	9
jejich	9
domácí	9
čssd	9
či	8
tím	8
obě	8
mělo	8
miliónu	8
letos	8
bez	8
místo	8
jde	8
firma	8
televize	8
čst	8
může	8
proti	8
telemundi	8
min	8
16	7
poslanci	7
budovy	7
dále	7
ani	7
nás	7
dokonce	7
tento	7
době	7
především	7
případě	7
členství	7
což	7
rozhodnutí	7
téměř	7
právě	7
procent	7
kolem	7
roku	7
přesto	7
kdyby	7
sdělil	7
její	7
federální	7
dnešní	7
mohou	7
tři	7
společnosti	7
druhé	7
policie	7
zápas	7
mi	7
hzds	7
prezidenta	7
rozhodčí	7
lidé	6
dva	6
něco	6
možné	6
praze	6
měla	6
měli	6
sr	6
federálního	6
český	6
třeba	6
mmf	6
dosud	6
pouze	6
nyní	6
zatím	6
kteří	6
pět	6
ladislav	6
než	6
nemá	6
podniku	6
závěru	6
této	6
dvou	6
firmy	6
protože	6
nakonec	6
zatímco	6
pražské	6
2	6
vlády	6
tiskového	6
brankář	6
mistrovství	6
opět	6
sevilla	6
reprezentace	6
gól	6
plat	5
kdo	5
federálních	5
p	5
18	5
včerejší	5
třetí	5
jim	5
rozpočtu	5
možnosti	5
dalších	5
naše	5
rozdělení	5
země	5
znovu	5
práce	5
týdne	5
všech	5
rady	5
proto	5
lidí	5
kromě	5
bychom	5
smlouvy	5
září	5
fnm	5
tohoto	5
ipf	5
firem	5
majetku	5
třetiny	5
nich	5
světa	5
polsku	5
československu	5
společnost	5
ji	5
klubu	5
nad	5
mezinárodní	5
pod	5
oba	5
havel	5
lepší	5
orgánu	5
václav	5
nhl	5
poslední	5
neapol	5
bratislava	5
něj	5
lsu	5
dak	5
elektrárny	5
temelín	5
mez	5
9	4
zániku	4
byly	4
jiné	4
takže	4
hlavní	4
ceny	4
úroveň	4
čez	4
parlament	4
zahraničních	4
zaplatí	4
mf	4
bych	4
slovenská	4
3	4
parlamentu	4
vyrovnání	4
začne	4
zákon	4
současné	4
národní	4
rada	4
státu	4
činnosti	4
rámci	4
zhruba	4
všechny	4
dělení	4
nebude	4
odstávka	4
výroby	4
zcela	4
plzeňské	4
nic	4
mohli	4
60	4
škoda	4
dodal	4
závodu	4
někdo	4
totiž	4
ředitele	4
konce	4
měly	4
novotný	4
řešení	4
situace	4
tu	4
ekonomický	4
nicméně	4
vládní	4
mají	4
privatizace	4
prostřednictvím	4
potřebné	4
došlo	4
slovensku	4
baťa	4
svých	4
prodejen	4
korun	4
fbis	4
pražském	4
pražského	4
svou	4
dvěma	4
mne	4
televizní	4
činnost	4
veřejnoprávní	4
počítá	4
typu	4
části	4
jedné	4
stanice	4
byli	4
těžko	4
strany	4
roce	4
č	4
svým	4
přímo	4
moderní	4
velmi	4
maďarská	4
některé	4
označil	4
něm	4
souvislosti	4
policejní	4
pěstování	4
omamných	4
látek	4
například	4
poslanců	4
loni	4
václava	4
poslanec	4
schůzi	4
ottawě	4
tampě	4
brankáře	4
dostat	4
neděli	4
minut	4
fotbal	4
některých	4
25	4
prý	4
km	4
oddílů	4
navíc	4
hosté	4
góly	4
gabčíkovo	4
postavení	4
ústavu	4
jaderné	4
temelína	4
lze	3
různých	3
prahy	3
zásad	3
poněkud	3
nově	3
státní	3
obavy	3
bankrotu	3
obou	3
sněmoven	3
shromáždění	3
období	3
novely	3
října	3
zemědělství	3
regulace	3
trhu	3
poté	3
celé	3
svůj	3
mít	3
opatření	3
zástupci	3
obchodní	3
peníze	3
budeme	3
usd	3
sdr	3
asi	3
pátek	3
závazky	3
pokračování	3
zahraniční	3
ústavní	3
plzeň	3
jasné	3
škodovce	3
zaměstnanců	3
muset	3
gigantu	3
pracovní	3
nebylo	3
odstávce	3
dohodě	3
znamená	3
výboru	3
jan	3
jestliže	3
hned	3
pěti	3
zájem	3
počet	3
trh	3
úřadu	3
plzni	3
města	3
služeb	3
jejichž	3
zřejmě	3
zejména	3
zástupce	3
nějak	3
výrobu	3
generální	3
mohla	3
věci	3
škodovky	3
škaloud	3
tyto	3
umístění	3
pověření	3
kole	3
národního	3
vyplynulo	3
zástupců	3
kterých	3
majiteli	3
zahájení	3
mice	3
rublu	3
úterý	3
mluvčího	3
pokles	3
dal	3
dříve	3
nejvyšší	3
předchozí	3
úřad	3
prací	3
cen	3
jeden	3
letech	3
kterého	3
firmou	3
50	3
soutěže	3
postupně	3
zítra	3
vydal	3
vystoupí	3
hodin	3
karel	3
slovo	3
cenu	3
mimo	3
žádný	3
jinak	3
příští	3
televizního	3
představitelé	3
rozhlasové	3
transformaci	3
tzv	3
systému	3
ok3	3
zahraničního	3
čt	3
já	3
soukromé	3
f1	3
společně	3
ivan	3
považuje	3
rozhlasu	3
zájmu	3
formou	3
diváků	3
nadále	3
museli	3
novou	3
koupit	3
dávno	3
vojtěch	3
problémy	3
zákonu	3
stát	3
snad	3
nový	3
proč	3
mu	3
ne	3
j	3
nadace	3
kterou	3
sice	3
naopak	3
jejíž	3
r	3
55	3
delta	3
představí	3
domácích	3
fotbalová	3
slovan	3
několik	3
vnitra	3
stejně	3
založena	3
finanční	3
legálně	3
milan	3
trestné	3
doktor	3
48	3
havla	3
sládek	3
miroslav	3
nikdy	3
nových	3
kluby	3
asociace	3
roční	3
ročně	3
severočeské	3
derby	3
zápase	3
koncem	3
znojmo	3
tým	3
baníku	3
máme	3
gólem	3
20	3
hlavě	3
šampionátu	3
zisku	3
30	3
rozhovoru	3
rozpočet	3
75	3
ligy	3
osobnosti	3
našem	3
utkání	3
ano	3
curychu	3
mluvčí	3
dali	3
tj	3
vítkovice	3
návratu	3
15	3
kvalifikace	3
puk	3
51	3
výsledek	3
dostal	3
pokusu	3
nijak	3
třináct	3
nějaké	3
prezident	3
osob	3
půdy	3
spot	3
mohelnice	3
jistě	2
otázka	2
zdali	2
zůstává	2
československa	2
značné	2
dni	2
podobného	2
vím	2
zdá	2
nemají	2
cíl	2
zvyšovat	2
světovou	2
mzdy	2
občanů	2
abych	2
vzít	2
každé	2
příštích	2
našeho	2
politického	2
myslím	2
název	2
pavla	2
čech	2
moravy	2
republika	2
rád	2
zkratce	2
zjevně	2
pavel	2
výborů	2
předsedovi	2
společné	2
schůze	2
působit	2
plném	2
znění	2
výbory	2
případně	2
schválila	2
fond	2
tržní	2
sftr	2
regulaci	2
některými	2
návrhy	2
federálním	2
fftr	2
vzhledem	2
říjen	2
zrušení	2
stane	2
výrobců	2
státního	2
žádné	2
dluh	2
výši	2
miliardy	2
československo	2
mezinárodního	2
200	2
krok	2
1992	2
účet	2
celkové	2
ministerstva	2
naší	2
kvóty	2
nedošlo	2
ukončení	2
poměr	2
členské	2
obchod	2
konečný	2
mohl	2
znám	2
listopadu	2
dohledu	2
zůstane	2
ačkoliv	2
odstávky	2
příštího	2
doma	2
1300	2
strojírenském	2
případech	2
koho	2
závodech	2
lidmi	2
jedná	2
platí	2
pořád	2
existují	2
100	2
opustí	2
škodovku	2
vzájemné	2
říjnu	2
platů	2
personální	2
koncern	2
vltavský	2
podmínky	2
někde	2
stoprocentní	2
předsedů	2
rovněž	2
jasně	2
čeká	2
práci	2
ať	2
dostane	2
možnost	2
odejít	2
hledat	2
líčení	2
skutečnost	2
volných	2
míst	2
závod	2
pracovníků	2
začátku	2
snížil	2
podstatě	2
největším	2
část	2
požadavky	2
úplně	2
koncernu	2
pravděpodobně	2
nevyloučil	2
měsíci	2
vyšší	2
očekávaného	2
29	2
snížení	2
případné	2
akciemi	2
podnik	2
nemůže	2
sám	2
kontakty	2
amerických	2
trzích	2
informace	2
nemáme	2
prvním	2
kupónové	2
fondů	2
zastupování	2
pondělní	2
fondy	2
přes	2
67	2
moci	2
vlny	2
existuje	2
názor	2
postup	2
malé	2
přitom	2
dohromady	2
rubl	2
včerejším	2
obchodování	2
minulého	2
růstu	2
celkem	2
prodáno	2
posledních	2
vývoj	2
dá	2
hovořit	2
západní	2
vnitřní	2
převážně	2
soukromých	2
prodejny	2
několika	2
třicet	2
prodávat	2
společného	2
mívala	2
továrny	2
slov	2
pana	2
nejbližší	2
ruské	2
eskalátory	2
metru	2
pohyblivé	2
schody	2
metra	2
transporta	2
spolupráci	2
kontrakt	2
vítěz	2
dodávky	2
7	2
brahms	2
pracoval	2
jediného	2
léta	2
obsahuje	2
téma	2
opera	2
potřeby	2
svého	2
doprovodu	2
hod	2
slovenské	2
skupiny	2
festivalu	2
spolu	2
nejpopulárnější	2
původně	2
stal	2
jedním	2
našich	2
narozenin	2
vrátí	2
dalším	2
režisér	2
vladimír	2
dlouhý	2
tuto	2
absurdní	2
frankfurtu	2
odkud	2
přivezla	2
čarodějky	2
film	2
skoro	2
děti	2
nevznikl	2
hovořili	2
existence	2
radio	2
večer	2
patřit	2
způsoby	2
jedna	2
budoucí	2
médií	2
československé	2
přestože	2
připravuje	2
jejím	2
republiky	2
jednat	2
vládou	2
radou	2
duálního	2
televizi	2
kanál	2
privatizaci	2
domácího	2
licenci	2
celoplošné	2
frekvenci	2
hodlá	2
osobní	2
vznik	2
neměl	2
cítím	2
domnívám	2
model	2
straně	2
vysílat	2
udělené	2
frekvence	2
plnit	2
funkci	2
základnu	2
řadu	2
odpovídající	2
zachování	2
dobu	2
prostředí	2
řešila	2
licencí	2
proslýchá	2
žadatelé	2
nákladnou	2
srpnu	2
případného	2
odmítají	2
tisku	2
1990	2
la	2
technické	2
práv	2
mohlo	2
objevil	2
skutečně	2
doporučil	2
coby	2
nebyl	2
chvíli	2
filmu	2
jediný	2
klíče	2
základní	2
komentář	2
odpovídá	2
daleko	2
spíše	2
cena	2
letošní	2
seiferta	2
knihu	2
třech	2
paříž	2
lubomír	2
martínek	2
sedm	2
linka	2
zároveň	2
velryby	2
totální	2
barevných	2
kterým	2
jaká	2
hlavního	2
500	2
m2	2
šance	2
99	2
automobilů	2
paláci	2
kultury	2
pořádají	2
poprvé	2
novinku	2
očekávaný	2
komanda	2
informací	2
fotbalu	2
bratislavě	2
vojtěcha	2
keselého	2
naši	2
maďarska	2
vůbec	2
keselý	2
zpřísněných	2
bezpečnostních	2
stadiónu	2
fanoušků	2
slovenských	2
jet	2
komando	2
fanouškům	2
ferencvárosu	2
němž	2
ministra	2
tuchyni	2
fotbalovými	2
dlouhých	2
drží	2
nejlepší	2
snaží	2
řadách	2
zásah	2
jím	2
možná	2
srdce	2
pražany	2
cílem	2
péče	2
homolce	2
pražanů	2
akcí	2
stojí	2
čele	2
povolení	2
konopných	2
polí	2
protidrogové	2
oddělení	2
vypěstovat	2
presl	2
teprve	2
výrobě	2
vedle	2
říká	2
velitel	2
kapek	2
skupině	2
zpracování	2
městské	2
získat	2
velice	2
ho	2
pamatuji	2
sládka	2
soudu	2
ben	2
sněmovna	2
lidu	2
noci	2
imunity	2
poslance	2
hlasovalo	2
kds	2
kdučsl	2
23	2
mandátový	2
imunitní	2
výbor	2
hlasovat	2
soud	2
vede	2
řízení	2
tehdejšího	2
včerejšího	2
sněmovny	2
současně	2
klubů	2
průměrný	2
11	2
vyšel	2
centr	2
edmontonu	2
375000	2
bývalého	2
obránce	2
útočník	2
chebským	2
skinům	2
soupeř	2
nedorazil	2
čmfl	2
skvělé	2
největší	2
podařilo	2
vyrovnat	2
nováček	2
skvěle	2
benešově	2
sponzorem	2
možno	2
hostování	2
kubánek	2
ostrava	2
dvanáct	2
vojáci	2
služby	2
trenér	2
3000	2
rok	2
chebu	2
vyhrála	2
weber	2
f	2
splátek	2
čím	2
platit	2
faktury	2
miloše	2
smlouva	2
federaci	2
pan	2
každá	2
tiskové	2
konferenci	2
částka	2
každý	2
splátky	2
určité	2
poněvadž	2
vás	2
někteří	2
nezdá	2
vám	2
vyúčtování	2
příliš	2
začátkem	2
my	2
peněz	2
dost	2
zůstal	2
schodek	2
jasno	2
kolik	2
sponzory	2
zasáhnout	2
případný	2
výrazně	2
ročník	2
sobotu	2
koná	2
běhu	2
13	2
milana	2
vyrůst	2
fotbale	2
fotbalových	2
šlo	2
svoji	2
tehdy	2
řekla	2
maradonu	2
italského	2
prvoligového	2
ssc	2
prodejem	2
diega	2
maradony	2
sevilly	2
oznámil	2
fifa	2
zpráv	2
španělského	2
35	2
zbytek	2
splátkách	2
kennex	2
světě	2
pochází	2
nějakou	2
stávající	2
typ	2
strunu	2
zkoušky	2
původní	2
perlini	2
815	2
bohemians	2
půdě	2
slovanu	2
grussmann	2
vítkovic	2
dohodli	2
něho	2
dohodnutých	2
začal	2
maradona	2
vytáhli	2
výkonem	2
německé	2
program	2
ms	2
norsko	2
nizozemsko	2
polsko	2
turecko	2
hokej	2
opravdovým	2
úvodu	2
kladno	2
útočné	2
prostoru	2
jej	2
modré	2
řezníček	2
přidali	2
sólo	2
vzápětí	2
získali	2
dlouho	2
chyby	2
hostům	2
ledě	2
skóre	2
24	2
vteřinách	2
kombinaci	2
branky	2
třetina	2
výborným	2
osobních	2
úspěšně	2
výhře	2
koncovce	2
čapek	2
21	2
biegla	2
šest	2
moc	2
trefil	2
tyč	2
košicích	2
družstvo	2
mistr	2
ukrajinec	2
novém	2
prohlásil	2
francouz	2
bývalý	2
klub	2
me	2
10	2
vyrostou	2
zájmy	2
šéftrenér	2
sportu	2
družstva	2
tato	2
koncepce	2
dlouhodobá	2
včetně	2
stranu	2
úspěšný	2
nejen	2
čepici	2
faerských	2
ostrovů	2
knudsen	2
těšil	2
skuhravého	2
sebe	2
porazili	2
rumunsku	2
walesu	2
těch	2
osobně	2
nula	2
víte	2
hlavy	2
jiný	2
zůstalo	2
třinácti	2
mé	2
manželka	2
máte	2
přece	2
vždyť	2
slovenského	2
podmínkou	2
ministr	2
baco	2
vedoucího	2
vodním	2
problém	2
paláce	2
tvořit	2
rozhodli	2
níž	2
klaus	2
navrhoval	2
rozšířit	2
rozhodnutím	2
krádežím	2
zaznamenat	2
ústavy	2
schůzka	2
úrovni	2
předsedy	2
rozhlas	2
brně	2
setkání	2
vládě	2
směřuje	2
pokračuje	2
čskos	2
funkce	2
představě	2
volen	2
principu	2
parlamentních	2
kriminality	2
uplynulých	2
čechách	2
kraji	2
pokračovat	2
kčs	2
vlastníci	2
niva	2
trenčín	2
oprávněných	2
transformační	2
projekt	2
novele	2
nového	2
projednání	2
stran	2
místopředseda	2
stráského	2
kabinetu	2
neboť	2
kabinet	2
předkládá	2
člen	2
zeptali	2
kontrolním	2
vzdal	2
svém	2
komise	2
hruška	2
jednalo	2
temelínem	2
dokončení	2
budoucnost	2
elektřiny	2
ní	2
odstavení	2
totéž	2
tanky	2
tank	2
výrobce	2
ně	2
elektromotorů	2
miler	2
nehrozí	2
holice	2
chovanci	2
policisté	2
mladíků	2
nevylučují	2
unie	2
fišera	2
mladá	2
boleslav	2
sch	2
mladé	2
boleslavi	2
musím	1
podotknout	1
ústavně	1
zakotvit	1
všechno	1
řeknou	1
myslet	1
obyčejní	1
pominu	1
otázku	1
rozpad	1
zavinili	1
češi	1
slováci	1
faktem	1
nezabránili	1
způsobí	1
občanům	1
celého	1
budoucnosti	1
starosti	1
odříkání	1
zklamání	1
navrhuji	1
vyplatit	1
poslancům	1
měsíce	1
konec	1
zahrává	1
ohněm	1
jednou	1
pořádně	1
spálit	1
týká	1
dohadů	1
sídle	1
nevím	1
dotyčné	1
adaptovat	1
hotel	1
investovány	1
prostředky	1
uvolnit	1
ministerstvech	1
úřadech	1
celostátních	1
institucích	1
přesídlit	1
nutno	1
postupovat	1
účelně	1
šetřit	1
magistrát	1
zdůrazňuje	1
poplatky	1
naposledy	1
pošta	1
voda	1
nájem	1
důchody	1
ponechává	1
bedrech	1
nejsem	1
naivní	1
očekával	1
postará	1
vědomí	1
každou	1
nehospodárnost	1
ignorování	1
hlavních	1
šetrnosti	1
zastoupeních	1
pozdě	1
odhalené	1
tutlané	1
podvody	1
volbách	1
příklonem	1
voličů	1
trucu	1
krajní	1
spektra	1
vějíře	1
byste	1
příspěvek	1
uveřejnit	1
abyste	1
zarazili	1
neodpovědné	1
partikulární	1
křepčení	1
nepřijatelný	1
příspěvku	1
kaliny	1
navrhován	1
vznikající	1
útvar	1
slezska	1
středoevropská	1
upozornil	1
úskalí	1
zkratkách	1
uvedeného	1
názvu	1
docházelo	1
záměně	1
eventuální	1
zkratky	1
zkratka	1
ser	1
nepřijatelná	1
vonka	1
tma	1
předsedové	1
hospodářských	1
zmocněni	1
předložili	1
úpravy	1
vyplývá	1
komuniké	1
požádán	1
upuštěno	1
projednávání	1
připravované	1
změny	1
výborech	1
urychlit	1
celou	1
proceduru	1
přijetím	1
dobou	1
nejkratší	1
požádaly	1
vládu	1
předložila	1
analýzu	1
možných	1
dopadů	1
plné	1
platnosti	1
komplexní	1
schválil	1
státním	1
zabezpečovat	1
zemědělskými	1
potravinářskými	1
výrobky	1
intervenčními	1
nákupy	1
minimální	1
čili	1
garantované	1
vývozními	1
dotacemi	1
subvencemi	1
projednali	1
čtyři	1
pozměňovací	1
schválili	1
jednohlasně	1
zemědělského	1
zabezpečována	1
fondem	1
červnu	1
plánováno	1
uzákonit	1
českou	1
obdobu	1
radu	1
schvaluje	1
nezbytná	1
seznamy	1
zemědělských	1
potravinářských	1
výrobků	1
regulovat	1
místem	1
dosahováno	1
dohody	1
zpracovatelů	1
spotřebitelů	1
finančními	1
zdroji	1
dotace	1
tržby	1
dělit	1
nevyužije	1
půjčit	1
měnového	1
286	1
oznámený	1
banka	1
československá	1
odůvodnila	1
příznivým	1
vývojem	1
platební	1
bilance	1
pololetí	1
vykázal	1
běžný	1
přebytek	1
8263	1
růstem	1
devizových	1
rezerv	1
prostředků	1
čerpat	1
pohotovostního	1
úvěru	1
236	1
vyčerpala	1
36	1
vůči	1
dosahují	1
1121	1
1603	1
mld	1
jana	1
tancera	1
financí	1
rozdělen	1
závislosti	1
jenom	1
dohodnou	1
plynulém	1
reálné	1
plynulému	1
nástupnictví	1
musely	1
zažádat	1
nejdříve	1
splatit	1
dluhu	1
řídit	1
počtem	1
obyvatel	1
ekonomickými	1
ukazateli	1
republik	1
hrubý	1
produkt	1
devizové	1
rezervy	1
atd	1
účelem	1
sběru	1
dat	1
počátkem	1
přijede	1
mise	1
verdikt	1
půli	1
té	1
doby	1
proběhne	1
akt	1
škodě	1
včerejšku	1
nezměnilo	1
řízené	1
2200	1
ukončit	1
zdaleka	1
konkrétně	1
jakých	1
podmínek	1
tvrdá	1
dotknou	1
jednotlivých	1
podrobnostech	1
28	1
zářím	1
říjnem	1
varianty	1
dostávat	1
zaměstnanci	1
dostanou	1
nechceme	1
zahájena	1
dřív	1
zajištěny	1
stejné	1
nepřipustíme	1
brali	1
jinde	1
škodováckého	1
výkonného	1
odborářských	1
mádr	1
lidem	1
říci	1
skončení	1
odmítáme	1
protahování	1
nejistoty	1
dozví	1
platy	1
dramatických	1
situací	1
odchody	1
škodováků	1
zapomínalo	1
350	1
kupříkladu	1
ejpovice	1
projevil	1
150	1
mnozí	1
rekvalifikovat	1
nechtějí	1
třebaže	1
nabízíme	1
desítky	1
rekvalifikačních	1
programů	1
loňského	1
současnosti	1
škody	1
35760	1
29217	1
regionu	1
zvládl	1
nadcházejících	1
vážnější	1
nezanedbatelná	1
čerstvě	1
uvolňovaných	1
800	1
exekutivy	1
odchodech	1
rozhodlo	1
července	1
nárok	1
předčasný	1
důchod	1
třem	1
tisícům	1
stejná	1
poptávka	1
zaměstnání	1
poptávkou	1
nekorespondují	1
mnohým	1
škodovákům	1
dělnických	1
profesí	1
příležitosti	1
nabídnout	1
soudí	1
josef	1
hafner	1
otevřeme	1
pobočku	1
připraveni	1
události	1
zásadněji	1
radikalizovat	1
podniky	1
nuceny	1
utlumit	1
zastavit	1
dělíme	1
časových	1
horizontů	1
listopadem	1
prosincem	1
představenstva	1
půjde	1
avizovaných	1
1276	1
nezaměstnanost	1
řád	1
vidí	1
bankami	1
nalezeno	1
alespoň	1
částečné	1
východisko	1
dojde	1
mínění	1
ohrožení	1
vstupu	1
partnerů	1
nejhorší	1
variantu	1
příslušné	1
připraveny	1
parafovány	1
lh	1
postoj	1
bank	1
úvěrů	1
restrukturalizace	1
dluhů	1
zdrženlivý	1
garance	1
bankám	1
uloženy	1
těmito	1
disponovat	1
vydání	1
obligací	1
názoru	1
riskantní	1
neřešící	1
situaci	1
činitelé	1
umožňovaly	1
umístit	1
obligace	1
podrobnější	1
technice	1
přebírají	1
dvaceti	1
akcie	1
vyprodaly	1
druhém	1
investičních	1
privatizačních	1
převzali	1
valných	1
hromadách	1
schůzky	1
ty	1
získaly	1
majetek	1
rozdroben	1
jednotlivé	1
předložit	1
převezme	1
ovlivňovat	1
chod	1
strategická	1
stanou	1
fakticky	1
konci	1
výkonném	1
podobný	1
šel	1
zahájit	1
zůstaly	1
kola	1
zbytky	1
vlastní	1
celkového	1
podílu	1
firmě	1
podklady	1
takového	1
procesu	1
zvažuje	1
pověřit	1
zastupováním	1
valné	1
hromadě	1
některý	1
vybraných	1
dává	1
podíl	1
klesá	1
mezibankovním	1
moskvě	1
dalšímu	1
výraznému	1
poklesu	1
ruského	1
obchodován	1
poměru	1
241	1
americký	1
dolar	1
2055	1
sergeje	1
novikova	1
kursu	1
později	1
očekávat	1
rusku	1
silné	1
inflace	1
objem	1
úterního	1
668	1
rekord	1
5032	1
graf	1
pramen	1
statistický	1
stavebních	1
měsících	1
stagnují	1
odborníci	1
považují	1
podstatný	1
znak	1
stabilizace	1
obecně	1
výraznější	1
největších	1
světových	1
obuvi	1
zřídí	1
síť	1
významnou	1
firmu	1
rukou	1
malých	1
vzniknout	1
otevřela	1
40	1
polské	1
zboží	1
vstupuje	1
italská	1
pobočka	1
compar	1
bata	1
polská	1
intercam	1
kdysi	1
300	1
tomáše	1
bati	1
usilovat	1
restituci	1
nákup	1
továren	1
vyměněny	1
troje	1
stanici	1
můstek	1
vymění	1
června	1
1993	1
chrudim	1
vyrábí	1
hamburskou	1
thyssen	1
hodnotu	1
eskalátorů	1
metro	1
nahradí	1
ruska	1
stanicích	1
mečiarovo	1
citlivé	1
str	1
tipy	1
johannes	1
symfonie	1
číslo	1
symfonii	1
dvacet	1
druhou	1
složil	1
nahrávce	1
supraphonu	1
brahmsovy	1
variace	1
haydnovo	1
podává	1
skvělý	1
výkon	1
filharmonie	1
dirigentem	1
jiřím	1
bělohlávkem	1
barokní	1
bratří	1
formanů	1
bratři	1
petr	1
matěj	1
hugo	1
formanové	1
upravili	1
klasickou	1
zpěvohru	1
komínku	1
zedníky	1
žertovně	1
nakřivo	1
postaveném	1
loutkového	1
divadla	1
hudebního	1
vítka	1
jandy	1
uvedou	1
1930	1
divadle	1
řeznické	1
ľahká	1
múza	1
tieň	1
bolesti	1
debutové	1
album	1
industriální	1
zoon	1
písně	1
pohybují	1
ranými	1
swans	1
postaveny	1
pomalých	1
ostinatech	1
kytary	1
zpěv	1
ovlivněn	1
diamandou	1
galás	1
servis	1
skladby	1
c	1
monteverdiho	1
g	1
gabrieliho	1
zazní	1
prahaevropahudba	1
kostele	1
marie	1
sv	1
karla	1
velikého	1
karlově	1
emil	1
viklický	1
quartet	1
redutě	1
norským	1
jazzmanem	1
magni	1
wentzelem	1
teatr	1
im	1
mjr	1
szmauza	1
českého	1
těšína	1
hostuje	1
1900	1
studiu	1
labyrint	1
rockové	1
vinohrady	1
marco	1
polo	1
junior	1
úředník	1
předurčen	1
úřednickou	1
kariéru	1
nejpopulárnějších	1
herců	1
dodnes	1
legendární	1
snaživý	1
premiant	1
fričových	1
študáckých	1
komedií	1
rozšafný	1
policista	1
mrázek	1
hříšných	1
dabingu	1
kongeniální	1
alter	1
ego	1
louise	1
de	1
funèse	1
rozhlase	1
gramofonových	1
deskách	1
neodolatelný	1
vyprávěč	1
františek	1
filipovský	1
nezahálí	1
dožívá	1
pětaosmdesátých	1
televizním	1
divákům	1
seriálu	1
arabela	1
natáčí	1
premiérou	1
hry	1
výhybkáři	1
dramatika	1
briana	1
phelana	1
zahájilo	1
sezónu	1
gongu	1
divadlo	1
zábradlí	1
viktor	1
polesný	1
respektoval	1
osvědčené	1
herecké	1
škatulky	1
heřmánek	1
albert	1
standardně	1
úřednickykomický	1
slušivé	1
uniformě	1
pyžamu	1
edward	1
arogantní	1
mladík	1
jemuž	1
rolí	1
ušlápnutého	1
pomocníka	1
více	1
pohrál	1
mrkvička	1
alfred	1
prostotě	1
dospěje	1
všeničící	1
vzpouře	1
nepovýšil	1
hříčku	1
klasické	1
zájezdovky	1
foto	1
mafa	1
michal	1
růžička	1
drahomíra	1
králová	1
režisérka	1
vrátila	1
dětských	1
filmů	1
mohanem	1
snímek	1
předměstí	1
ocenění	1
fijec	1
organizace	1
dětský	1
prodaly	1
skandinávských	1
zemí	1
holandska	1
itálie	1
íránu	1
zní	1
paradoxně	1
vezmete	1
úvahu	1
točila	1
lety	1
úctou	1
zemi	1
dětské	1
kinematografie	1
potěšilo	1
většinu	1
soutěžních	1
děl	1
tvořily	1
komedie	1
zato	1
překvapena	1
bohaté	1
reprezentativní	1
soutěži	1
nenašla	1
jediná	1
klasická	1
pohádka	1
rachot	1
stalinem	1
druhému	1
výročí	1
uspořádalo	1
prostorách	1
bývalým	1
stalinovým	1
pomníkem	1
prvně	1
vysílalo	1
stalin	1
čtyřdenní	1
festival	1
rockových	1
kapel	1
kytarovému	1
noise	1
skupin	1
paloma	1
smash	1
sebastians	1
ecstasy	1
of	1
st	1
theresa	1
punkrockový	1
visací	1
zámek	1
sľobodná	1
európa	1
posluchači	1
těšit	1
plexis	1
prouzu	1
sestry	1
závěrečný	1
koncert	1
dunaji	1
psím	1
vojákům	1
obrazovky	1
názory	1
plus	1
vysvětlivka	1
představy	1
struktuře	1
sdělili	1
současných	1
kantůrek	1
prvních	1
představ	1
začínají	1
rýsovat	1
konkrétní	1
kroky	1
ukončí	1
zánikem	1
převedení	1
předpokládá	1
výrazné	1
posílení	1
instituci	1
zůstat	1
celoplošný	1
kanálu	1
určeného	1
využit	1
uvolněný	1
počítáme	1
vznikem	1
účastí	1
kapitálu	1
ucházet	1
založení	1
podílet	1
základnou	1
výměnnou	1
zpravodajskou	1
sítí	1
majetkem	1
jmění	1
odkoupila	1
nová	1
vyráběla	1
zpravodajské	1
pořady	1
ostatní	1
nakupovala	1
mj	1
poznámku	1
spojovat	1
mým	1
jménem	1
odpovědnost	1
mladšími	1
manažerského	1
ivo	1
mathé	1
uskutečněn	1
duální	1
pokročilejší	1
evropy	1
existovat	1
instituce	1
řadou	1
nezastupitelných	1
zákonem	1
stanovených	1
povinností	1
dohlížená	1
demokraticky	1
zvolenou	1
komerční	1
základě	1
licence	1
vyhrazeny	1
čtv	1
beze	1
zbytku	1
informativní	1
kulturní	1
rekreativní	1
programové	1
okruhy	1
ku	1
prospěchu	1
diváka	1
sestavovat	1
vzájemně	1
doplňovaly	1
kabelové	1
rezervovány	1
zmíněné	1
součinnosti	1
nerad	1
vyjadřoval	1
stejnou	1
výrobní	1
realizaci	1
zpravodajství	1
správě	1
přináší	1
drobných	1
větších	1
kolizí	1
rozhodně	1
neprospívá	1
zvyšování	1
kvality	1
samozřejmě	1
vysíláme	1
většinovým	1
dodavatelem	1
pořadů	1
programovou	1
skladbu	1
ovlivnit	1
medek	1
nezbytné	1
úplného	1
odstátnění	1
sektoru	1
vyslovuje	1
dobudování	1
konkurenčního	1
dosavadních	1
okruhů	1
doporučuje	1
média	1
zajišťovala	1
okruzích	1
okamžiku	1
privátních	1
provozovatelů	1
obdrželi	1
posluchačů	1
maximálně	1
možnou	1
měrou	1
zajištěna	1
vyváženost	1
objektivita	1
týče	1
televizních	1
žádnou	1
neudělila	1
soukromí	1
zjistili	1
představuje	1
udělení	1
netrvají	1
ntv	1
richarda	1
krause	1
nezávislých	1
stanic	1
31	1
vypracovat	1
žádost	1
povinni	1
uvést	1
investora	1
obchodního	1
tajemství	1
přislíbeno	1
nezávislí	1
argumentují	1
celoplošnou	1
nynější	1
vypsán	1
konkurs	1
provozovatele	1
partnerem	1
nevědíli	1
budouli	1
zjednodušeně	1
řečeno	1
lukrativnější	1
dílčí	1
podání	1
žádosti	1
zvažují	1
emigrant	1
jasný	1
zaoceánském	1
krajanském	1
osud	1
remaku	1
rozhořčeně	1
komentoval	1
mluvil	1
vnucených	1
zásazích	1
poradců	1
politicky	1
podezřelých	1
okolnostech	1
jež	1
brání	1
premiéře	1
maličko	1
jiná	1
titul	1
why	1
vyrobila	1
kanadská	1
les	1
productions	1
fete	1
inc	1
koproducentem	1
kf	1
tudíž	1
patřily	1
sféry	1
složitý	1
přepis	1
negativu	1
obstarala	1
obrazovkou	1
verze	1
hotova	1
zase	1
uvedení	1
snímku	1
odporovat	1
volebnímu	1
dokument	1
poměrné	1
tichosti	1
stejnojmenné	1
videokazetě	1
tvrzení	1
autora	1
theodor	1
pištěk	1
vystřižení	1
krásné	1
zlidšťující	1
scény	1
miloš	1
forman	1
průvodce	1
filmem	1
indisponován	1
nemohl	1
zázrak	1
špatného	1
osvětově	1
reklamního	1
jedinečný	1
lidský	1
portrét	1
jaký	1
bezpochyby	1
zasloužil	1
anketních	1
vstupů	1
titulní	1
otázkou	1
nepřináší	1
fakt	1
vesměs	1
chronologicky	1
náznaku	1
originálního	1
zaznamenává	1
polistopadové	1
dění	1
defilé	1
jmen	1
nimiž	1
protagonista	1
setkal	1
dejme	1
publikum	1
osvětová	1
příručka	1
unést	1
lacinou	1
anachronickou	1
lyrizaci	1
opakovaný	1
motiv	1
vltavského	1
převozníka	1
tónů	1
vyšehradu	1
rodinný	1
výjev	1
oslíkem	1
davidem	1
přijmout	1
patetický	1
vyskočila	1
revoluční	1
jiskra	1
dokumentu	1
neřkuli	1
myslí	1
formanovi	1
desetiletý	1
školák	1
hle	1
pocta	1
věcná	1
přímá	1
havlovým	1
osobním	1
zpovědím	1
jasného	1
odklon	1
řemesla	1
sentimentu	1
seifertova	1
literární	1
jaroslava	1
udělena	1
josefu	1
hiršalovi	1
píseň	1
mládí	1
ivanu	1
wernischovi	1
básnických	1
překladů	1
frc	1
vyhlašovanou	1
každoročně	1
předvečer	1
básníkových	1
zřídila	1
charty	1
77	1
stockholmu	1
lednu	1
1986	1
uctění	1
památky	1
prvního	1
nositele	1
nobelovy	1
literaturu	1
navrženo	1
ni	1
beletristické	1
dílo	1
uveřejněné	1
zahraničí	1
velryba	1
emigroval	1
francie	1
1979	1
nato	1
dvaatřiceti	1
kolářově	1
exilové	1
revui	1
prozaickou	1
prvotinu	1
spisovateli	1
knižnici	1
experimentálních	1
textů	1
imagena	1
svérázným	1
živočichopisem	1
paříže	1
osmdesátých	1
reprodukovaných	1
hovorů	1
záznamů	1
populistických	1
scének	1
snobských	1
dialogů	1
citací	1
reklam	1
novinových	1
titulků	1
módních	1
taoistických	1
pouček	1
atp	1
vytváří	1
skicu	1
obřího	1
velkoměsta	1
jehož	1
pomyslném	1
břiše	1
pohybuje	1
autorův	1
dvojník	1
jonáš	1
exulant	1
utěšeně	1
srůstá	1
novým	1
bydlištěm	1
posedle	1
vypočítává	1
civilizační	1
nectnosti	1
pařížské	1
odcizenost	1
anonymnost	1
jednotvárnost	1
všudypřítomnost	1
viděná	1
zvnitřku	1
zdola	1
jakéhokoli	1
pozlátka	1
ba	1
prózy	1
sadisticky	1
paralyzuje	1
stávka	1
metařů	1
martínkova	1
prvotina	1
intelektuální	1
mozaikou	1
vyznění	1
záměrně	1
jednostranné	1
skrytě	1
blíží	1
satirické	1
parodii	1
kritické	1
života	1
velkoměstě	1
věčné	1
světové	1
literatury	1
leč	1
bibličtí	1
jonášové	1
nemívali	1
zdání	1
směrem	1
ubírají	1
nebezpečí	1
širém	1
moři	1
hrozívají	1
břicha	1
nebývá	1
vidět	1
účetního	1
přenechám	1
zastavěné	1
plochy	1
prodám	1
býv	1
zem	1
usedlost	1
olomouci	1
3800	1
hosp	1
ideální	1
cesty	1
tel	1
068312	1
95	1
podnikatele	1
peněžní	1
ústav	1
centru	1
programátory	1
znalostmi	1
výpočetní	1
techniky	1
turbo	1
pascalu	1
částečnou	1
znalostí	1
angličtiny	1
chyběla	1
brp	1
prodejní	1
kontaktní	1
výstava	1
motor	1
show	1
92	1
salón	1
londýnská	1
international	1
trade	1
and	1
exibitions	1
ltd	1
pražskou	1
cs	1
crossland	1
supersportovní	1
verzi	1
chevroletu	1
corvette	1
lahůdkou	1
vylepšený	1
mercedes	1
amg	1
sl	1
modely	1
vystavuje	1
expozici	1
beso	1
mladoboleslavská	1
pickup	1
chladicí	1
skříní	1
opavské	1
atrei	1
liberecké	1
auto	1
méně	1
sto	1
tisíc	1
včerejška	1
neobjevil	1
dorazit	1
hysterie	1
stupňuje	1
vzniku	1
mnoho	1
událostem	1
konzula	1
budapešti	1
fanoušci	1
odvetný	1
ferencváros	1
nejeli	1
můžeme	1
zakazovat	1
doporučení	1
brát	1
vážně	1
informoval	1
incidenty	1
připravena	1
uvažuje	1
opatřeních	1
okolí	1
předběžně	1
hovoří	1
policejního	1
československých	1
hranic	1
stadión	1
skupinky	1
chtěly	1
samostatně	1
případným	1
napadením	1
počítat	1
dopis	1
upozorňující	1
takzvaného	1
nepříjemné	1
vyostření	1
hysterické	1
text	1
dopisu	1
drsný	1
vyhrožuje	1
všem	1
policistům	1
účastnili	1
zákroku	1
rodinám	1
signály	1
komandu	1
sdruženo	1
set	1
nikde	1
otevřeně	1
nevystoupilo	1
nikdo	1
nepřihlásil	1
jozefa	1
událostmi	1
minulé	1
středy	1
přilepovány	1
fašistické	1
nacionalistické	1
nálepky	1
arzenálem	1
zbraní	1
odebrán	1
maďarským	1
vykonána	1
noc	1
odpoledne	1
nožů	1
čímž	1
poznamenán	1
nástup	1
fašismu	1
tuchyňa	1
maďarského	1
konzulátu	1
neobjektivní	1
masmédia	1
sousedé	1
hesla	1
obranou	1
útok	1
odvést	1
pozornost	1
fašizujících	1
tendencí	1
vlastních	1
pořádkových	1
sil	1
přiměřený	1
předešlo	1
těžším	1
následkům	1
nak	1
nazvaná	1
jejímž	1
podpora	1
rozšíření	1
léčebné	1
preventivní	1
kardiologické	1
nemocnici	1
roentgenova	1
ul	1
zřizovatelé	1
corfin	1
creative	1
communications	1
hanyko	1
olympus	1
czechoslovakia	1
trading	1
touto	1
poskytování	1
kvalitnějších	1
nemocničních	1
ambulantních	1
léčbě	1
srdečních	1
chorob	1
zřízena	1
přičemž	1
zázemí	1
získáno	1
darů	1
dobročinných	1
primáře	1
mudr	1
petra	1
niederleho	1
správního	1
použity	1
doplnění	1
vybavení	1
nemocnice	1
pražských	1
ordinací	1
sporné	1
sklizně	1
řady	1
zlikvidovalo	1
záhonku	1
činžovním	1
domem	1
sídlišti	1
skalka	1
vypěstovala	1
dvacetiletá	1
dívka	1
třiceti	1
dvoumetrových	1
rostlin	1
semínka	1
španělska	1
výslechu	1
přiznala	1
chtěla	1
marihuanu	1
pěstitelka	1
stíhána	1
nedovolenou	1
žalovatelné	1
rozmáhající	1
sklízení	1
střediska	1
prevenci	1
léčbu	1
drogových	1
závislostí	1
dropin	1
osivo	1
pěstovat	1
potřeba	1
prokázat	1
pěstuje	1
zahrádce	1
vyselektovaná	1
marihuana	1
dalo	1
kdybych	1
zahrádkář	1
pěstoval	1
rajčat	1
paprik	1
vtrhla	1
zahradu	1
sklidila	1
žaloval	1
krádež	1
protidrogového	1
tvrdí	1
samo	1
výrobou	1
pryskyřice	1
vedeny	1
iii	1
příloze	1
seznamu	1
nařízení	1
192	1
88	1
sb	1
průmyslové	1
zahrádkářským	1
účelům	1
major	1
argument	1
koupeno	1
soudního	1
prokuratury	1
doktora	1
nováka	1
neobstál	1
volně	1
toxické	1
látky	1
úpravě	1
drogu	1
trestního	1
stíhání	1
problematické	1
prokazování	1
zasel	1
úmyslem	1
omamnou	1
látku	1
novák	1
nejmenovaného	1
pracovníka	1
sklizeň	1
provádí	1
městská	1
protidrogová	1
brigáda	1
úpornou	1
snahou	1
vykazování	1
snadné	1
vyrazit	1
někomu	1
evidenci	1
dveře	1
přistihnout	1
pervitinu	1
potřebu	1
policii	1
jednoduché	1
sklízet	1
těžší	1
zatknout	1
překupníka	1
brigádě	1
nedaří	1
nevydali	1
zamítla	1
zbavit	1
miroslava	1
sprrsč	1
zbavení	1
většinou	1
zdrželo	1
většina	1
hlasů	1
obvodní	1
prahu	1
4	1
miroslavu	1
sládkovi	1
trestní	1
hanobení	1
jejího	1
představitele	1
požádal	1
republikánů	1
zmíněného	1
činu	1
dopustit	1
mítinku	1
budovou	1
opilce	1
narkomana	1
podvodníka	1
vystoupil	1
proslovem	1
hodině	1
předsedající	1
benda	1
vzal	1
uvedený	1
trestný	1
čin	1
stíhán	1
horlivě	1
vystupoval	1
navrhl	1
zbaven	1
poslanecké	1
hodinovém	1
projevu	1
odňato	1
nejnižší	1
příjmy	1
hokejisté	1
přilepší	1
severoamerické	1
tampa	1
bay	1
lightning	1
ottawa	1
senators	1
nabízejí	1
přehledu	1
hráčské	1
jedny	1
nejnižších	1
vypočítaný	1
kontraktů	1
262272	1
smluv	1
průměr	1
213125	1
loňské	1
sezóně	1
hokejisty	1
379000	1
nejlépe	1
placeným	1
útočníkem	1
lamb	1
přišel	1
rozšířeném	1
draftu	1
vydělá	1
peluso	1
přestoupil	1
chicaga	1
bere	1
325000	1
140000	1
platový	1
skok	1
dotkl	1
hartfordu	1
sidorkiewicze	1
přilepšil	1
82000	1
350000	1
nejdražším	1
tampu	1
ramage	1
příjmem	1
ruský	1
semjonov	1
bral	1
265000	1
310000	1
nejvíc	1
útočníků	1
čtyř	1
460000	1
hráči	1
vydělávali	1
100000	1
křídelní	1
maltais	1
podepsal	1
200000	1
ohlédnutí	1
6	1
jablonci	1
prvoligovou	1
návštěvou	1
sebelepší	1
nevymyslel	1
scénář	1
jablonec	1
liberec	1
deseti	1
kulise	1
8000	1
dobrou	1
rozdílnými	1
poločasy	1
kupodivu	1
liaz	1
každém	1
zpočátku	1
inkasuje	1
rychlejší	1
zasloužené	1
překážkou	1
liberecký	1
maier	1
muž	1
hřišti	1
neustálém	1
povzbuzování	1
skvělého	1
hlediště	1
domácím	1
mihálikem	1
výtečný	1
jirků	1
prvoligový	1
mužstva	1
nažhavená	1
výborné	1
atmosféře	1
vyhrál	1
prohrál	1
těsně	1
jižní	1
skpp	1
pohraniční	1
ministerstvo	1
hlavním	1
historický	1
podnítil	1
podporují	1
městský	1
obecní	1
pivovar	1
hostan	1
obalex	1
sladovny	1
možností	1
menší	1
pomalu	1
posilovat	1
přišli	1
činčala	1
prokázal	1
mužstvu	1
hodně	1
pomoci	1
hráčů	1
profesionální	1
stejný	1
fryš	1
věřím	1
osmého	1
místa	1
mám	1
radost	1
permanentek	1
1200	1
viktoria	1
žižkov	1
objevila	1
šťastným	1
daniela	1
maška	1
tečovaného	1
trestného	1
kopu	1
otevřeli	1
hru	1
protiútoku	1
pečetil	1
pučelík	1
potíže	1
skiny	1
varovný	1
pokřik	1
bitka	1
naštěstí	1
vyzněl	1
naprázdno	1
autobus	1
pražskými	1
kolegy	1
proslulí	1
sparťané	1
známí	1
nedávné	1
bitky	1
liberci	1
nevyjel	1
prozřetelnosti	1
lidské	1
prozíravosti	1
stínem	1
nezaviněná	1
zranění	1
odstoupit	1
chebský	1
klíční	1
kost	1
hostující	1
veselý	1
minutě	1
stehů	1
nečekaný	1
hokejového	1
nedodržuje	1
termíny	1
vysokého	1
optimistů	1
hokejová	1
čelit	1
hrozbě	1
pětimiliónového	1
pasíva	1
generálního	1
sekretáře	1
broukala	1
rozsáhlá	1
společností	1
organizační	1
zabezpečení	1
převod	1
komerčních	1
zaručovala	1
udělána	1
nulu	1
stanovila	1
broukal	1
marketinková	1
uzavírání	1
ziskem	1
sotva	1
smlouvě	1
přistoupila	1
zisk	1
musel	1
předpokládat	1
neříkám	1
nepředpokládal	1
různí	1
místech	1
mluvili	1
padla	1
milionů	1
vydělat	1
nepodařilo	1
dluhy	1
neobdržela	1
měsíční	1
leží	1
nejsme	1
schopni	1
účtu	1
platby	1
nenaběhly	1
zaplacení	1
sponzoři	1
kterými	1
nezaplatili	1
termínu	1
dochází	1
soudním	1
vymáháním	1
táhne	1
šampionát	1
skončil	1
května	1
rádi	1
uzavřeno	1
skutečnostmi	1
hnout	1
vzduchu	1
nějaká	1
mluvíte	1
neurčitě	1
neobdrželi	1
nemáte	1
záležet	1
sponzorů	1
podaří	1
vytáhnout	1
můžete	1
sporů	1
uzavřeny	1
nefiguruje	1
stálo	1
celkově	1
pohyboval	1
padesáti	1
šedesát	1
vyrovnaný	1
uvažovat	1
položky	1
pasívum	1
pokrýt	1
atletický	1
víkend	1
poděbradská	1
padesátka	1
jubilejní	1
chodeckého	1
dlouhém	1
lázeňském	1
okruhu	1
uskuteční	1
účasti	1
výborných	1
mexičanů	1
poděbradech	1
96	1
prahaběchovice	1
otevřeným	1
mistrovstvím	1
silničním	1
start	1
běchovicích	1
žižkovské	1
pražačce	1
přihlášky	1
přijímají	1
14	1
budově	1
ymcy	1
poříčí	1
12	1
h	1
tělocvičně	1
sokola	1
běchovice	1
chtějí	1
důvěru	1
štvanice	1
začíná	1
vyjádření	1
rozhodčích	1
fotbalové	1
brabce	1
jiřího	1
ulricha	1
obdržela	1
redakce	1
říkají	1
podmínkách	1
rozhodčími	1
opravdové	1
skřípe	1
najde	1
viník	1
takové	1
autorů	1
nastalo	1
útoky	1
množí	1
sudí	1
oceňují	1
dostali	1
schopní	1
obchodnícipodnikatelé	1
tito	1
vyjadřovat	1
aktérům	1
neměla	1
odbornost	1
pokulhávat	1
brabec	1
ulrich	1
přiznávají	1
mnohé	1
muži	1
píšťalkou	1
sami	1
mluví	1
chybách	1
neměly	1
předejít	1
vyjadřují	1
úlohu	1
optimálně	1
jedině	1
posuzováni	1
odborně	1
objektivně	1
důvěrou	1
souhlasí	1
slovíčko	1
geraldem	1
scharrerem	1
zástupcem	1
rakousko	1
východní	1
evropu	1
tenisová	1
raketa	1
prodaných	1
závodů	1
akcionáře	1
zakladatele	1
vaší	1
kunnan	1
lo	1
chystáte	1
světový	1
převratnou	1
oblasti	1
raket	1
vylepšujeme	1
typy	1
využitím	1
poznatků	1
huťky	1
destiny	1
black	1
ace	1
špičkové	1
závodní	1
hráče	1
bombu	1
výpletech	1
vyvinuli	1
nesmírně	1
pružnou	1
ukázaly	1
umělý	1
materiál	1
desetkrát	1
trvanlivost	1
obvyklé	1
výplety	1
příchod	1
generace	1
strun	1
přirovnal	1
rámy	1
umělých	1
materiálů	1
nahradily	1
dřevěné	1
rakety	1
okraj	1
míček	1
tuhle	1
nárazu	1
posune	1
struna	1
raketě	1
okamžitě	1
tatry	1
pozice	1
pokračovala	1
rallye	1
pařížpeking	1
760	1
dlouhou	1
etapou	1
hami	1
jiayuguanu	1
triumfovaly	1
vozy	1
mitsubishi	1
pajero	1
saby	1
uhájil	1
lartigue	1
citroen	1
zx	1
odstupem	1
347	1
weberem	1
motocyklisty	1
peterhansel	1
yamaha	1
kategorii	1
kamiónů	1
dominovaly	1
stroje	1
houssat	1
loprais	1
tatrou	1
4x4	1
etapě	1
1429	1
kahánek	1
t	1
6x6	1
dojel	1
5	1
3404	1
rusnák	1
botiče	1
vršovic	1
slavia	1
půjčuje	1
štefana	1
rusnáka	1
klokani	1
využít	1
útočníka	1
příštím	1
hrají	1
mění	1
dres	1
alois	1
vrací	1
betisu	1
vítkovicím	1
nezaplatil	1
korunu	1
šesti	1
hrát	1
rušno	1
nechtěla	1
splnit	1
baník	1
odmítal	1
plakal	1
souhlasilo	1
začínám	1
žít	1
neobyčejně	1
šťasten	1
takhle	1
dopadlo	1
reagoval	1
slzami	1
očích	1
diego	1
trvalo	1
údajně	1
nejprve	1
nabídla	1
45	1
požadovala	1
odstupné	1
matthäuse	1
bayern	1
wattenscheidu	1
spokojen	1
vogts	1
chce	1
vyzkoušet	1
polovině	1
drážďanech	1
mexiku	1
1994	1
usa	1
litva	1
dánsko	1
lotyšsko	1
španělsko	1
živený	1
technikou	1
nasazením	1
přinesl	1
třetině	1
zásluhou	1
kladenského	1
gardoně	1
jenž	1
dorážel	1
slabého	1
střelu	1
laskavosti	1
vyloučený	1
nasadilo	1
zteči	1
povel	1
lavině	1
mach	1
volného	1
našel	1
přihrávkou	1
zajíc	1
kombinační	1
um	1
kladenských	1
střely	1
bezprostřední	1
blízkosti	1
několikrát	1
ohrozily	1
vítkovického	1
hlinku	1
ujala	1
zvrátily	1
32	1
čas	1
zdrtil	1
čtvrtý	1
machovy	1
přihrávky	1
branku	1
hlinka	1
srazil	1
holí	1
čáru	1
vystřídat	1
vašíčkem	1
doplatilo	1
hře	1
měkké	1
pomalé	1
chabou	1
reakci	1
kameše	1
holaňových	1
střelách	1
čáry	1
závěr	1
debaklem	1
znamení	1
posily	1
řezníčka	1
olomouckým	1
úvod	1
využili	1
přesilovky	1
vedli	1
učebnicové	1
akci	1
bombě	1
reháka	1
jihlavští	1
snížili	1
šatny	1
podržel	1
blažek	1
největšího	1
náporu	1
dukly	1
proměnil	1
skácel	1
čikl	1
zvýšili	1
korigovali	1
přijatelný	1
začali	1
svižněji	1
přesilovce	1
promarnili	1
přibývajícími	1
minutami	1
rostla	1
technická	1
zdatnost	1
plzeňských	1
hra	1
důsledné	1
obraně	1
celém	1
kluzišti	1
zlínský	1
maláč	1
napravoval	1
spoluhráčů	1
dvakrát	1
kapituloval	1
narostla	1
křídla	1
vládli	1
27	1
vyrovnali	1
22	1
dovolili	1
zlín	1
srovnal	1
33	1
dramatickém	1
štěstí	1
přálo	1
vítězný	1
vzájemném	1
hlídání	1
kysela	1
lavice	1
hosty	1
přidalo	1
sebevědomí	1
zrychlili	1
závěrečná	1
zdála	1
vyrovnaná	1
jenže	1
dobří	1
chemici	1
výborného	1
orcta	1
brance	1
koncovku	1
bráněním	1
hostí	1
ploše	1
neporadili	1
středním	1
pásmu	1
dělali	1
soubojích	1
šikovná	1
sparta	1
toho	1
využívala	1
vedla	1
sólech	1
kukačky	1
zelenky	1
pavol	1
zúbek	1
bek	1
kostka	1
dvoubrankovému	1
geffert	1
dotáhl	1
nečekané	1
hostů	1
taktičtější	1
chytal	1
břitva	1
uplatnili	1
perfektní	1
defenzívní	1
stálou	1
převahu	1
propadli	1
gólman	1
michálek	1
vynikající	1
obraz	1
ukazují	1
zásahy	1
brankářů	1
turka	1
nedaly	1
zkoušely	1
překvapit	1
individuální	1
kloudná	1
spolupráce	1
budějovic	1
znamenala	1
horákova	1
zadovka	1
našla	1
bláhu	1
bednařík	1
střílel	1
prázdné	1
brány	1
m	1
bláha	1
bieglovy	1
klece	1
zvedal	1
ruce	1
zázračně	1
vrátil	1
ven	1
přestávka	1
překvapivě	1
uspala	1
budějovickou	1
obranu	1
pardubice	1
85	1
otočily	1
bělohlav	1
jel	1
červené	1
položil	1
vyjíždějícího	1
přinesla	1
změnu	1
zázračný	1
zvrat	1
motoru	1
slepené	1
rozmezí	1
89	1
závěrečné	1
pardubické	1
power	1
play	1
vteřin	1
jiroutek	1
holi	1
bekhendu	1
mířil	1
sparty	1
přispěl	1
přerážecích	1
technikách	1
taekwondo	1
pchongjangu	1
získalo	1
lexová	1
volném	1
boji	1
matsogi	1
postoupila	1
čtvrtfinále	1
vraždu	1
obviněn	1
londýně	1
otec	1
hvězdy	1
kulečníku	1
ronnieho	1
osullivana	1
opilosti	1
napadl	1
nožem	1
oběť	1
zasadil	1
jí	1
bodných	1
ran	1
stehelovi	1
posilou	1
účastníka	1
zápasnické	1
hansa	1
90	1
olympijský	1
dvojnásobný	1
řeckořímském	1
kg	1
oleg	1
kutčenko	1
tělesně	1
postižených	1
atletice	1
vzpírání	1
pátku	1
neděle	1
městě	1
metují	1
překážkářka	1
patoulidouová	1
žena	1
1912	1
barceloně	1
řecko	1
zlatou	1
olympijskou	1
medaili	1
oznámila	1
aténách	1
novinářům	1
napříště	1
věnovat	1
skoku	1
dalekému	1
španělský	1
cyklista	1
lejarreta	1
těžký	1
pád	1
týdny	1
jednotce	1
intenzívní	1
startu	1
okolo	1
rioji	1
brit	1
mansell	1
formule	1
donucen	1
týmu	1
williams	1
předpokládaný	1
nástupce	1
prost	1
definitivně	1
nerozhodl	1
robert	1
změlík	1
favoritem	1
zítřejšího	1
hodinového	1
desetiboje	1
vítkovičtí	1
atleti	1
vopet	1
změlíka	1
ostravě	1
maďaři	1
szabó	1
munkacsi	1
motti	1
hamalainen	1
rus	1
medveď	1
rozhodl	1
přátelský	1
lazio	1
řím	1
gascoigne	1
tottenhamu	1
britská	1
satelitní	1
bskyb	1
anglická	1
nesouhlasila	1
trvala	1
předem	1
přenosech	1
pohárové	1
protestuje	1
pokutě	1
15000	1
švýcarských	1
franků	1
uefa	1
zaplatit	1
chování	1
pmez	1
00	1
myslíme	1
kompromis	1
cyklistických	1
cyklistiky	1
třesohlavý	1
připravovanou	1
koncepci	1
letošním	1
modelu	1
zodpovědní	1
trenéři	1
dráhového	1
stihacího	1
silničního	1
naprostou	1
volnost	1
nadiktovali	1
dostaliřekl	1
zrodila	1
kvůli	1
olympijským	1
hrám	1
známo	1
týmy	1
neuspěly	1
jdeme	1
prosperitě	1
nelze	1
oddělovat	1
jménu	1
něčeho	1
většího	1
zapotřebí	1
ohlídat	1
deset	1
jezdil	1
závodně	1
oddíly	1
kontra	1
nevyhlášená	1
válka	1
cyklistice	1
cyklokrosu	1
klonil	1
minulých	1
létech	1
mocného	1
mecenáše	1
nezakrývejme	1
úspěch	1
prudkém	1
společenském	1
zvratu	1
přežila	1
soustředění	1
odvádějí	1
přední	1
borce	1
oddílových	1
kolektivů	1
ukázalo	1
osobností	1
zvlášť	1
nepřispívají	1
obec	1
státě	1
základem	1
prosperity	1
oddíl	1
moderně	1
manažersky	1
vedený	1
úzkými	1
sponzorům	1
vztahu	1
oddílu	1
povinnostmi	1
výsadami	1
reprezentant	1
smlouvou	1
chováním	1
úsilím	1
profesionálem	1
bombera	1
spoluhráči	1
jednom	1
salónků	1
košického	1
hotelu	1
dojídali	1
on	1
úterní	1
snídani	1
přiloudal	1
desáté	1
vydatný	1
spánek	1
miluje	1
vstáváním	1
nepospíchá	1
den	1
kvalifikačním	1
zápasem	1
prozradil	1
fotbalista	1
jens	1
martin	1
vstupovali	1
švédsku	1
vychytal	1
rakušany	1
nedávno	1
gólů	1
přiznávám	1
sedmi	1
moje	1
vyloženě	1
nešťastný	1
jednu	1
všichni	1
doufáme	1
konečně	1
chytíme	1
rozehraní	1
končí	1
liga	1
skvělou	1
formu	1
porážce	1
neuvažujete	1
věříme	1
remízu	1
jinou	1
nesmím	1
nenastoupí	1
skuhravý	1
mýlíte	1
souboje	1
fotbalistou	1
uznává	1
celá	1
evropa	1
vizitka	1
nedal	1
kanonýr	1
italské	1
kubíka	1
knoflíčka	1
chytá	1
anglii	1
queens	1
park	1
rangers	1
stejskala	1
proslul	1
kulichem	1
utkáních	1
nesundaváte	1
recesi	1
důvod	1
zranil	1
uzdravení	1
doporučoval	1
nosil	1
pevnější	1
přilbu	1
copak	1
chytat	1
helmě	1
hokejoví	1
brankáři	1
vyřešil	1
pletenou	1
čepicí	1
pocit	1
bezpečí	1
prostě	1
pokrývek	1
vystřídal	1
nebudete	1
věřit	1
ta	1
nasadil	1
žákovském	1
družstvu	1
pondělním	1
tréninku	1
strahově	1
cizině	1
čepičku	1
vyprat	1
letitá	1
starost	1
maminky	1
středeční	1
raději	1
šetřil	1
zmínil	1
mamince	1
nejste	1
ženatý	1
ženil	1
červenci	1
pětiletého	1
chlapce	1
nebere	1
nepere	1
maminka	1
praxi	1
téhle	1
nehrne	1
skutečným	1
fotbalovým	1
amatérem	1
ryzím	1
pracuji	1
fabrice	1
ryb	1
jezdím	1
tam	1
nákladním	1
vozíkem	1
košickém	1
slíbené	1
prémie	1
chudá	1
bohatá	1
nedostaneme	1
kdybychom	1
jakého	1
koníčka	1
no	1
říkám	1
amatér	1
sazka	1
sportka	1
výhry	1
38	1
finance	1
nesouhlasí	1
dočasném	1
vodního	1
díla	1
finančně	1
zabezpečeno	1
souhlasit	1
zastaveno	1
investování	1
ostatních	1
aktivit	1
peter	1
navrhla	1
delegace	1
maďarskou	1
stranou	1
gabčíkovu	1
nepředpokládá	1
sporu	1
nutné	1
obrátit	1
soudní	1
dvůr	1
haagu	1
okamžité	1
pozastavení	1
díle	1
urychlené	1
vlád	1
odborníky	1
es	1
požadují	1
českých	1
ekologických	1
hnutí	1
nevládních	1
organizací	1
občanskou	1
iniciativu	1
jindřich	1
petrlík	1
ministrapředsedy	1
životní	1
josefa	1
vavrouška	1
strana	1
podnikla	1
dílem	1
nevstřícných	1
kroků	1
vyústily	1
ekologické	1
ekonomické	1
přerostly	1
závažný	1
politický	1
budov	1
paláců	1
historické	1
sídlo	1
učinili	1
odmítla	1
navzdory	1
dopolední	1
koalice	1
oda	1
budovách	1
odloženo	1
domů	1
určených	1
užívá	1
objektů	1
byty	1
získané	1
vyžadují	1
rekonstrukci	1
tímto	1
padly	1
plány	1
investorů	1
proměnit	1
hotely	1
kovů	1
železnici	1
zabránit	1
výkupny	1
adresu	1
každého	1
neželezné	1
kovy	1
opoziční	1
ústava	1
vypracovaný	1
hsdsms	1
předložen	1
komisi	1
poslaneckého	1
grulich	1
průběžně	1
konzultovat	1
koalicí	1
politické	1
spektrum	1
nutná	1
klause	1
premiér	1
vysvětlil	1
schůzce	1
dohodly	1
vznikly	1
koncepční	1
spory	1
řešit	1
normálním	1
mechanismem	1
nenastal	1
nehodlá	1
kandidovat	1
současný	1
horák	1
nedomnívám	1
budovat	1
vedena	1
osobou	1
68	1
nezvladatelnému	1
kolapsu	1
odvětví	1
hospodářství	1
státoprávním	1
uspořádání	1
klidně	1
důstojně	1
cestou	1
uvádí	1
prohlášení	1
sešla	1
velkém	1
meziříčí	1
existenci	1
účelnou	1
postupném	1
zanikání	1
orgánů	1
podmínka	1
definována	1
předběžných	1
návrzích	1
čstk	1
konstatoval	1
souhlasil	1
kandidaturou	1
vymezení	1
ústavě	1
blížilo	1
obecné	1
nechci	1
prosazovat	1
šitou	1
mně	1
tělo	1
nejde	1
smysl	1
návrhem	1
shoduje	1
oběma	1
komorami	1
důvěře	1
rozhodovala	1
poslanecká	1
tomto	1
přítomna	1
určitá	1
jinakost	1
odvozen	1
voleb	1
výsledku	1
ústí	1
labem	1
hv	1
razie	1
týdnech	1
rámec	1
běžné	1
nasazeno	1
severních	1
1570	1
policistů	1
zjištěno	1
71	1
trestných	1
činů	1
785	1
přestupků	1
hledaných	1
přinesly	1
uliční	1
správy	1
pávek	1
akce	1
eliminovat	1
meziroční	1
nárůst	1
stoupla	1
takřka	1
třetinu	1
uplynulém	1
víkendu	1
144	1
vloupáním	1
škodou	1
26	1
milióny	1
slušovické	1
družstevníci	1
zod	1
slušovice	1
díky	1
novému	1
transformačnímu	1
ledna	1
letošního	1
podobu	1
přítomnosti	1
notáře	1
schváleno	1
členskou	1
členové	1
zemědělské	1
sdružující	1
vlastníky	1
způsob	1
předložený	1
schválený	1
auditory	1
konkurenční	1
připraven	1
vyloučeno	1
domluvě	1
nemohou	1
nivy	1
začlenit	1
přesné	1
základny	1
5085	1
subjekty	1
předmětem	1
nejbližších	1
šedesáti	1
dnů	1
registrace	1
přibližně	1
členy	1
mově	1
2000	1
nivě	1
registrovány	1
kristka	1
logické	1
zůstanou	1
volbě	1
přispělo	1
cítí	1
nepřátelství	1
vysoce	1
postavených	1
vládních	1
činitelů	1
politiků	1
republice	1
budoucna	1
komplikovat	1
rozvoj	1
nástupnických	1
subjektů	1
připomínky	1
drobnými	1
připomínkami	1
doporučily	1
sněmovnám	1
ústavněprávní	1
zařazen	1
většiny	1
čič	1
neviděl	1
macek	1
potvrdil	1
nezabývala	1
dílny	1
čalfova	1
dozvěděli	1
neprojednané	1
zákonů	1
stáhl	1
osvojí	1
nejmenovaný	1
činitel	1
nepodstatné	1
právní	1
normy	1
vypracované	1
nástupkyně	1
osvojuje	1
podrobnějšího	1
zabývat	1
návrhu	1
nejvíce	1
vyčítají	1
tomáš	1
kopřiva	1
nejšťastnější	1
diskutabilních	1
paragrafů	1
povinnost	1
autorizace	1
vztah	1
deníků	1
zpravodajských	1
agentur	1
versus	1
provozování	1
rozhlasového	1
tomuto	1
prospělo	1
přepracován	1
stanislava	1
devátého	1
náměstka	1
probíhající	1
kontrolního	1
vy	1
zvolen	1
členem	1
kandidoval	1
předsedu	1
nehodláte	1
jmenován	1
náměstkem	1
vzdát	1
ihned	1
jmenování	1
dopisem	1
sn	1
romanu	1
zelenayovi	1
traduje	1
neví	1
přinejmenším	1
dezinformace	1
dostál	1
ví	1
nastoupí	1
politickém	1
grémiu	1
resp	1
poslaneckými	1
předpokládám	1
podporu	1
nastupuje	1
rezervované	1
věcí	1
navrhne	1
několikerý	1
tlak	1
rozestavěné	1
temelíně	1
dnech	1
energetické	1
závody	1
minulý	1
týden	1
oznámily	1
odborníků	1
usoudil	1
dokončen	1
souladu	1
západními	1
standardy	1
informovaly	1
dodavatel	1
automatizovaného	1
vybrána	1
renomovaná	1
americká	1
westinghouse	1
vlastně	1
paradoxní	1
rozhodnout	1
osudu	1
ostatně	1
musela	1
záruky	1
úvěry	1
nerozhodla	1
stavba	1
výběru	1
dodavatelů	1
oficiální	1
předběhl	1
průmyslu	1
obchodu	1
výstavbu	1
jaderného	1
nezpochybňuje	1
pithartův	1
temelínu	1
odložil	1
vlivem	1
ekologického	1
dejmala	1
varoval	1
schopna	1
případnou	1
jadernou	1
katastrofou	1
byť	1
málo	1
pravděpodobnou	1
zkázonosný	1
omyl	1
vyloučen	1
rokem	1
reaktorové	1
šachtě	1
chybou	1
počítače	1
použita	1
betonová	1
směs	1
cementu	1
klausova	1
hodnotit	1
prizmatem	1
megawatthodin	1
levnější	1
sázet	1
tepelné	1
tvůrce	1
zlatým	1
dolem	1
jakékoli	1
investované	1
sumy	1
monopolním	1
jednoduše	1
započítají	1
spotřebitel	1
uvážit	1
jakou	1
cenou	1
elektřinu	1
obyvatele	1
zatíží	1
ministři	1
posoudit	1
zádrhel	1
vyspělý	1
svět	1
nestaví	1
vyvinut	1
bezpečnější	1
reaktoru	1
století	1
hrozí	1
relativně	1
pár	1
nemusí	1
vejít	1
parametrů	1
sovětské	1
reaktory	1
černobylského	1
neodsloužily	1
svá	1
předpokládaná	1
západ	1
tvrdě	1
naléhá	1
generaci	1
reaktorů	1
vver	1
jaslovských	1
bohunicích	1
nevyrobily	1
plánované	1
množství	1
energie	1
experti	1
doporučují	1
důvodů	1
potká	1
politikové	1
všude	1
obvykle	1
hledí	1
nejdál	1
volební	1
kampaně	1
důkladně	1
zvažovat	1
delší	1
různý	1
bučovice	1
vin	1
dopadnou	1
protipožárního	1
tanku	1
vyráběného	1
konverze	1
podvozků	1
klasických	1
tanků	1
vojenským	1
opravárenským	1
podnikem	1
jičíně	1
civilní	1
obrana	1
jimi	1
vybavovat	1
jednotky	1
útvaru	1
bučovicích	1
vyškovsku	1
maťuš	1
osvědčil	1
odstranil	1
zásadní	1
závadu	1
vnikání	1
zplodin	1
požárů	1
posádky	1
vzniká	1
osm	1
záchranných	1
pluků	1
požárníci	1
naproti	1
koupí	1
nepočítají	1
náčelník	1
sboru	1
požární	1
ochrany	1
rudolf	1
valášek	1
spolehlivý	1
účelný	1
neumím	1
představit	1
požáru	1
hnali	1
ulicemi	1
siemensem	1
zařazený	1
dohodou	1
koncernem	1
siemens	1
srn	1
odbytovou	1
schopnost	1
západních	1
vývoz	1
potřebuje	1
nezbytně	1
zvýšit	1
nasycen	1
kapacity	1
třemi	1
tisíci	1
pracovníky	1
vytíženy	1
opakování	1
neúspěchu	1
vstup	1
partnera	1
odštěpného	1
asea	1
brown	1
boveri	1
chtěl	1
zlikvidovat	1
tamní	1
teplovodní	1
čerpadla	1
přeměnit	1
opravnu	1
180	1
400	1
útěku	1
jh	1
pondělí	1
jihomoravští	1
pátrají	1
osmi	1
17	1
uprchli	1
výchovného	1
mládeže	1
višnové	1
znojemsku	1
umístěni	1
nočním	1
útěkem	1
sebrali	1
vychovateli	1
izolace	1
muže	1
zamkli	1
místnosti	1
vykradli	1
šatnu	1
vypáčili	1
trezor	1
neúspěšném	1
odcizit	1
služební	1
vůz	1
sobě	1
zanechali	1
škodu	1
12300	1
unikajících	1
útěk	1
pokusili	1
vybouranou	1
stěnu	1
skleněných	1
cihel	1
pobytem	1
dopustili	1
krádeží	1
aut	1
trestnou	1
žádají	1
veřejnost	1
pomoc	1
státoprávní	1
opozičních	1
činiteli	1
uskutečnila	1
ráno	1
postoji	1
opozice	1
zákonům	1
způsobech	1
kompetenčních	1
novelách	1
zeštíhlují	1
ochotny	1
vstřícně	1
debatovat	1
hlubší	1
referendu	1
trvají	1
kompetenční	1
nevítají	1
přesně	1
interpretováno	1
předsedou	1
michalem	1
kováčem	1
správné	1
bránit	1
najevo	1
rychlému	1
jednoznačně	1
shodli	1
dokud	1
fungovat	1
státoprávního	1
problému	1
podoby	1
takový	1
tavrije	1
prodeji	1
prodej	1
vozů	1
značky	1
tavrija	1
zahajuje	1
tusakko	1
dopraveno	1
těchto	1
kopeckého	1
stačí	1
prodat	1
automobily	1
cestě	1
plynule	1
epidemie	1
salmonelózy	1
okresní	1
hygienická	1
zaregistrovala	1
