die	379
der	316
und	188
in	152
von	150
den	137
das	132
für	120
zu	98
auf	94
nicht	89
mit	83
im	82
ist	69
des	68
dem	68
ein	61
eine	59
an	57
nach	56
sich	56
es	47
als	46
millionen	45
werden	43
auch	43
dass	43
einen	41
um	40
wird	40
vor	39
aber	36
aus	35
am	35
noch	34
hat	33
einem	32
bei	32
über	32
einer	31
wie	31
sie	29
usdollar	28
prozent	27
wir	26
oder	26
milliarden	26
man	26
er	25
sind	25
sein	24
telekom	22
soll	22
wenn	21
sei	21
internet	21
mehr	20
haben	19
nur	19
so	19
bereits	18
bis	18
durch	18
können	18
allerdings	18
unter	18
will	18
rund	18
euro	18
mark	17
hatte	17
kunden	17
ersten	17
unternehmen	17
zur	17
habe	16
zum	16
dann	15
gegen	15
kann	15
dieser	14
quartal	14
konzern	14
deutschen	14
war	14
schon	14
allem	14
vom	13
eines	13
nun	13
wurde	13
jahres	12
sollen	12
software	12
ich	12
jahr	11
firma	11
angaben	11
andere	11
keine	11
einige	11
werde	11
was	11
wurden	10
seinen	10
damit	10
alle	10
usa	10
dieses	10
waren	10
dies	10
lucent	10
rambus	10
etwa	9
worden	9
während	9
gegenüber	9
deutschland	9
bekannt	9
ab	9
erhalten	9
weltweit	9
ihre	9
vivendi	9
anfang	9
uns	9
jedoch	9
wieder	8
teldafax	8
wegen	8
sowie	8
wohl	8
beispielsweise	8
würden	8
diese	8
bislang	8
grund	8
provider	8
sondern	8
heutigen	8
dafür	8
seit	8
zahlen	8
ende	8
voicestream	8
geschäft	8
geht	7
netz	7
insgesamt	7
erste	7
sagte	7
derzeit	7
viele	7
ob	7
konnte	7
nutzer	7
sollte	7
doch	7
ohne	7
erklärte	7
geben	7
kein	7
tmobile	7
gprs	7
technik	7
gewinn	7
dritten	7
erwartungen	7
verlust	7
docmorris	7
ibm	7
angesichts	6
20	6
verfügung	6
beim	6
muss	6
seien	6
stellen	6
heute	6
2000	6
dazu	6
besonders	6
jedenfalls	6
firmen	6
per	6
expo	6
themen	6
meinung	6
seagram	6
and	6
vodafone	6
weitere	6
programm	6
pro	6
daten	6
bietet	6
eigenen	6
amazonde	6
patentschrift	6
übersetzung	6
könnte	6
hier	6
stark	6
inzwischen	6
weiter	6
immer	6
kosten	6
napster	6
microsoft	6
fujitsu	6
bush	6
gewesen	5
erwartet	5
25	5
fünf	5
geld	5
dpa	5
zudem	5
erfolg	5
zukunft	5
weniger	5
neue	5
dürfte	5
selbst	5
zahl	5
langenscheidt	5
laufenden	5
nächste	5
dabei	5
nutzen	5
machen	5
deutsche	5
ebenfalls	5
anderer	5
anderem	5
universal	5
chef	5
zeit	5
preis	5
gefunden	5
webde	5
beispiel	5
40	5
meint	5
woche	5
laut	5
handy	5
service	5
diesem	5
monaten	5
seine	5
letzten	5
patent	5
hyperlinks	5
bt	5
lange	5
hieß	5
denen	5
wolle	5
gericht	5
anderen	5
sehr	5
je	5
30	5
gesellschaft	5
ethernet	5
eher	5
nächsten	5
hersteller	5
umsatz	5
halbjahr	5
verkauf	5
ergebnis	5
meinte	5
infineon	5
ag	5
etwas	5
viel	5
unser	5
recht	5
künftig	5
gut	5
branche	5
philipson	5
pavillon	5
industrie	4
2002	4
nokia	4
freitag	4
steht	4
donnerstag	4
danach	4
nichts	4
ihrem	4
trotz	4
informationen	4
gab	4
deshalb	4
emails	4
neben	4
finden	4
zehn	4
umgesetzt	4
vergangenen	4
einzelne	4
müsse	4
darauf	4
könne	4
lassen	4
dagegen	4
tipconnectde	4
kline	4
dienstag	4
mittwoch	4
uhr	4
windows	4
gehört	4
zusammen	4
plus	4
bronfman	4
weil	4
statt	4
musik	4
ins	4
zumindest	4
wollen	4
anfangs	4
daher	4
wer	4
zunächst	4
gibt	4
bedeutung	4
eben	4
verlangen	4
könnten	4
ansicht	4
zwar	4
tag	4
ländern	4
information	4
of	4
angebot	4
fast	4
da	4
zwischen	4
wäre	4
10	4
entwicklung	4
umsätze	4
operativen	4
15	4
bestätigte	4
50	4
unserer	4
einmal	4
ericsson	4
schwedische	4
stieg	4
mobiltelefonen	4
konnten	4
kündigte	4
sun	4
prozess	4
thomas	4
mb	4
markt	4
schwedischen	4
tric	4
bekommen	4
großen	4
schritt	4
kommen	4
problem	4
ebenso	4
drei	4
stada	4
darf	4
ihrer	4
land	4
middelhoff	4
popkomm	4
vielleicht	4
musikindustrie	4
bobos	4
möglich	4
mannesmann	4
hauptversammlung	4
zwickel	4
prof	4
sagt	4
dr	4
besucher	4
stärker	3
kommentierte	3
gesamtjahr	3
2001	3
zunahme	3
35	3
update	3
zwei	3
einstweilige	3
musste	3
wöchentlich	3
betrag	3
april	3
schließlich	3
begründete	3
offensichtlich	3
langsam	3
lediglich	3
hand	3
unternehmens	3
computern	3
virus	3
aktiv	3
ausland	3
zeigt	3
umfangreichen	3
warnungen	3
gelegt	3
stunden	3
rechner	3
allen	3
ct	3
bücher	3
höhere	3
publizieren	3
erreicht	3
forderte	3
generation	3
gemacht	3
flatrateanbieter	3
ircnet	3
tonline	3
missbrauch	3
erlangen	3
mögliche	3
geführt	3
aufmerksam	3
findet	3
internetzugang	3
wichtigsten	3
welt	3
site	3
führte	3
bezahlt	3
jr	3
käufer	3
gespräche	3
damals	3
updates	3
kostenlose	3
prinzip	3
version	3
lässt	3
gehen	3
september	3
d1netz	3
erstes	3
bieten	3
ermöglicht	3
basis	3
details	3
bisher	3
klaus	3
davon	3
sämtliche	3
öffentliche	3
300	3
zeigte	3
umtslizenzen	3
gestiegen	3
realisiert	3
telefonieren	3
dienst	3
volle	3
oktober	3
diesen	3
british	3
telecom	3
bericht	3
eingereicht	3
formulierungen	3
heißt	3
computer	3
kandidaten	3
gebühren	3
amerikanische	3
größeren	3
art	3
ingenieure	3
zweiten	3
data	3
ethics	3
solle	3
darüber	3
höhe	3
eigene	3
dollar	3
amerikanischen	3
juli	3
31	3
märz	3
sehen	3
ntt	3
docomo	3
japanischen	3
komplett	3
ihr	3
aufsichtsrat	3
diskussion	3
übernahme	3
möchte	3
macht	3
10gigabit	3
taskforce	3
rechnet	3
arbeiten	3
weit	3
pmds	3
außerdem	3
kurze	3
gleichen	3
verbuchte	3
aktie	3
führt	3
juni	3
allein	3
gewinne	3
tisdn	3
ctive	3
private	3
email	3
monat	3
tief	3
schweden	3
geschäftsjahr	3
gegeben	3
eigentlich	3
große	3
fall	3
speicherchips	3
seiner	3
vorstand	3
bau	3
hatten	3
hätten	3
providern	3
bleiben	3
name	3
aglander	3
ihren	3
unsere	3
produkte	3
frei	3
bald	3
wochenschau	3
mal	3
kommt	3
sicher	3
besser	3
soundom	3
cd	3
me	3
unseren	3
sonntag	3
ganze	3
schmid	3
gewinnen	3
menschen	3
100	3
wirtschaft	3
uddi	3
watchmail	3
arbeitsplätze	3
fraunhoferinstituts	3
bernhard	3
grill	3
preisverleihung	3
innovation	3
mp3	3
wissenschaft	3
bin	3
übersetzungen	3
zufrieden	3
hätte	3
microsoftprozess	3
verfahren	3
marburger	2
vorauszahlung	2
wochen	2
teilten	2
millionenbetrag	2
landgericht	2
köln	2
bonner	2
konkurrenten	2
sicherheit	2
fällig	2
koch	2
5	2
73	2
summe	2
widerspruch	2
geändert	2
bleibt	2
zahlungen	2
wenig	2
emailwurm	2
voll	2
wurm	2
zehntel	2
offenbar	2
geworden	2
bsi	2
speziellen	2
vbsnewlove	2
überhaupt	2
weiterhin	2
beachtet	2
nachdem	2
letzte	2
jeder	2
anwender	2
anhänge	2
solche	2
vbs	2
usw	2
geboten	2
aller	2
einschätzung	2
florian	2
2003	2
voraussichtlich	2
vertrieben	2
anteil	2
wachsen	2
kürze	2
verbindungen	2
ausschluss	2
deren	2
einwahl	2
domain	2
gründe	2
genannte	2
permanenten	2
user	2
übernehmen	2
maßnahme	2
usamerikanischen	2
server	2
finnische	2
wollten	2
benutzergruppen	2
jetzt	2
webseite	2
sah	2
keinen	2
liefern	2
offiziell	2
arbeitet	2
aussperrung	2
bereit	2
fest	2
flatratekunden	2
denn	2
betroffen	2
global	2
dialogue	2
internettv	2
gestern	2
veranstaltungsreihe	2
weltausstellung	2
expogesellschaft	2
morgigen	2
diskussionsrunde	2
thema	2
media	2
gesamten	2
mediengiganten	2
beteiligten	2
erwarteten	2
deal	2
medien	2
music	2
group	2
34	2
beobachtet	2
edgar	2
murdoch	2
jeanmarie	2
messier	2
konsens	2
jede	2
bekommt	2
zukünftig	2
konzerns	2
allgemein	2
sparen	2
aktuell	2
günstigsten	2
internetbycallprovider	2
wunsch	2
lcr	2
tool	2
verbindung	2
anbieter	2
pfennig	2
minute	2
tatsächlich	2
veröffentlichte	2
enthalten	2
realisieren	2
startet	2
schnelle	2
datenübertragung	2
mobilfunktochter	2
start	2
teilte	2
kbits	2
sicht	2
übertragenen	2
hummel	2
stehe	2
online	2
braucht	2
normalen	2
gleichzeitig	2
internetprovider	2
leser	2
einsetzen	2
neuen	2
stehen	2
netzes	2
2	2
großbritannien	2
sechs	2
bestellung	2
waphandy	2
eplus	2
wapdienst	2
cds	2
titel	2
einkaufen	2
abfrage	2
knapp	2
3	2
minuten	2
kostet	2
120	2
aufgenommen	2
mobil	2
portal	2
geöffnet	2
februar	2
gleich	2
scheint	2
amerikanischer	2
wall	2
street	2
journal	2
anspruch	2
nehmen	2
endgültigen	2
erst	2
1997	2
wert	2
kaum	2
dessen	2
zeiten	2
gehe	2
lizenzgebühren	2
festgelegt	2
geprüft	2
intranet	2
außerhalb	2
ansprüche	2
durchsetzen	2
wären	2
briten	2
richtig	2
jemand	2
zweite	2
folgt	2
ingenieur	2
unterschiedliche	2
workshops	2
unesco	2
machte	2
entwickelten	2
diskutiert	2
6	2
law	2
governance	2
business	2
vs	2
möglicherweise	2
einigen	2
länder	2
patente	2
überflüssig	2
53	2
voicestreamaktie	2
rahmen	2
32	2
nahm	2
kommentar	2
also	2
größten	2
interessiert	2
lieber	2
weiß	2
berichten	2
wochenende	2
gigabits	2
fortschritte	2
verabschieden	2
nutzung	2
momentan	2
physical	2
phy	2
pmd	2
anforderungen	2
erfüllen	2
vorschläge	2
850	2
nanometer	2
beiden	2
pmddefinitionen	2
distanzen	2
strecken	2
teilweise	2
telekomequipment	2
geschäftsjahrs	2
vorjahrs	2
cent	2
börse	2
verursacht	2
knowhow	2
techniken	2
optische	2
netze	2
abschreibungen	2
zurück	2
liegen	2
dauer	2
geschäftszahlen	2
kassen	2
hohen	2
sank	2
standleitung	2
großteil	2
kleine	2
datendurchsatz	2
500	2
dkanal	2
höheren	2
verlustzone	2
betrug	2
minus	2
steuern	2
selben	2
vorjahreszeitraum	2
abteilung	2
9	2
schwierigkeiten	2
rest	2
siemens	2
schlechten	2
gesamte	2
sonderfaktoren	2
verdiente	2
setzte	2
19	2
mcnealy	2
sprüche	2
wenigen	2
klären	2
mehrere	2
verklagt	2
verkauft	2
hoher	2
streit	2
klage	2
micron	2
stellt	2
insolvenzantrag	2
gestellt	2
maße	2
mitgeteilt	2
tagen	2
investoren	2
mitteilung	2
konzentrieren	2
contentanbieter	2
blick	2
anscheinend	2
isps	2
jahren	2
einnahmen	2
werbung	2
alten	2
bringen	2
jedem	2
kasse	2
heimat	2
europäische	2
70	2
landes	2
punkt	2
inhalteanbieter	2
verteilen	2
schätzungsweise	2
längst	2
vielfach	2
einfach	2
würde	2
genau	2
kleinen	2
bemerkenswert	2
cybershopping	2
licht	2
institute	2
erwarten	2
anstieg	2
weltweiten	2
dienste	2
innerstädtischen	2
insbesondere	2
ecommerce	2
jahre	2
völlig	2
pharmaunternehmen	2
internetapotheke	2
leverkusen	2
juristische	2
warenkorb	2
hal	2
faber	2
zugleich	2
5000	2
namen	2
prompt	2
nennen	2
wollte	2
sponsoring	2
names	2
bobo	2
meiner	2
frau	2
ganz	2
manches	2
halten	2
cyberspace	2
männer	2
begründung	2
formulierte	2
zeitpunkt	2
musiker	2
download	2
vergessen	2
songs	2
gute	2
schließt	2
klagen	2
hit	2
weg	2
whackaflack	2
journalisten	2
aktuelle	2
schnell	2
aufgreifen	2
älter	2
mir	2
feld	2
leben	2
frage	2
retten	2
bonobos	2
affen	2
ihnen	2
herum	2
mobilcomchef	2
telefonate	2
hält	2
leistungen	2
kontakt	2
verbraucher	2
ziel	2
28	2
570	2
gefragt	2
legte	2
renner	2
messe	2
uddiregistry	2
registry	2
läuft	2
text	2
benötigt	2
16400	2
japan	2
geschäftsjahres	2
jährlich	2
17	2
d2	2
düsseldorfer	2
jedes	2
fragen	2
pluta	2
abfindung	2
montag	2
sollten	2
staatsanwaltschaft	2
sprecher	2
zukunftspreis	2
mitarbeiter	2
integrierte	2
iisa	2
karlheinz	2
brandenburg	2
dipling	2
jury	2
ergebnisse	2
forschung	2
entlohnt	2
alles	2
gedacht	2
denke	2
plattenindustrie	2
oft	2
bisschen	2
volltextübersetzer	2
inhalt	2
automatische	2
durchaus	2
gar	2
programme	2
total	2
november	2
halle	2
gewünscht	2
runde	2
berufungsgericht	2
schaden	2
niemals	1
ollila	1
kommende	1
gegenwärtiger	1
ökonomischer	1
unsicherheiten	1
umsatzwachstum	1
telekomnetz	1
telefongesellschaft	1
überweisung	1
zahlungsrückständen	1
gekappten	1
leitungen	1
geschaltet	1
angeschlagene	1
zweistelligen	1
kreide	1
erwirkt	1
anschließen	1
überweist	1
insolvenzverwalter	1
bernd	1
reuss	1
eingezahlt	1
vertriebsvorstand	1
stefan	1
großbank	1
gesichert	1
offen	1
144000	1
vertragskunden	1
abschaltung	1
zurückgewonnen	1
telekomsprecher	1
stephan	1
broszio	1
zahlungsrückstände	1
90	1
angab	1
bezifferte	1
stünde	1
callbycallgebühren	1
auftrag	1
einziehen	1
telekomsprechers	1
beschluss	1
kölner	1
landgerichts	1
eingelegt	1
schuldenstand	1
abzuwarten	1
inwieweit	1
gewährleisten	1
newlove	1
stößt	1
gegenliebe	1
tückische	1
verbreitet	1
usantivirenherstellers	1
symantec	1
schadensmeldungen	1
eingegangen	1
infiziert	1
finanzagentur	1
bloomberg	1
berichtete	1
tausenden	1
befallenen	1
bundesamt	1
informationstechnik	1
berichtet	1
internetseite	1
meldungen	1
erstaunt	1
seinem	1
vorgänger	1
verbreiten	1
emailattachments	1
aufregung	1
vbsloveletter	1
ausfälle	1
vorsichtsmaßnahmen	1
schaltete	1
bürowarenhändler	1
staples	1
emailsystem	1
ausbreitung	1
verhindern	1
trotzdem	1
versuch	1
vbscript	1
realisierten	1
emailanhängsel	1
privatanwendern	1
firmennetze	1
anzugreifen	1
beachten	1
prinzipiell	1
ausführbaren	1
starten	1
explizit	1
verabredet	1
mail	1
bekannten	1
stammt	1
unverfänglichen	1
subject	1
daherkommt	1
emailpartner	1
opfer	1
wurms	1
visualbasicskripten	1
klassischen	1
programmen	1
exe	1
com	1
reihe	1
weiterer	1
dateitypen	1
potenziell	1
gefährlich	1
voran	1
officedokumente	1
doc	1
xls	1
bekannte	1
arten	1
bildschirmschoner	1
scr	1
shellscrapdateien	1
shs	1
vorsicht	1
dateiendungen	1
angezeigt	1
emailprogramme	1
dateiendung	1
dar	1
virenschutzsoftware	1
downloadangebote	1
virenschutzseite	1
onlinebuchverkäufe	1
steigt	1
verkauften	1
verlegers	1
übers	1
gemessen	1
gesamtmarkt	1
buchhändlertagen	1
leipzig	1
marktteilnehmer	1
wachstumsraten	1
verzeichnen	1
vorstandsmitglied	1
bibliographischen	1
institut	1
brockhaus	1
vorsitzender	1
arbeitskreis	1
elektronisches	1
akep	1
börsenverein	1
buchhandels	1
wachsenden	1
internetbenutzern	1
20millionengrenze	1
fortbildung	1
tun	1
fit	1
fürs	1
komme	1
jedermann	1
billig	1
ircchatserver	1
sperren	1
chatserver	1
relay	1
chat	1
surf1	1
berührt	1
tdialinnet	1
zwischenhändlern	1
maßnahmen	1
administratoren	1
massenhaften	1
jochen	1
kaiser	1
administrator	1
universität	1
kill	1
line	1
augenblick	1
einzig	1
methode	1
abuse	1
flatrateanbindungen	1
vorzugehen	1
ständige	1
denialofserviceattacken	1
ircchannel	1
ircstealthnet	1
ircwebbernetnet	1
ircfunetfi	1
klines	1
resellerdomain	1
betreiber	1
servern	1
streik	1
drohende	1
schließung	1
chatnetzes	1
zunehmender	1
sabotage	1
erklärung	1
getroffenen	1
tipconnectreseller	1
ircservers	1
uni	1
weiterverkäufer	1
vorkommnisse	1
abzumahnen	1
mittels	1
unabhängig	1
globale	1
shellprovider	1
mahnen	1
meist	1
betreiben	1
abzuwenden	1
zeigen	1
etliche	1
begeistert	1
ircadministratoren	1
überlegen	1
sanktion	1
lockern	1
dutzende	1
tipconnect	1
verwenden	1
nachmittag	1
startete	1
liveübertragung	1
eröffnung	1
klügsten	1
köpfe	1
kreativsten	1
denker	1
veranstalter	1
diskutieren	1
zählt	1
übertragt	1
abschlussveranstaltungen	1
natürliche	1
ressourcen	1
gegenseitiger	1
abhängigkeit	1
16	1
live	1
player	1
notwendig	1
interessierte	1
portalsite	1
kundtun	1
zusammenfassungen	1
perfekt	1
französische	1
mischkonzern	1
kauft	1
kanadischen	1
getränkegiganten	1
studios	1
spirits	1
wine	1
fusionsgespräche	1
paytvanbieter	1
canal	1
49	1
franzosen	1
airtouch	1
aufbau	1
portals	1
mobilen	1
vorgehen	1
aol	1
suchte	1
einiger	1
passenden	1
rupert	1
news	1
corporation	1
platzten	1
geforderten	1
vivendichef	1
verhandelte	1
managementstruktur	1
fusion	1
aktientausch	1
wobei	1
seagramaktie	1
7735	1
bewertet	1
aufsichtsratsvorsitzender	1
ceo	1
fungieren	1
posten	1
stellvertretenden	1
aufsichtsratsvorsitzenden	1
aktivitäten	1
internetbranche	1
zuständig	1
schnellstmöglich	1
seagrams	1
getränkesparte	1
sucht	1
surfern	1
helfen	1
smartsurfer	1
sofort	1
surfen	1
billiger	1
klinkt	1
dfünetzwerk	1
9x	1
schlägt	1
anhand	1
tabelle	1
aktuellen	1
providertarife	1
saugt	1
webdeserver	1
kbyte	1
groß	1
leastcostrouterprogramm	1
internetnutzung	1
nützliches	1
usern	1
ständig	1
onlinetarifrecher	1
bemühen	1
bares	1
hilft	1
echter	1
scheitert	1
liste	1
nächstgünstigeren	1
heraussuchen	1
überprüften	1
vorabversion	1
beharrte	1
abends	1
yahoo	1
289	1
planet	1
interkom	1
internetbycalltarif	1
vergangene	1
reduziert	1
stets	1
tagesaktuelle	1
sparpotenzial	1
fällt	1
sorgfalt	1
pflegt	1
general	1
packet	1
radio	1
testphase	1
mobilfunktechnik	1
ausprobieren	1
verfügbar	1
mobilfunknetz	1
isdngeschwindigkeit	1
endausbau	1
maximal	1
1152	1
paketorientierte	1
technischer	1
abrechnungen	1
datenvolumens	1
gprsabrechnungsmodell	1
technikchef	1
tmobil	1
paradigmenwechsel	1
mobilfunk	1
schauen	1
ausgehen	1
gprsmobilfunk	1
datenmengen	1
abrechnen	1
wählverbindungen	1
machbar	1
gprsmobilnetzbetreiber	1
gprsübertragungen	1
normalerweise	1
unerwünschte	1
ausschließen	1
aufwändige	1
verschlüsselungsverfahren	1
gprsgerät	1
eingebucht	1
empfangsbereit	1
dauerhaft	1
teuren	1
sprachkanäle	1
belegen	1
gprsstart	1
75	1
fläche	1
versorgt	1
spätsommer	1
nahezu	1
bundesweit	1
aufrüstung	1
investierte	1
telekomtochter	1
sozusagen	1
vorläufer	1
umts	1
betrachtet	1
übertragungsraten	1
mbits	1
zuversichtlich	1
begehrten	1
umtskonzessionen	1
wichtigen	1
märkten	1
verfügen	1
one2one	1
kundenzahl	1
36	1
91	1
gleiche	1
zuwachs	1
gegenwärtig	1
13	1
vorgestellt	1
bestellen	1
umfasst	1
suchfunktion	1
topsellerlisten	1
kundenwertungen	1
empfehlungen	1
potenzielle	1
registriert	1
durchführen	1
seines	1
benutzerkontos	1
mobiltelefon	1
emailadresse	1
passwort	1
durchgeführte	1
testbestellung	1
dauerte	1
somit	1
wapgebühren	1
partner	1
epluswapportal	1
netzbetreiber	1
vermutlich	1
freischalten	1
amazoncom	1
mobiles	1
palmviibenutzer	1
kurz	1
sprintinternethandys	1
englischen	1
niederlassung	1
amazonuk	1
amazon	1
smsfeedback	1
aktiviert	1
bestellbestätigungen	1
zurückzusenden	1
beansprucht	1
unmöglich	1
mehrerer	1
britischer	1
darunter	1
uspatent	1
britische	1
telekomkonzern	1
vorläufern	1
1976	1
oberste	1
postbehörde	1
fassung	1
1980	1
ökonomischen	1
verwunderlich	1
ökonomische	1
world	1
wide	1
web	1
britischen	1
verborgen	1
blieb	1
informationshandhabungssystem	1
entfernten	1
ort	1
angefordert	1
telefonnetz	1
terminalgerät	1
übertragen	1
bedeute	1
hyperlink	1
detail	1
ausgeführt	1
untersucht	1
2006	1
ausläuft	1
kommerziell	1
btsprecherin	1
reaktion	1
usprovider	1
abhängen	1
vernünftige	1
lizenzgebühr	1
möglichkeit	1
solches	1
beanspruchen	1
lande	1
bestätigten	1
kontaktiert	1
bezweifeln	1
patentrechtsexperten	1
juristischen	1
gefechten	1
gegenübersehen	1
weisen	1
britishtelecompatent	1
existiert	1
interpretation	1
dadurch	1
aufgehoben	1
bestimmung	1
genannten	1
prior	1
unwirksam	1
nachgewiesen	1
patentinhaber	1
einreichung	1
eingesetzt	1
streiten	1
informationsethik	1
datenfreiheit	1
rauschenden	1
ging	1
weltingenieurstags	1
3500	1
44	1
debattierten	1
motto	1
standen	1
internationale	1
forum	1
frauen	1
naturwissenschaften	1
zahlenmäßig	1
stärkster	1
kongressteil	1
kommunikation	1
erlebte	1
referate	1
entwickelte	1
chinesische	1
informatikprofessor	1
yixin	1
zhong	1
kommunikationstheorie	1
appell	1
endete	1
beschützen	1
pornographie	1
hackertum	1
unmäßige	1
politische	1
diskussionen	1
bannen	1
gegenstück	1
modell	1
lieferte	1
philippe	1
queau	1
informatikdirektor	1
interessen	1
abhänge	1
anliegen	1
habenichtse	1
transportiere	1
bildeten	1
ingenieursmemorandum	1
unescodokument	1
informatikingenieure	1
arbeitsgruppen	1
economic	1
availability	1
security	1
reality	1
virtuality	1
education	1
bearbeiteten	1
unversehens	1
textual	1
visual	1
based	1
action	1
forderung	1
zensur	1
verletzend	1
illegal	1
arbeitsgruppe	1
datensicherheit	1
einrichtung	1
unescoüberwachungsausschusses	1
ungehinderte	1
verbreitung	1
verschlüsselungstechniken	1
bürger	1
sicherstellen	1
allgemeine	1
verfügbarkeit	1
sterblichkeitsstatistiken	1
regierungskritik	1
aufgaben	1
unescoabteilung	1
gehören	1
workshop	1
heftig	1
gestritten	1
copyrights	1
präambel	1
gekippt	1
veranstaltern	1
vorlage	1
fordert	1
suchmaschinen	1
informationsfilter	1
erfinden	1
verfügbaren	1
internetwissen	1
knowledge	1
destillieren	1
nix	1
schwör	1
alchemie	1
stärken	1
weltingenieurstag	1
2004	1
shanghai	1
2008	1
brasilia	1
usmobilfunker	1
mobilfunkunternehmen	1
abgegeben	1
20560	1
diskutierten	1
transaktion	1
aktien	1
bar	1
voicestreamaktienkurs	1
übernahmespekulationen	1
nachbörslichen	1
handel	1
14550	1
16969	1
geschossen	1
wirtschaftsblatts	1
stellung	1
interesse	1
nachgesagt	1
junge	1
akquisitionen	1
gewachsen	1
mobilfunkdienste	1
gsmstandards	1
üblichen	1
1900	1
mhz	1
vereinigten	1
staaten	1
229	1
böte	1
guten	1
einstieg	1
usmobilfunkmarkt	1
konzerne	1
ähnlich	1
telefonkonzerns	1
europäischen	1
mobilfunkmarkt	1
kpn	1
hutchison	1
whampoa	1
verbandelt	1
usberichten	1
beteiligen	1
welche	1
option	1
ließ	1
usgesellschaft	1
näher	1
voicestreamübernahme	1
tagesordnung	1
abgesetzt	1
londoner	1
financial	1
times	1
befürchtungen	1
unterschiedlicher	1
preisvorstellungen	1
platzen	1
sitzung	1
beraten	1
stattfinden	1
voicestreammanagement	1
oben	1
treiben	1
käme	1
bieterwettstreit	1
deutscher	1
entgegen	1
womit	1
begann	1
datenrate	1
standardisierungsprozess	1
ägide	1
ieeetaskforce	1
8023ae	1
alliance	1
standard	1
mitglieder	1
spezifikation	1
verabschiedet	1
klar	1
netzwerktechnik	1
8023macprotokoll	1
gehend	1
üblichem	1
kupferkabel	1
twistedpairkabel	1
techniker	1
festlegung	1
layers	1
dependent	1
sublayer	1
anbindung	1
glasfasernetze	1
diverse	1
vorgeschlagen	1
überbrückbare	1
distanz	1
10gbethernet	1
metern	1
kilometer	1
ausgedehnt	1
wavelength	1
division	1
multiplexing	1
wdm	1
1350	1
seriell	1
fanden	1
notwendige	1
mehrheit	1
ieeegremium	1
definierte	1
optionalen	1
existierenden	1
sonettechniken	1
synchronous	1
optical	1
network	1
zusammenarbeiten	1
verabschiedeten	1
überbrückung	1
langer	1
geeignet	1
850nmpmds	1
meter	1
einsetzbar	1
billigere	1
komponenten	1
ermöglichten	1
spezielle	1
unklar	1
hören	1
ieee	1
einrichten	1
speziell	1
themas	1
annehme	1
wahrscheinlicher	1
treffen	1
entschieden	1
einfacher	1
nutzbar	1
netzwerkgigant	1
steigert	1
weltgrößter	1
netzwerk	1
101	1
steigern	1
732	1
übertraf	1
stiegen	1
881	1
berücksichtig	1
operative	1
einmalige	1
ausgaben	1
geschäftsquartal	1
301	1
unzählige	1
firmenübernahmen	1
kaufte	1
weiteres	1
fortgesetzte	1
ausgelagerte	1
produktlinien	1
zuwächse	1
ausgezeichnete	1
verkäufe	1
datennetze	1
equipment	1
dämpfte	1
vierte	1
quartalen	1
ursprünglichen	1
schwächen	1
klassischem	1
umsätzen	1
lucents	1
beitrage	1
optimistisch	1
steigende	1
optischen	1
netzen	1
ausgleichen	1
vorstellung	1
berichte	1
mitte	1
bereich	1
mikroelektronik	1
selbstständige	1
auslagern	1
sparte	1
chips	1
laser	1
kommunikationsgeräte	1
herstellt	1
181	1
vermelden	1
analysten	1
ausgliederung	1
bereichs	1
spülen	1
angekündigt	1
komplette	1
telefonanlagen	1
netzwerkverkabelung	1
geräten	1
lokale	1
netzwerke	1
eigenes	1
auszulagern	1
verselbstständigung	1
equipmentbereichs	1
telefongiganten	1
att	1
hervorgegangen	1
verbesserungen	1
problemen	1
beeindruckt	1
lucentzahlen	1
reduzierten	1
kommenden	1
quartale	1
zweifeln	1
börsianern	1
auslagerungspläne	1
mutterkonzern	1
weiterhelfen	1
kurs	1
lucentaktie	1
persönliche	1
zieht	1
stecker	1
endet	1
aodipilotprojekt	1
genannt	1
regelbetrieb	1
rosa	1
riesen	1
vorgesehen	1
gezeigt	1
leistungsmerkmale	1
bandbreiten	1
wünscht	1
kündigungsschreiben	1
teilnehmer	1
pilotversuchs	1
verschickt	1
byte	1
sekunde	1
24	1
automatisch	1
gekappt	1
chatten	1
reicht	1
allemal	1
verlangt	1
monatspauschale	1
laufende	1
verbindungsgebühren	1
fallen	1
langsame	1
dauerbetrieb	1
funktionierte	1
cttest	1
siehe	1
artikel	1
donline	1
internetstandleitung	1
ausgabe	1
102000	1
s	1
154	1
befriedigend	1
dynamische	1
zuschaltung	1
bkanäle	1
überzeugen	1
bkanal	1
alleine	1
erzielte	1
kombination	1
b	1
teilnehmern	1
pilotprojekts	1
1	1
august	1
umstieg	1
tdsl	1
dankeschön	1
tester	1
telefongutschrift	1
betroffene	1
httpwwwtelekomdekatalogonlinetisdnactivemail	1
informieren	1
telecomkonzern	1
handygeschäft	1
gerutscht	1
einschluss	1
rationalisierungskosten	1
sogar	1
216	1
678	1
belief	1
110	1
138	1
122	1
netzwerkausrüstung	1
schrumpften	1
103	1
65	1
aussichten	1
geratene	1
handybranche	1
konzernchef	1
kurt	1
hellström	1
pessimistisch	1
flaches	1
mäßiges	1
wachstum	1
branchenkreisen	1
hinter	1
motorola	1
viertgrößte	1
münchener	1
platz	1
behaupten	1
handyproduktion	1
flextronics	1
verlusten	1
handysparte	1
streichung	1
10000	1
unangefochtene	1
marktführer	1
helsinki	1
gewinnrückgang	1
verkündet	1
itflaute	1
absatzflaute	1
itsektor	1
einst	1
konjunkturschwankungen	1
pcgeschäfts	1
relativ	1
unberührte	1
schwächeln	1
gewinns	1
720	1
vierten	1
88	1
ausklammerung	1
134	1
717	1
183	1
157	1
vorjahr	1
fiel	1
927	1
zuvor	1
klammert	1
nunmehr	1
schlechte	1
konjunkturschwäche	1
scott	1
flockige	1
nie	1
verlegen	1
trickkiste	1
greifen	1
positive	1
seiten	1
abzugewinnen	1
beispielloser	1
wirtschaftlicher	1
herausforderungen	1
hauptkonkurrenten	1
marktanteile	1
abgenommen	1
erhöhte	1
anstrengungen	1
kostensenkung	1
reagiere	1
dramatischen	1
rückgang	1
itausgaben	1
bestellt	1
sachverständigen	1
patentstreit	1
umstrittenen	1
speicherentwickler	1
münchner	1
halbleiterhersteller	1
mannheim	1
vertagt	1
willen	1
vorsitzenden	1
richters	1
detlef	1
schmukle	1
sachverständiger	1
technischen	1
einzelheiten	1
streits	1
speicher	1
speicherhersteller	1
angeblicher	1
patentverletzungen	1
europa	1
rambusanwalt	1
klötzel	1
vorliegenden	1
europäisches	1
rambuspatent	1
herstellung	1
entwickelt	1
lizenzen	1
produktion	1
produktionsstätten	1
verfügt	1
patenteinnahmen	1
einkünfte	1
lizenzeinnahmen	1
speicherchipherstellern	1
wann	1
fortgesetzt	1
mai	1
ähnlichen	1
bezirksgericht	1
richmond	1
virginia	1
schwere	1
niederlage	1
erlitten	1
richtern	1
abgewiesen	1
schadensersatz	1
verurteilt	1
verweigerte	1
italienisches	1
lizenzansprüche	1
usspeicherchiphersteller	1
koreanischen	1
hyundaikonzern	1
nachrichten	1
reißen	1
hamelner	1
zahlungsunfähig	1
amtsgericht	1
hameln	1
mittel	1
ausreichend	1
verbindlichkeiten	1
nachzukommen	1
sanierung	1
weitergeführt	1
bilanzbereinigung	1
branchensituation	1
begründet	1
aktionärsbrief	1
geschrieben	1
großem	1
baubranche	1
abhängig	1
softwarelösungen	1
spezialisiert	1
beliefert	1
55000	1
20002001	1
deutlich	1
höher	1
7	1
ausfallen	1
außerplanmäßige	1
beteiligungen	1
unten	1
gedrückt	1
411	1
übertroffen	1
rechtzeitig	1
beendet	1
neues	1
heranziehen	1
führung	1
strebe	1
weiterzuführen	1
umfangreiches	1
sanierungs	1
restrukturierungskonzept	1
kernkompetenz	1
profitablen	1
bereichen	1
trennen	1
filtern	1
grafik	1
homepage	1
startups	1
fließt	1
richtung	1
einleuchtende	1
erkenntnis	1
zugang	1
inhalten	1
gebühr	1
webanbietern	1
hochwertigster	1
inhalte	1
abodienste	1
neunmannunternehmen	1
ausgeschrieben	1
true	1
revenue	1
for	1
content	1
bedeutet	1
gebeutelten	1
produzenten	1
netzcontent	1
traum	1
traffic	1
inhalteerstellung	1
besuch	1
klingeln	1
fremder	1
erhielten	1
access	1
denied	1
abgespecktes	1
paying	1
customers	1
breite	1
experiment	1
system	1
gebracht	1
inhaltelieferanten	1
vertraglich	1
gebunden	1
größte	1
scandinaviaonlinese	1
einflussreiche	1
finanzdienst	1
ekonomi24	1
befindet	1
tricgründer	1
markus	1
abschließenden	1
verhandlungen	1
gespräch	1
heise	1
froh	1
gebeten	1
sähen	1
risiko	1
filter	1
längere	1
überleben	1
kunde	1
prozentual	1
angezogen	1
kommission	1
1dollarflatfee	1
zeitabhängige	1
tarife	1
abfragen	1
providerrechnung	1
laufen	1
internetanbieter	1
preise	1
erhöhen	1
winwinsituation	1
herstellen	1
technologie	1
aussperren	1
einzelner	1
grundzügen	1
verwendeten	1
webserver	1
apache	1
vorhanden	1
idee	1
zugelassenen	1
teilnehmers	1
proxyserver	1
installieren	1
anfragen	1
fremdnetzen	1
beantwortet	1
ipfilterung	1
umgangen	1
lösung	1
verschweigt	1
hacker	1
lücke	1
stopfen	1
angst	1
medienkonzernen	1
sieht	1
intermediär	1
clearing	1
house	1
mittelsmann	1
geldquellen	1
ausschau	1
haltenden	1
inhaltewirtschaft	1
onlinewerbung	1
glaubt	1
internetprovidern	1
netzzugängen	1
veritables	1
geschäftsmodell	1
besitzen	1
nennenswerte	1
generiert	1
letzteren	1
erklärt	1
abgeben	1
hängt	1
jeweiligen	1
4	1
internetusern	1
überschaubare	1
anzahl	1
webinhalteanbietern	1
lokalen	1
bedient	1
nachrichtliche	1
mindestversorgung	1
alternativen	1
zurückhaltung	1
zahlungssysteme	1
einzuführen	1
wiederholten	1
bemerkung	1
kostenloskultur	1
angebrochen	1
daran	1
erinnern	1
tonlinevorläufer	1
btx	1
sexseiten	1
99	1
compuserve	1
gesalzende	1
stundennutzungspreise	1
wusste	1
stauwarnung	1
umwelt	1
dunkel	1
brachte	1
untersuchung	1
australische	1
pendant	1
fraunhofergesellschaft	1
commonwealth	1
scientific	1
research	1
organisation	1
csiro	1
verkehrsministerium	1
durchführte	1
revolution	1
einkaufsverhaltens	1
csiroforscher	1
onlinehandel	1
1300	1
hoffnungen	1
verringerung	1
verkehrsaufkommens	1
effizientere	1
planung	1
virtualisierte	1
illusion	1
utopie	1
papierlosen	1
büros	1
folge	1
frachtaufkommen	1
überlandverkehr	1
100prozentigen	1
wirtschaftsverkehr	1
zurückgelegten	1
wegstrecken	1
rechnen	1
telematische	1
vernetzung	1
intelligenten	1
verkehrssystemen	1
bremsen	1
umschlagzeiten	1
senken	1
schwankungen	1
güterlaufzeiten	1
verringern	1
stufe	1
versorgungskette	1
echtzeitdaten	1
entsprechenden	1
optimierung	1
termin	1
routenplanung	1
erzielen	1
speditionen	1
logistikdienstleister	1
produktivitätsgewinne	1
sodass	1
güterverteilung	1
effizienter	1
verkehr	1
einflussfaktoren	1
effizienzgewinne	1
überwiegen	1
kundenerwartungen	1
sofortzustellung	1
nachfrageniveau	1
gütern	1
diensten	1
steigen	1
häufigere	1
kleinere	1
bestellungen	1
b2bhandel	1
frachtaufkommens	1
kalkulierbaren	1
güterflüssen	1
schienenverkehr	1
steigenden	1
wettbewerbsfähig	1
flexibilität	1
potenzials	1
mehrwertdienste	1
eigentlichen	1
transport	1
profitiert	1
güterverkehr	1
straße	1
kernaussage	1
csirostudie	1
hauptstadtplaner	1
berlin	1
interessieren	1
flächen	1
raumordnung	1
wachstumseuphorik	1
koalition	1
neunziger	1
zusammenbrach	1
aufs	1
falsche	1
pferd	1
gesetzt	1
einheit	1
vorhandenen	1
umschlagplätze	1
büro	1
kaufhäusern	1
freigaben	1
güterverteilzentren	1
stadtgrenzen	1
boden	1
stampften	1
wo	1
schweren	1
20tonner	1
seither	1
feinverteilung	1
geräuschvoll	1
innenstadt	1
brettern	1
apothekern	1
bekämpfen	1
hessischen	1
bad	1
vilbel	1
holländischen	1
landgraaf	1
ansässigen	1
bayer	1
gerichtsentscheid	1
durchgesetzt	1
vertreiben	1
auseinandersetzung	1
ankommen	1
niederländer	1
unterzeichneten	1
unterlassungserklärung	1
nahmen	1
freiwillig	1
stadaprodukte	1
gripostad	1
kamistad	1
unbedeutend	1
provokation	1
einzugehen	1
914	1
vorwiegend	1
verkäuflichen	1
arzneimitteln	1
verantwortung	1
stadasprecher	1
versandhandel	1
medikamenten	1
verboten	1
gerichte	1
vertrieb	1
untersagt	1
internetshop	1
dort	1
bayerprodukte	1
aspirin	1
medikamente	1
streichen	1
liege	1
urteilsbegründung	1
ausstehe	1
bayersprecherin	1
mangelndem	1
verbraucherschutz	1
arzneimittelsicherheit	1
fachliche	1
beratung	1
apotheken	1
schärfen	1
sonntägliche	1
ausblick	1
analyse	1
rück	1
vorschau	1
uma	1
thurman	1
unfähige	1
schauspielerin	1
dylan	1
versoffener	1
dichter	1
lucasarts	1
laden	1
billige	1
kintopptricks	1
thornhills	1
gratulieren	1
vater	1
thornhill	1
underground	1
archive	1
bekam	1
kind	1
website	1
taufen	1
halfi	1
half	1
halfwurst	1
rufnamen	1
mich	1
meine	1
eltern	1
standesbeamte	1
zulassen	1
praktizierten	1
mitteldeutsche	1
lautverschiebung	1
jungen	1
erdenbürger	1
iuma	1
wünsche	1
glück	1
stelle	1
first	1
schule	1
wirklich	1
mächtigen	1
mitziehen	1
yafooh	1
gefällt	1
zweifelsfall	1
bofh	1
abkürzen	1
schlimmer	1
denkt	1
moderner	1
namensgebungen	1
weitgehend	1
vergessener	1
kabarettist	1
anmerken	1
gedenken	1
all	1
skanes	1
flodas	1
nikkalas	1
billies	1
ivars	1
kinder	1
heißen	1
möbel	1
gezeugt	1
frauenverband	1
übrigens	1
spaßigen	1
geschichten	1
icann	1
sektion	1
webgrrls	1
valleys	1
sommerparties	1
schmeißt	1
willkommen	1
beschloss	1
tombolagewinnen	1
los	1
fungierende	1
bezahlte	1
eintrittsticket	1
manne	1
gelost	1
einleuchtend	1
hälfte	1
himmels	1
bestimmen	1
esonne	1
party	1
indes	1
gesehen	1
blassen	1
schimmer	1
angehen	1
höflicher	1
bertelsmanns	1
just	1
einspuchsfrist	1
cdnow	1
ablief	1
william	1
yeager	1
pressemeldung	1
gelöst	1
songsauger	1
gleichermaßen	1
lieferung	1
klängen	1
kassiert	1
parteien	1
kräftig	1
ticketingdienste	1
rockkonzerte	1
vermietet	1
werbeflächen	1
gehörigen	1
pr	1
namens	1
hardlink	1
fist	1
faustservice	1
harte	1
links	1
klingt	1
schwer	1
fetzrocker	1
stil	1
metallica	1
scheinen	1
redmond	1
ausgelastet	1
brachten	1
heraus	1
netten	1
sue	1
baby	1
one	1
more	1
time	1
erlöse	1
musikerziehung	1
schulen	1
seattle	1
findige	1
mp3tauscher	1
gatesfans	1
feilbieten	1
musikalischen	1
erbauung	1
kids	1
bill	1
gates	1
verständnis	1
bezweifle	1
song	1
with	1
your	1
linuxstick	1
ventil	1
verdruss	1
flack	1
flak	1
flugabwehrkanone	1
prarbeiter	1
moorhuhnvariante	1
specials	1
brandaktuellen	1
macher	1
wwwtwirlixde	1
dank	1
neu	1
findigen	1
internetexperten	1
innerhalb	1
tages	1
themenbezogene	1
features	1
bereitstellen	1
trends	1
wow	1
its	1
only	1
html	1
but	1
we	1
like	1
it	1
euer	1
armer	1
ganzen	1
mussten	1
geneigten	1
tickerleser	1
mittag	1
warten	1
wünschen	1
lieblingsbegriffe	1
monate	1
liegt	1
herzen	1
icontentwebsites	1
voller	1
verschwinden	1
möbelhäuser	1
livingcom	1
abtauchen	1
ikea	1
überlassen	1
value	1
america	1
anzeigenprämie	1
gründer	1
bezahlen	1
aussterben	1
bedroht	1
schöne	1
gerede	1
ökonomie	1
zoo	1
futtermittel	1
verstandesuntüchtige	1
venturekapitalisten	1
gefriergetrocknet	1
boomt	1
munter	1
linuxszene	1
bange	1
echte	1
linuxer	1
einzigartige	1
kommunikationssystem	1
sozialfreundliche	1
verhalten	1
stämme	1
ihn	1
gnomeprojekt	1
inspiriert	1
miguel	1
de	1
icaza	1
kameras	1
rot	1
jeweils	1
100000	1
linux	1
befassten	1
roten	1
erinnert	1
odyssee	1
weltraum	1
schwarzer	1
block	1
lernen	1
knochen	1
schädel	1
einzuschlagen	1
wirbelflug	1
knochens	1
beeindruckte	1
mathematiker	1
schrieb	1
flugbahn	1
errechnen	1
mathematica	1
beobachter	1
befürchten	1
milliardensummen	1
versteigerung	1
finanzminister	1
hans	1
eichel	1
gespült	1
erhöhung	1
mobilfunkgebühren	1
hohe	1
einführung	1
handytechnik	1
gerhard	1
markige	1
enfant	1
terrible	1
angesehen	1
derversteigerung	1
kostenlos	1
bild	1
gebührenmodellen	1
vorstellungen	1
telefonkunde	1
via	1
werben	1
verkaufen	1
verdienen	1
geschäftspartnern	1
mobilcom	1
kalkuliert	1
handybenutzer	1
umfrage	1
zufolge	1
veröffentlichten	1
erhebung	1
wirtschaftszeitung	1
nihon	1
keizai	1
shimbun	1
führenden	1
mobiltelefonkonzernen	1
forschungsagenturen	1
weltbevölkerung	1
besitz	1
mobiltelefons	1
milliarde	1
vertragsnehmer	1
mobiltelefondiensten	1
gsmformat	1
zähle	1
330	1
60	1
japans	1
cdmaprotokoll	1
67	1
nordamerika	1
verbreitete	1
tdmaformat	1
48	1
kämen	1
filesharingnetze	1
gnutella	1
plattenlabels	1
fürchten	1
lehren	1
musikbranche	1
musikmesse	1
anschluss	1
onlinezeitalter	1
gesucht	1
vorsitzende	1
bundesverbandes	1
phonographischen	1
m	1
stein	1
beschwor	1
kompetenz	1
gebraucht	1
gerade	1
fähigkeit	1
talente	1
entdecken	1
fördern	1
vermarkten	1
bertelsmannchef	1
hingegen	1
beschwörungsformeln	1
belassen	1
digitalen	1
alltag	1
kongress	1
betitelte	1
erstmals	1
verzeichnet	1
schallplatten	1
musikkassetten	1
1998	1
verkraften	1
verdanke	1
musikern	1
santana	1
tom	1
jones	1
toten	1
hosen	1
buena	1
vista	1
social	1
club	1
szene	1
lorbeeren	1
auszuruhen	1
phonoindustrie	1
bewegen	1
situation	1
erfordere	1
totales	1
umdenken	1
konsument	1
kompromissbereit	1
universalchef	1
tim	1
label	1
entsprechende	1
mache	1
suche	1
plattenfirmen	1
müssten	1
serviceunternehmen	1
künstler	1
majors	1
voraus	1
popkommgeschäftsführer	1
uli	1
großmaas	1
registrierte	1
wesentlichen	1
annäherung	1
zeigten	1
teilnehmerzahlen	1
924	1
ausstellern	1
200	1
onlinefirmen	1
bmg	1
stellte	1
plattenlabel	1
kooperation	1
gesamtes	1
digitalisieren	1
onlinebetreiber	1
getauscht	1
musikfans	1
kriminelle	1
nein	1
unterstrich	1
vergleich	1
verwehrte	1
gerd	1
gebhart	1
plattenfirma	1
wea	1
gangster	1
hehler	1
entwicklerkonferenz	1
solutions	1
san	1
francisco	1
bereitstellung	1
privaten	1
entwicklern	1
webservices	1
testen	1
description	1
discovery	1
integration	1
verteilte	1
betrieben	1
grunde	1
liegende	1
uddistandard	1
initiative	1
ariba	1
gerufen	1
erfreut	1
breiter	1
unterstützung	1
befähigen	1
webdienste	1
websphere	1
application	1
db2	1
unterstützt	1
zwanzig	1
soapbasierten	1
apis	1
uddispecification	1
speichert	1
publizierten	1
services	1
relationalen	1
datenbank	1
paket	1
grafisches	1
webfrontend	1
publizierung	1
uddientitäten	1
programmierung	1
überwacht	1
nachrichteneingang	1
lotus	1
notes	1
ferrari	1
electronic	1
kostenloses	1
eingegangene	1
mails	1
faxe	1
unbearbeitet	1
notespostfach	1
einstellbaren	1
zentralen	1
netzwerkdrucker	1
ausdruckt	1
anderes	1
postfach	1
weiterleitet	1
überwachungsprozess	1
beliebig	1
mitarbeitergruppen	1
eingerichtet	1
gruppen	1
dokumententyp	1
fax	1
festlegen	1
überwachen	1
erstellt	1
optional	1
faxattachments	1
dcx	1
pdfformat	1
ausdrucken	1
nt	1
notesclient	1
zugriff	1
dominoserver	1
lese	1
schreibrechte	1
überwachenden	1
postfächer	1
umstrukturierung	1
zeitungen	1
streicht	1
dienstleistungen	1
abbau	1
neun	1
180000	1
trifft	1
hauptsächlich	1
wegfallen	1
softwarebereich	1
20032004	1
69	1
betriebsgewinn	1
ausmachen	1
verstärktem	1
hardwarebereich	1
zurückziehen	1
21100	1
verlegt	1
gestrichen	1
elektronikkonzern	1
mitteilte	1
restrukturierungsplans	1
yen	1
900	1
eingespart	1
kürzlich	1
390	1
ausgewiesen	1
umstrukturierungskosten	1
schwachen	1
marktes	1
gruppenverlust	1
vorhaben	1
umfangreichsten	1
stellenabbaupläne	1
beschäftigte	1
lebenslangen	1
beschäftigung	1
hängen	1
experten	1
absatzrückgangs	1
gezwungen	1
fujitsus	1
folgen	1
nec	1
zusammenarbeit	1
matsushitagruppe	1
internetfähigen	1
telekommunikationsgeschäft	1
reduzierte	1
präsentiert	1
glänzende	1
italienischen	1
festnetzfirma	1
infostrada	1
österreichischen	1
telefonfirma	1
telering	1
teilerlös	1
industriesparte	1
atecs	1
89	1
zeitraum	1
456	1
italienische	1
mobilfunker	1
omnitel	1
mobilfunkers	1
337	1
mitarbeiterzahl	1
mannesmanngruppe	1
28900	1
kundenbestand	1
wuchs	1
217	1
aktienkapital	1
anderthalb	1
übernahmeschlacht	1
994	1
abgeführt	1
ausgleich	1
hierfür	1
7400	1
außenstehenden	1
aktionäre	1
garantiedividende	1
1177	1
übernahmeangebot	1
20653	1
satzungsänderung	1
geplant	1
aktionärsschutzer	1
geschäftsführer	1
schutzvereinigung	1
wertpapierbesitz	1
jörg	1
ausgeschiedene	1
vorstandsmitglieder	1
beleuchten	1
personenkreis	1
berechnungen	1
anerkennung	1
auszahlung	1
pensionsrückstellungen	1
geflossen	1
aufsichtsratschef	1
joachim	1
funk	1
entlastet	1
affäre	1
bestechlichkeit	1
mannesmannübernahme	1
igmetallchef	1
ermittelt	1
zwickels	1
rolle	1
mitglied	1
aufsichtsrats	1
esser	1
festgesetzt	1
zusätzlich	1
anerkennungsprämie	1
spiegel	1
igmetallsprecher	1
untreuevorwurf	1
zurückgewiesen	1
ig	1
metall	1
rechtsanwalt	1
einschalten	1
igmetall	1
claus	1
eilrich	1
bekräftigte	1
keinem	1
unsauberen	1
geschäften	1
mitgewirkt	1
mp3erfinder	1
ausgezeichnet	1
schaltungen	1
profdr	1
harald	1
popp	1
codierung	1
akustischer	1
signale	1
verdichtung	1
datenstromes	1
komprimierung	1
qualitätsverlust	1
erzielt	1
weltstandard	1
wettbewerbsfähigkeit	1
einschlägigen	1
gestärkt	1
bundespräsident	1
johannes	1
rau	1
verbindet	1
hoffnung	1
besondere	1
spitzenleistungen	1
erfolgreiche	1
weiterentwicklung	1
deutschlands	1
bewusstsein	1
entscheiden	1
maßgeblich	1
komprimierungsrate	1
audioqualität	1
mp3dateien	1
hob	1
mp3standards	1
hervor	1
interview	1
verleihung	1
preises	1
gingen	1
wissenschaftler	1
entwicklungsgeschichte	1
urheberrecht	1
angeblich	1
gefährdet	1
selbstverständlich	1
denkarbeit	1
philosophie	1
schön	1
leute	1
finanziell	1
leisten	1
geistige	1
privat	1
freund	1
angegriffen	1
werkzeuge	1
raubkopieren	1
denjenigen	1
behindern	1
kontrolle	1
eigentum	1
schützt	1
versuchen	1
methoden	1
schaffen	1
schutz	1
ermöglichen	1
heinz	1
gerhäuser	1
leiter	1
anfängen	1
mp3entwicklung	1
wettbewerb	1
hart	1
gearbeitet	1
konkurrenz	1
isompegmeeting	1
kollege	1
vorgehalten	1
rücksichtsvoll	1
fair	1
wettbewerbern	1
umgehen	1
vergeben	1
500000	1
dotiert	1
bestimmt	1
preisträger	1
preisträgerin	1
kreis	1
einrichtungen	1
bewerbung	1
wissenschaftlern	1
nominiert	1
physiker	1
wolfeckhart	1
bulst	1
autarker	1
funksensoren	1
externe	1
energievesorgung	1
auskommen	1
georg	1
holzhey	1
hartmut	1
wurster	1
hanspeter	1
hofmann	1
haindl	1
papier	1
gmbh	1
co	1
kg	1
prozesse	1
papierherstellung	1
ernst	1
wilhelm	1
otten	1
werner	1
heil	1
johannesgutenberguniversität	1
mainz	1
helium3kernspintomographie	1
lunge	1
2220	1
strahlt	1
zdf	1
aufzeichnung	1
gestrigen	1
donnerstagabend	1
unbekannten	1
sprache	1
erfassen	1
taugen	1
übersetzungsprogramme	1
perfekte	1
ergab	1
test	1
werbetexten	1
mitunter	1
wahre	1
wunderdinge	1
versprochen	1
einfache	1
hervorragende	1
verheißen	1
solcher	1
leider	1
mangelt	1
jeglichem	1
sozialen	1
hintergrund	1
verstehen	1
vorgegebene	1
routinen	1
keines	1
menschlichen	1
übersetzer	1
hofft	1
druckreife	1
handbuchs	1
produzieren	1
enttäuscht	1
überlässt	1
pc	1
selten	1
abstruse	1
textfragmente	1
outstanding	1
amount	1
hervorragender	1
lustig	1
unkontrollierter	1
geschäftsbriefen	1
unangenehme	1
nebeneffekte	1
erzeugen	1
sinnvolle	1
jeden	1
vorbereiten	1
wurmsätze	1
mutieren	1
übersetzungsprogrammen	1
langen	1
meistens	1
unverständlichen	1
wurmsätzen	1
komplizierte	1
satzstellungen	1
umgangssprache	1
verkürzte	1
gilt	1
vermeiden	1
überblick	1
grammatikalische	1
form	1
programmes	1
brauchbar	1
geschäftsbrief	1
600	1
nachbearbeitung	1
textes	1
meisten	1
expoteilnehmerländer	1
mag	1
dänische	1
generalkommissar	1
ole	1
denken	1
vorbei	1
expoländer	1
wehmütig	1
unweigerlich	1
tore	1
kollektive	1
depression	1
verfallen	1
trost	1
guter	1
erinnerung	1
wunderbar	1
gelaufen	1
frieden	1
gelebt	1
erwartetes	1
endergebnis	1
18	1
besuchern	1
riesige	1
freut	1
gelände	1
leer	1
gefegt	1
wirkte	1
schwierig	1
wenige	1
schlechtes	1
wetter	1
presse	1
fasst	1
däne	1
ursprüngliche	1
prognosen	1
gästen	1
ausgegangen	1
psychologische	1
kennt	1
vermutet	1
plötzlich	1
warteschlangen	1
tagesbesucher	1
3000	1
20000	1
expomonaten	1
vordergrund	1
gestanden	1
keiner	1
lust	1
wallatova	1
leichtfüßiger	1
sache	1
gegangen	1
gesagt	1
lasst	1
feiern	1
publikumsmagneten	1
besuchermangel	1
höchst	1
annakaisa	1
heikkinen	1
finnischen	1
23	1
präsentieren	1
wichtiges	1
signal	1
afrikahalle	1
gehörte	1
beginn	1
publikumsfavoriten	1
stand	1
profitieren	1
erzählt	1
victor	1
rugemalia	1
pavillondirektor	1
tansania	1
jonathan	1
simwawa	1
sambias	1
ergänzt	1
sambia	1
tourismusland	1
wirtschaftsstandort	1
ähnliche	1
erfahrungen	1
jill	1
sumption	1
südafrikanischen	1
pavillons	1
tadschikistan	1
26	1
erfüllt	1
geschäftsleuten	1
potenziellen	1
ärgert	1
gestohlen	1
ausstellungsstücke	1
kleidung	1
vasen	1
puppen	1
spurlos	1
verschwunden	1
gastgeberland	1
betreut	1
nennt	1
hannover	1
typisch	1
deutsch	1
regeln	1
streng	1
eingehalten	1
mensch	1
natur	1
inhaltlichen	1
aspekten	1
beste	1
kennen	1
gelernt	1
vier	1
kulturprogramm	1
nationentage	1
wertet	1
besten	1
künstlern	1
gekommen	1
mitgliedern	1
bundesregierung	1
expobesuche	1
minister	1
weltausstellungen	1
drauf	1
nationentagen	1
häufigeren	1
ministerbesuch	1
expowelt	1
präsidentschaftskandidat	1
kommentiert	1
fernsehinterview	1
usstation	1
cnbc	1
äußerte	1
george	1
w	1
kandidat	1
republikaner	1
anstehenden	1
uspräsidentschaftswahlen	1
vorsichtige	1
bedenken	1
kartellprozess	1
usregierung	1
ziehe	1
rechtsstreitigkeiten	1
interviewers	1
schwebenden	1
äußern	1
anschließend	1
fügte	1
hinzu	1
sagen	1
grundsätzliche	1
erstickt	1
beobachtern	1
eindeutigste	1
aussage	1
uspräsidentschaftskandidaten	1
lasse	1
schließen	1
negativ	1
bundesstaat	1
washington	1
hauptquartier	1
unterhält	1
bundesstaaten	1
entscheidung	1
präsidentschaftswahl	1
dürften	1
microsoftmitarbeiter	1
kampagne	1
al	1
gore	1
demokratischen	1
engagieren	1
aussprechen	1
microsofts	1
haltung	1
unterstütze	1
zurückzuziehen	1
erlauben	1
präsidentschaftswahlen	1
regierung	1
vehemenz	1
betreibt	1
justizministerium	1
clinton	1
getan	1
zwischenzeit	1
kartellverfahren	1
stattfindet	1
überlegt	1
sachen	1
14	1
michael	1
h	1
hites	1
chief	1
technology	1
officer	1
illinois	1
