של	255
את	200
על	157
כי	133
לא	71
הוא	47
אמר	41
עם	38
ישראל	30
בין	29
כדי	28
ביום	27
היא	26
כל	26
גם	26
עיראק	26
עד	24
לאחר	23
זה	22
אם	20
נגד	20
בן	20
אין	19
כך	19
אלה	19
מקורות	19
שלא	18
שני	18
האוצר	18
פעולה	17
השבוע	17
מדא	17
הם	16
הממשלה	16
היה	16
מיליארד	16
אתמול	16
זאת	15
לפני	15
אך	15
חברת	15
הביטחון	14
אחד	14
היום	14
ועדת	14
ביותר	14
דולר	14
שקאר	14
מיליון	13
חכ	13
הבריאות	13
או	13
החשמל	13
וולסטון	13
במפרץ	12
שתי	12
האחרונים	12
יהיה	12
לו	12
הראל	12
עוד	12
יור	12
שקלים	12
השוטרים	12
כוחות	12
ארהב	11
בסוף	11
אולם	11
זו	11
משרד	11
בימים	11
הבנק	11
היו	11
ששי	11
הממשל	10
לה	10
ללא	10
בירושלים	10
שר	10
כה	10
אני	10
בית	10
העיתון	10
הצבאי	9
בעיקר	9
איגוד	9
באחרונה	9
יותר	9
אל	9
היתה	9
המים	9
בריהם	9
ברנע	9
החומר	9
הבחירות	9
קשה	9
המנהלים	9
הדין	9
באופן	8
שבו	8
יש	8
דר	8
רבים	8
ידי	8
בכל	8
הכוחות	8
בוואשינגטון	8
השנה	8
אותו	8
נוסף	8
חמישי	8
אינו	8
המלך	8
אשר	8
ראש	8
החוץ	8
העובדים	8
הכנסת	8
החולים	8
בכיר	8
נוסייר	8
ימים	8
מן	8
אמש	8
אמרו	8
הצבאית	8
מועצת	8
בייקר	8
האמריקאי	7
כמה	7
המדינות	7
מאוד	7
בלבד	7
לכך	7
לבצע	7
רק	7
רב	7
במהלך	7
החליטה	7
בנק	7
בשבוע	7
לצורך	7
להארץ	7
החליט	7
יכול	7
אדם	7
ממשלה	7
כולל	7
עקב	7
הודו	7
מגן	7
להם	7
פרוף	7
בארהב	7
שעבר	7
בני	7
תוך	7
הביטוח	7
ועל	7
גורבצוב	7
הנשיא	7
מהם	7
נפצע	7
בושוויץ	7
בכך	6
במקרה	6
בכירים	6
מאות	6
לגרום	6
בכוח	6
בעוד	6
תיקי	6
חוץ	6
מנהל	6
שלו	6
לבית	6
עדיין	6
שם	6
נוספים	6
במדינה	6
צעד	6
לכל	6
נאמר	6
בו	6
פי	6
שלושה	6
משום	6
החברה	6
מנכל	6
הצעה	6
הרופאים	6
להיות	6
תנאי	6
בעלי	6
להעלות	6
אלימות	6
יורק	6
אחר	6
כאשר	6
מסרו	6
טרם	6
שימוש	6
תהיה	6
בהם	6
למקורות	6
עלידי	6
בעיר	6
עליו	6
גדול	6
רוב	6
רקע	6
בבית	6
המשטרה	6
הקרן	6
חאגבי	6
הדוקר	6
גבעתי	6
לערער	6
לשיתוף	5
לעומת	5
מבלי	5
חיילים	5
כפי	5
צבאית	5
כוללת	5
כזה	5
באזור	5
אמריקאי	5
האמריקאיים	5
לישראל	5
בקרב	5
לעשות	5
בישראל	5
בוש	5
השקעות	5
הבדיקה	5
ההשקעות	5
הנהלת	5
טיפול	5
המצב	5
1990	5
שבועיים	5
החוק	5
יום	5
אומר	5
בנושא	5
אחת	5
לי	5
שהיה	5
מחקרים	5
בגין	5
לדבריו	5
מידע	5
החקירה	5
חברי	5
החוב	5
למנוע	5
לשר	5
העבודה	5
הכלכלה	5
כספים	5
הראשון	5
הכללית	5
מומחים	5
ניו	5
כמו	5
כן	5
מיוחד	5
באום	5
ארגון	5
ברור	5
סגן	5
דבר	5
קרן	5
בתחום	5
לפחות	5
בפני	5
זמיר	5
יצחק	5
מילקן	5
איש	5
מסר	5
החלטה	5
אחרי	5
קל	5
הדסה	5
ברל	5
בטרם	5
ואני	5
חושב	5
פנחסי	5
מאסר	5
המשבר	4
אסטראטגי	4
ברמה	4
המדינה	4
היחידה	4
במזרח	4
התיכון	4
חודשים	4
באוניברסיטת	4
טוען	4
במצב	4
שכבר	4
צורך	4
מראש	4
כאלה	4
שעות	4
פתרון	4
בת	4
בראשות	4
המנכל	4
דוד	4
במטבע	4
במערכת	4
בבנק	4
הראשונה	4
נראה	4
הן	4
קיבל	4
מה	4
לוי	4
אליו	4
למרות	4
הכספים	4
ביילין	4
להשיג	4
בעת	4
ההסכם	4
חבר	4
פרסום	4
שמיר	4
בעקבות	4
החדשה	4
לממשלה	4
למען	4
עליה	4
ועד	4
וכן	4
גילה	4
מערכת	4
נשיא	4
נכונות	4
יקבלו	4
בשלב	4
כהן	4
הודעת	4
כיום	4
לתת	4
מערך	4
תשלום	4
לאשר	4
שכר	4
במשך	4
עבודה	4
שקל	4
מציע	4
לחודש	4
הצעת	4
טיימס	4
גורמים	4
גבוהה	4
האוהלים	4
גדולים	4
נציגי	4
טרור	4
אחרים	4
הארגון	4
בגוף	4
שהוא	4
רמבם	4
ליד	4
באמצעות	4
ו	4
שלהם	4
בכוויית	4
באורח	4
כלשהו	4
חברות	4
בשל	4
שלשום	4
הזרם	4
10	4
לחברת	4
דובר	4
לשנת	4
מים	4
גרמניה	4
ארוכה	4
אלף	4
בגרמניה	4
לשעבר	4
טען	4
עליהם	4
אף	4
צרפת	4
הנשק	4
פראנק	4
הגיע	4
גאנדי	4
מספר	4
ערב	4
פנים	4
בתאונת	4
דרכים	4
בבוקר	4
נפצעו	4
שכם	4
עיןכרם	4
מכונית	4
לפנות	4
אהרן	4
לצאת	4
לקבל	4
הדירקטוריון	4
אפודי	4
ואשינגטון	4
ההתקפה	4
מודעי	4
באוצר	4
שלוםעכשיו	4
הנביאים	4
פלילי	4
הנאשמים	4
ולהורדה	4
לעונש	4
לדרגת	4
ערעור	4
הפרס	4
סעודיה	4
פלשתיניים	4
הפליטים	4
שהיא	3
אחרת	3
הסכם	3
מדינות	3
צבאי	3
אמנם	3
ביטחוני	3
עלולה	3
למצוא	3
בהיקף	3
תיאום	3
עלול	3
הצבא	3
טענו	3
להגיע	3
המדיני	3
האמור	3
קיימת	3
אמריקאיים	3
חוסר	3
כזאת	3
ילדים	3
פעולות	3
המהלכים	3
זמן	3
האיום	3
העיראקי	3
מפני	3
חוסיין	3
ובין	3
מדובר	3
בידי	3
אמצעים	3
הבנקים	3
שח	3
אירעה	3
בנאמנות	3
עיוורת	3
פנה	3
בצורה	3
ולא	3
במסגרת	3
כבר	3
הוחלט	3
בניהול	3
הראשונים	3
לקראת	3
שס	3
בכנסת	3
אי	3
חקירה	3
במשטרה	3
האחרון	3
בתלאביב	3
ציטט	3
באותו	3
מהן	3
מום	3
שזה	3
מתוך	3
סיפר	3
וגם	3
ל	3
ביקר	3
אבל	3
נפגש	3
לעתים	3
עצמם	3
בארמון	3
העם	3
החוקה	3
תפקיד	3
הפגנות	3
בחודש	3
לאומי	3
החשודים	3
המחשב	3
המרכזי	3
המלצות	3
כיצד	3
ארבעה	3
לנקוט	3
הקשר	3
אמין	3
טיולי	3
הגליל	3
שכל	3
בקהיר	3
מצדו	3
מהיום	3
בשעה	3
בשטח	3
מימון	3
חוק	3
הודיעו	3
המגיעים	3
סוף	3
שונים	3
והרווחה	3
נמיר	3
תיקון	3
הוועדה	3
חברים	3
השר	3
העברת	3
כספיים	3
גירעון	3
30	3
דחופה	3
לסדר	3
ארבלי	3
אמרה	3
כארגון	3
הרפואית	3
להפסיק	3
חדש	3
בסיס	3
רצון	3
להביא	3
ספטמבר	3
אלו	3
עבור	3
בנוסף	3
הרי	3
נוספת	3
ואילו	3
למעלה	3
ברצח	3
הרב	3
בתרופה	3
ולהתנהגות	3
התאבדותית	3
הרצח	3
נטל	3
לטיפול	3
סם	3
העלו	3
אחדים	3
פקיד	3
בידו	3
חמישה	3
אוויר	3
דתי	3
האירועים	3
נמצאו	3
המשפחות	3
במאהל	3
במקום	3
בינתיים	3
הגשמים	3
ירושלים	3
דחו	3
האמריקאית	3
ההחלטה	3
ציין	3
עתה	3
הקואליציה	3
הפרלמנט	3
מעשי	3
רבה	3
מקור	3
נרחב	3
קבוע	3
רבות	3
חוקר	3
חומר	3
גידולים	3
ואף	3
התאים	3
המחקר	3
בעיתונות	3
הדם	3
כינוס	3
ראשון	3
התוכנית	3
שעל	3
מכוויית	3
לזמיר	3
ראשי	3
כלל	3
להטיל	3
הקשור	3
המגן	3
מעבר	3
הגורמים	3
אפשר	3
למוביל	3
הארצי	3
ניתוק	3
חובות	3
מחירי	3
סולודר	3
נוכח	3
התביעה	3
הכספית	3
בבון	3
יומיים	3
והוא	3
הוגדר	3
וגרמניה	3
שנה	3
בשנה	3
בשיתוף	3
קוהל	3
המנהיג	3
דרקסל	3
11	3
החודש	3
נשק	3
בסעודיה	3
מעמד	3
הדוח	3
שאיבד	3
ממשלת	3
איננו	3
הרבה	3
ברגלו	3
הבית	3
האלימות	3
שאין	3
באש	3
במעשי	3
מאז	3
המלון	3
ממנו	3
המקרים	3
ונעצר	3
שבת	3
הערבים	3
בורמזים	3
מזכיר	3
החוטפים	3
השלטון	3
בבורמה	3
להעביר	3
נתונים	3
בכביש	3
תיירים	3
לשער	3
להדסה	3
עין	3
18	3
בחיפה	3
חשד	3
אנשים	3
הרפואי	3
בישיבת	3
לגבי	3
לחופשה	3
בורר	3
חיצוני	3
עמו	3
לפי	3
הציע	3
סכינים	3
מלאה	3
עלפי	3
שאם	3
עדים	3
פלשתינאים	3
הזו	3
מקרי	3
הרפובליקאי	3
רודי	3
היהודי	3
היהודית	3
מינסוטה	3
הרפורמי	3
בהתקפה	3
ביקורת	3
הגיח	3
התקפה	3
במינסוטה	3
כללית	3
ינואר	3
כלכך	3
גקסון	3
שלום	3
חודש	3
הכפר	3
התקשורת	3
בזק	3
לדירקטוריון	3
המלצת	3
תנועת	3
עופר	3
ברח	3
תושב	3
דם	3
טרנר	3
עבר	3
הקשישים	3
לקשישים	3
משפט	3
ב	3
סמל	3
ונידון	3
הערעור	3
פקידי	3
ממשל	3
אומרים	3
הבאה	3
להחליף	3
החלטת	3
הכוח	3
חילוקי	3
אום	3
האום	3
בשבועות	3
הקרובים	3
במישור	3
אמריקאית	3
קיצן	3
צהל	3
מסי	3
הקנייה	3
הגירעון	3
הקליטה	3
פרץ	2
מלקיים	2
דיאלוג	2
מהעובדה	2
מצב	2
האסטראטגית	2
דווקא	2
ערביות	2
מקיים	2
דושיח	2
שוטף	2
הדוק	2
תקדים	2
המפרץ	2
ורק	2
בתקופה	2
גבוה	2
סכנת	2
מהמרכז	2
המלחמה	2
וכמי	2
אמריקאים	2
מקורה	2
הקיים	2
שישראל	2
תיאלץ	2
להגיב	2
עיראקית	2
דן	2
תחייב	2
ישראלית	2
להוביל	2
לארהב	2
קבעו	2
חוגים	2
האסטראטגיים	2
המתאים	2
התיאום	2
הבעיה	2
סכנה	2
הידרדרות	2
פעילות	2
המצוי	2
צרפתיים	2
24	2
בדבר	2
הפעם	2
צבא	2
סדאם	2
הישראלית	2
ארוך	2
מאזן	2
החזית	2
דוגמת	2
הסיכונים	2
העלולים	2
לשימוש	2
מבחינתו	2
הידברות	2
הבלתי	2
צריך	2
רכש	2
ספק	2
במשבר	2
מחדש	2
ניהולם	2
כתוצאה	2
משתי	2
פרשות	2
לניהול	2
נזקים	2
השנייה	2
זימנד	2
הגיש	2
8	2
מארק	2
שתיק	2
נוהל	2
לצמצם	2
מקרים	2
דומים	2
בעתיד	2
השקעה	2
הנזק	2
נגרם	2
השלישי	2
הבא	2
והן	2
הפרשות	2
החליטו	2
בנקים	2
סימני	2
ביחס	2
סיום	2
השוטף	2
שאתם	2
הולכים	2
בממשלה	2
מבלבלים	2
לכם	2
המוח	2
תיפול	2
השיב	2
אגודת	2
לטובת	2
ואז	2
מפלגה	2
הליכוד	2
טוב	2
בלובשטיין	2
החכים	2
לפיתוח	2
מחנה	2
להפיל	2
האיש	2
אתם	2
הפוליטיים	2
הפוליטית	2
להשיב	2
למשל	2
מדוע	2
לנהל	2
פעם	2
מפרסם	2
לבדוק	2
לעומק	2
לך	2
ביקש	2
להתייחס	2
היחסים	2
הולדתו	2
להעיד	2
עצמי	2
בירנדרה	2
הכריז	2
חוקה	2
חדשה	2
משטר	2
סמכויות	2
מבטיחה	2
האישי	2
ואת	2
האדם	2
שלוש	2
המלכותי	2
17	2
ההינדית	2
הזכות	2
לבטל	2
הישנה	2
הדמוקרטיה	2
גרמו	2
לחוקה	2
נשא	2
20	2
המרכזית	2
משטרת	2
העבירה	2
עבודת	2
וחצי	2
להעמיד	2
אריה	2
איששלום	2
התפעול	2
החשוד	2
במחשב	2
רביעי	2
הקמת	2
להפעיל	2
לפתע	2
אגף	2
חבלה	2
לבין	2
שלושת	2
במעשה	2
אמור	2
התיירות	2
שבראווי	2
לדון	2
טוענת	2
לטענת	2
בעניין	2
דורי	2
הביע	2
אדום	2
להשבית	2
משכורת	2
אוקטובר	2
לתשלום	2
למרכז	2
לקיים	2
מחאה	2
הוראה	2
משרדי	2
והאוצר	2
לנשיא	2
לעובדי	2
הבוקר	2
השירות	2
המשרד	2
העביר	2
למדא	2
אולמרט	2
להתערב	2
שירות	2
אורה	2
לאפשר	2
לחץ	2
האופוזיציה	2
כוח	2
נקלע	2
בסכום	2
תוכנית	2
דרישות	2
שושנה	2
הגישה	2
לשלם	2
בתגובה	2
שהאוצר	2
הוסיפה	2
1991	2
זוסמן	2
שהוברר	2
הסכימה	2
המקצועי	2
הכוונה	2
השתכרות	2
מציבור	2
גודל	2
בתי	2
חולים	2
יורם	2
בלשר	2
נקבע	2
רופאים	2
שכרו	2
מומחה	2
כוננויות	2
קיצור	2
תורים	2
הכנסתם	2
נתוני	2
מתמחים	2
ושל	2
להסכים	2
קיים	2
שיהיה	2
מאיר	2
כהנא	2
לפרצי	2
דיווח	2
בידיעה	2
שמסרו	2
משפחתו	2
סבל	2
מדיכאון	2
תרופה	2
בשם	2
בה	2
התרופה	2
לוואי	2
רפואי	2
חוקרים	2
מבית	2
לרפואה	2
בדרגת	2
תוצאות	2
אכן	2
מוסר	2
מהלם	2
חמורה	2
השייך	2
רייך	2
הגדיר	2
פעמיים	2
נהג	2
בנושאים	2
עיתונים	2
המוסד	2
בביתו	2
גזרי	2
צוות	2
המספר	2
הסידורי	2
25	2
בטון	2
מי	2
עמדו	2
העז	2
בבד	2
השיכון	2
לסיוע	2
שמדובר	2
עיריית	2
למשרד	2
אצל	2
בלילה	2
הונגריה	2
לביטול	2
הציונות	2
עיתוני	2
מלכתחילה	2
בעד	2
ההצעה	2
האנטיעיראקית	2
ארבעת	2
מפורט	2
במצרים	2
רצח	2
וכי	2
מקומית	2
והם	2
כעת	2
אנשי	2
פעילותו	2
מעורבים	2
במימון	2
איתן	2
גידולם	2
סרטניים	2
להשמיד	2
הפקולטה	2
פרופסור	2
הראשונות	2
בניגוד	2
הפרסום	2
הפעיל	2
דרך	2
פרטי	2
ראשית	2
נקט	2
שכן	2
למימון	2
שום	2
סרטן	2
חומרים	2
שינוי	2
בדיקות	2
שהוזרק	2
בשנים	2
הקרובות	2
להימשך	2
שנתיים	2
לפתח	2
הסובייטית	2
לפתרון	2
ועידה	2
ביןלאומית	2
ולאחר	2
מכן	2
הפלשתינית	2
הבולטים	2
מגעים	2
לדיון	2
הצדדים	2
האחרים	2
יוסר	2
מעיראק	2
התחייבות	2
הביןלאומית	2
האפשרות	2
לסייע	2
מגדל	2
אררט	2
ומנורה	2
החיים	2
הביןלאומי	2
עיקולים	2
הפעולות	2
מאחר	2
החברות	2
הרעיון	2
התקיימה	2
תפסיק	2
הטיל	2
שיבושים	2
באספקת	2
ולמתקני	2
שאיבה	2
חוב	2
לחודשים	2
ולמנוע	2
שהחברה	2
קיבלה	2
הודעה	2
האשים	2
הקימה	2
לבת	2
ערובה	2
שהיו	2
אספקת	2
חובותיה	2
תוכל	2
לספק	2
דחוף	2
וביקשה	2
ביצוע	2
הפסקת	2
לזמן	2
ישתתפו	2
מיכאיל	2
ביקור	2
משקיפים	2
לתקופה	2
ייפגשו	2
יפעלו	2
בתחומי	2
סיוע	2
כלכלי	2
לממן	2
החיילים	2
הזה	2
התנהל	2
ביטוי	2
מכך	2
הסובייטי	2
עמיתו	2
גנשר	2
האלה	2
אליה	2
ממדינות	2
שונות	2
בחבל	2
בסיור	2
גורבי	2
הקהל	2
הביקור	2
שבריהם	2
אנגלס	2
מיליוני	2
דווח	2
השנים	2
הרוויח	2
בתולדות	2
עולה	2
רואי	2
מהשותפויות	2
אלפי	2
מונד	2
שהוגש	2
בעולם	2
פגעה	2
מכירות	2
ב1988	2
14	2
כנגד	2
לכוויית	2
והופעת	2
חיל	2
משלוח	2
האזור	2
בנשק	2
בסביבה	2
קבע	2
ונקאטרמאן	2
בניודלהי	2
מקווה	2
מונה	2
כ10	2
מסתמכת	2
התמיכה	2
הקונגרס	2
עצמו	2
בפרלמנט	2
לשים	2
קץ	2
קשות	2
שאיש	2
רוצה	2
הצורך	2
ומעשי	2
וכיתתי	2
היחידי	2
מוכן	2
ליטול	2
פוליטיים	2
ההינדים	2
המסגד	2
באיודיה	2
תזמורת	2
כלי	2
תמיכה	2
ורבים	2
חשו	2
האם	2
הגדול	2
ניצב	2
פרצה	2
שבועות	2
הקודמת	2
ע	2
במלון	2
ימית	2
ברחוב	2
פונו	2
הוצת	2
אירועים	2
וביום	2
בשני	2
תייר	2
בליל	2
חוקרת	2
הרביעית	2
ער	2
צעירים	2
מטוס	2
נכנעו	2
שוחררו	2
נפגע	2
מדינת	2
בבנגקוק	2
לוחמי	2
הצדק	2
והחירות	2
בהודעה	2
לפגוע	2
הסטודנטים	2
ההודעה	2
דרשו	2
אזרחית	2
בתאילנד	2
ועדיין	2
ומחוצה	2
לאספה	2
שאירעה	2
יריחו	2
אוטובוס	2
נהרגה	2
הסמוך	2
סמוך	2
לשעה	2
כשהוא	2
באותה	2
16	2
הכביש	2
השני	2
הצופים	2
וארבעה	2
פצועים	2
בינוני	2
הועברו	2
לביהח	2
כרם	2
חיים	2
בשבת	2
הנהג	2
בודקת	2
פרטית	2
לבתי	2
55	2
שיבא	2
מפלגת	2
בתקופתו	2
כמוכן	2
המועצה	2
האספה	2
המניות	2
מתפקידו	2
הופיע	2
נמסר	2
בתנאי	2
עניין	2
בקרן	2
דורון	2
שורר	2
מכיוון	2
המלצה	2
גדעון	2
למועצת	2
למנות	2
תתבקש	2
מינוי	2
מיד	2
נגדי	2
בהחלט	2
ששוטרים	2
אפוד	2
ייתכן	2
פיתוח	2
חשוב	2
הקיימות	2
הפקודות	2
שוטר	2
סכין	2
בהר	2
התעמולה	2
הארסית	2
בעבר	2
הגנה	2
שהיינו	2
מאמין	2
הסנאטור	2
נאמנותו	2
מיניאפוליס	2
מתנצל	2
מולדת	2
יוסיפו	2
להרוג	2
דורות	2
המפלגה	2
הדמוקרטית	2
ניצחון	2
תומכי	2
לסנאטור	2
מחבריו	2
פעילים	2
בתחילת	2
מטה	2
הפרקליט	2
קפלן	2
מעולם	2
יהדותו	2
במכתב	2
בסיוע	2
הוסיף	2
ביקורתי	2
כלפי	2
שבסופו	2
הגדה	2
המערבית	2
עזה	2
הדגיש	2
השתתפו	2
וראש	2
כרוכה	2
אנחנו	2
מתאבלים	2
רענן	2
הדרוזים	2
36	2
משפחה	2
לגייס	2
המועמדים	2
לתפקיד	2
מחרתיים	2
דירקטוריון	2
ארד	2
15	2
הממונה	2
ברוך	2
עמוס	2
אלסטר	2
קיבלו	2
המשפטים	2
טרוריסטי	2
חלה	2
מצבו	2
השוטר	2
צעיר	2
ערבי	2
משכם	2
בחדר	2
הדקירה	2
לבשו	2
וחבריו	2
עבד	2
נורה	2
אזור	2
מחנות	2
בס	2
הסכין	2
שהשתתפו	2
לחנות	2
העיר	2
קצר	2
שעה	2
חגבי	2
הורה	2
יעקב	2
עצמאי	2
וכל	2
זהו	2
המשפחתון	2
למתן	2
למפעלים	2
מיוחדים	2
במוסד	2
לביטוח	2
חברתית	2
המשפחה	2
טבריה	2
לפרויקט	2
משפחות	2
שהוטלו	2
התנהלו	2
שהורשע	2
טוראי	2
יערער	2
נאשם	2
הבכיר	2
לויט	2
הנטייה	2
הסניגורים	2
פסק	2
וגזר	2
לערעורים	2
יגיש	2
במשפט	2
א	2
למשטרה	2
הראשי	2
במרכז	2
מודן	2
ניתן	2
אברמסקי	2
מחלות	2
הכיבוש	2
הכלכליים	2
שבוש	2
הנוספים	2
לסעודיה	2
יימצאו	2
החאג	2
לשלוח	2
צייני	2
המוצבים	2
אופציה	2
יוזרמו	2
למפרץ	2
להדק	2
הלחץ	2
לבגדאד	2
שובו	2
ממסע	2
מצרים	2
הללו	2
סין	2
הרבלאומי	2
בשאלה	2
לפעול	2
שיחותיו	2
תאצר	2
שתתיר	2
בסיום	2
עוצמתו	2
במסיבת	2
עיתונאים	2
התגבורת	2
הגדלת	2
הנבחרים	2
בהצבת	2
אפשרית	2
במועצת	2
שאפשר	2
בראנדט	2
בעיראק	2
דעות	2
השליחות	2
השגריר	2
הוחל	2
ביישום	2
ההגבלות	2
בגדה	2
כניסתם	2
בעזה	2
תושבים	2
ניסיונות	2
לרצח	2
צבאיים	2
עלייה	2
ממחנה	2
רעולי	2
למוות	2
ברפיח	2
ירו	2
שביתה	2
העוצר	2
לציון	2
גז	2
בהעלאת	2
המסים	2
הציבור	2
הוצאות	2
הכלכלית	2
נמנע	1
המשבחים	1
גישת	1
הפרופיל	1
הנמוך	1
נוקטת	1
מתעלמים	1
שבעצם	1
מותיר	1
ברירה	1
פרדוקסלי	1
נוצר	1
מתחמקת	1
עמה	1
חתום	1
ובהן	1
כאלו	1
שעד	1
הוגדרו	1
כעוינות	1
ושיתוף	1
הקובעים	1
אירועי	1
הבהירו	1
חשיבותה	1
כנכס	1
עובדה	1
שעם	1
דיונים	1
שוטפים	1
הביורוקרטית	1
בהיעדרם	1
אמיתי	1
ותיאום	1
אופרטיווי	1
מתח	1
טמונה	1
החרפה	1
ביחסים	1
שי	1
פלדמן	1
למחקרים	1
אסטראטגיים	1
תא	1
עצמה	1
מואשמת	1
כמי	1
שהציתה	1
בפעולותיה	1
ניצוץ	1
להתחשב	1
באינטרסים	1
שגרמה	1
לאובדן	1
חיי	1
הסכנה	1
הטמונה	1
בהכרה	1
בפרופיל	1
הבהיר	1
פגיעה	1
בשטחה	1
אפילו	1
פגיעתו	1
טיל	1
עיראקי	1
בגוש	1
משמעותי	1
תגובתה	1
תתכוון	1
להתלקחות	1
מלחמה	1
בהיעדרו	1
מוקדם	1
לספוג	1
אבידות	1
שיוגדרו	1
מפקדיו	1
כמיותרות	1
ונובעות	1
עיתויה	1
במשרד	1
האמריקאים	1
לתיאום	1
בדרג	1
העליון	1
במהלכים	1
הצפויים	1
התלקחות	1
בבוא	1
הרגע	1
ייעשה	1
שבמקרים	1
מהירה	1
תותיר	1
אפשרות	1
תגובה	1
כמובן	1
מבצעית	1
בכיסוי	1
מודיעיני	1
טסים	1
מטוסי	1
קרב	1
בריטיים	1
וסעודיים	1
הפיקוד	1
לאסונות	1
שלאורם	1
תיראה	1
פרשת	1
הפצצת	1
הספינה	1
ליברטי	1
והזעם	1
שהופנה	1
בעקבותיה	1
כמשחק	1
העברתם	1
תצלומי	1
לווייני	1
הריגול	1
שצולמו	1
אינה	1
מהווה	1
לבעיה	1
המבצעית	1
שתתעורר	1
פרוץ	1
האיבה	1
המדובר	1
בתיאום	1
הצבאיים	1
העתידיים	1
חשיבות	1
מרובה	1
להשגת	1
הסכמה	1
יעדיה	1
הממשלים	1
ובוואשינגטון	1
שוררת	1
ההכרה	1
תימנע	1
מלהכות	1
יחלוף	1
בעצמה	1
המתעצם	1
והחשש	1
השלמת	1
תוכניותיו	1
הגרעיניות	1
מכרסמים	1
ההרתעה	1
שאינם	1
מאפשרים	1
להשלים	1
לטווח	1
הפרת	1
בינה	1
המזרחית	1
כירורגית	1
השמדת	1
הכור	1
בבגדד	1
מגוונים	1
תפקידם	1
מקבלי	1
ההחלטות	1
להבהיר	1
לראשי	1
הטמונים	1
בהיעדר	1
באותם	1
רצויה	1
שפירושה	1
פיקוח	1
ובקרה	1
הברית	1
צפויה	1
לקוות	1
שהסכמה	1
מעין	1
תושג	1
שיחותיה	1
משלחת	1
עברי	1
המשלחת	1
יצאה	1
כשעל	1
סדר	1
נושאי	1
ותקציב	1
אנשיה	1
ינסו	1
להחיות	1
הדיאלוג	1
האסטראטגי	1
הפיקוח	1
בוחן	1
הבנקאית	1
מתבצעת	1
ההסתבכות	1
האחרונות	1
הנוגעות	1
הלקוחות	1
בפרשה	1
נחשפה	1
מעילה	1
סניף	1
בנתניה	1
שהסבה	1
הנאמדים	1
ב02	1
הפרשה	1
בשבועיים	1
כשלקוח	1
תביעה	1
גרמני	1
דיסקרציה	1
המשפט	1
בנימוק	1
רשלנית	1
נחשפות	1
אלמלא	1
שורש	1
להסתיר	1
חומרת	1
בנסותה	1
הסתברות	1
התרחשותם	1
הצעדים	1
שהבנק	1
יפסיק	1
לעסוק	1
בהנהלת	1
מעריכים	1
שעלול	1
להיגרם	1
מהמשך	1
בדיסקרציה	1
יעלה	1
התועלת	1
ישתקף	1
בדוחות	1
לרבעון	1
שיתפרסמו	1
שלבנק	1
הפסד	1
בתשעה	1
החודשים	1
ברבעון	1
המפקח	1
אמנון	1
גולדשמידט	1
פרטים	1
מבנק	1
בפיקוח	1
לומדים	1
אותם	1
הסקת	1
מסקנות	1
אפשריות	1
סופית	1
נוהלים	1
חדשים	1
הנוגע	1
ניצלו	1
יוזמת	1
לחשיפת	1
לרענן	1
נוהלי	1
הבקרה	1
ופיקוח	1
אצלם	1
התעוררו	1
שאלה	1
ליעילות	1
ניהול	1
תמונה	1
כשהמהלכים	1
המעקב	1
פגש	1
נסים	1
ושאל	1
קורה	1
שומע	1
להצביע	1
אמון	1
בליכוד	1
סומכים	1
הקונפליקט	1
ששס	1
נקלעה	1
כשהיא	1
עושה	1
שריר	1
נרתמת	1
השריר	1
מתרופף	1
בשס	1
יודעים	1
שיקשה	1
וביילין	1
לשכנע	1
השמאל	1
למהלך	1
הפלת	1
שמתנהלת	1
נגדה	1
ייצא	1
יופיע	1
כמגן	1
שמקפיד	1
קיום	1
הנורמות	1
מינהל	1
תקין	1
השאננות	1
הזאת	1
הזדמן	1
בתזמון	1
מדויק	1
לפתחו	1
אסיה	1
כשהגיעו	1
לשם	1
לישיבת	1
במשרדי	1
התעשייה	1
רכבו	1
באוזניו	1
כותרת	1
שהתפרסמה	1
בעיתון	1
לפיה	1
נמצאת	1
בהיכון	1
ומחכה	1
לעיתוי	1
אילו	1
רצינו	1
באמת	1
יכולנו	1
גלים	1
אמיתיים	1
מלאכותיים	1
שמאחורי	1
ואגודת	1
מתואר	1
כדמות	1
שנבלעת	1
המון	1
חרדים	1
מסתודד	1
בחדרו	1
ובמלון	1
לרום	1
משם	1
נרקחים	1
בראיית	1
עולמו	1
רגע	1
מת	1
מסבירים	1
חבריו	1
טרוד	1
מכדי	1
שאלות	1
במחשבה	1
צלולה	1
שידע	1
ישמש	1
קלף	1
מיקוח	1
לאגודה	1
ויסייע	1
מהליכוד	1
חתימת	1
אלטרנטיווה	1
גרועה	1
להיעלם	1
מהפוליטיקה	1
נהנה	1
אגודה	1
וזה	1
חסר	1
מסביר	1
ההלכה	1
החרדים	1
השותף	1
במגעים	1
קפכותהיה	1
גיאולוג	1
בלי	1
הממצאים	1
כשהערתי	1
אכפת	1
תכתוב	1
מאמר	1
שמפריך	1
ממצאי	1
לדברים	1
שהתפרסמו	1
כאן	1
וניסו	1
להרהר	1
הראיונות	1
שהעניק	1
לרגל	1
ה57	1
והעובדה	1
ששמיר	1
בחודשים	1
אינני	1
במקומם	1
למה	1
להרחיק	1
שניהם	1
כשאני	1
מהניסיון	1
יחסי	1
החיובי	1
והחם	1
מותנה	1
בכמות	1
הפעמים	1
שאני	1
מוזמן	1
קרובות	1
והיחסים	1
שלנו	1
מצוינים	1
אוהב	1
שתהיה	1
סביבו	1
המולה	1
ולפעמים	1
שמבקרים	1
כופים	1
קטמאנדו	1
עץ	1
וער	1
לנפאל	1
המבטיחה	1
לממלכה	1
דמוקרטי	1
רבמפלגתי	1
ומגבילה	1
הברורה	1
החופש	1
זכויות	1
בנאום	1
שנמשך	1
דקות	1
ואשר	1
שודר	1
הנפאלי	1
המונה	1
נפש	1
מתבססת	1
הדגם	1
הבריטי	1
שבעיני	1
נפאלים	1
מגלם	1
האל	1
וישנו	1
בדת	1
יקבל	1
יועץ	1
המלוכה	1
נשארת	1
קבלת	1
לעודד	1
והזכות	1
להזהיר	1
בחוקה	1
קפידבינהמלך	1
הסכים	1
סוערות	1
אפריל	1
להפלת	1
בחר	1
ובמקומו	1
קמה	1
זמנית	1
סעיף	1
מפתח	1
במסמך	1
החוקתי	1
מחייב	1
לציית	1
ולהגן	1
עמד	1
מעל	1
המלכה	1
איישוואריה	1
שהמונים	1
הפגינו	1
העסקות	1
שלה	1
באפריל	1
נכחה	1
בטקס	1
הנאום	1
נסיך	1
הכתר	1
דיפנדרה	1
בהיכל	1
מחוז	1
תל	1
אביב	1
לפרקליטות	1
תיק	1
מעובדי	1
שיתקו	1
כשבועיים	1
התיק	1
לדין	1
בביצוע	1
החבלה	1
המתכנתים	1
יוחנן	1
כרמי	1
ואורן	1
ירקוני	1
בחשד	1
שסייעו	1
לאיששלום	1
שהסבירו	1
הניתוק	1
השעתה	1
ביניהם	1
שמנעו	1
הוצאת	1
ציוד	1
גיבוי	1
למחשב	1
עיצומים	1
והעובדים	1
הפסיקו	1
לעבוד	1
מורשי	1
החתימה	1
והמנהלים	1
שיתפו	1
הוועד	1
והמשיכו	1
נפילה	1
הביקורת	1
שבדק	1
התקלה	1
הנפילה	1
נגרמה	1
מכוונת	1
ששיבשה	1
מסופי	1
המחשבים	1
בסניפי	1
התלוננה	1
המשטרתית	1
ארצה	1
ממצרים	1
טורס	1
במחלוקת	1
כספית	1
המצרית	1
חייבת	1
601016	1
מאמציו	1
לגבות	1
עלו	1
בתוהו	1
לשגרירות	1
השגרירות	1
עידכנה	1
התפתחותה	1
תקרית	1
מביכה	1
עזרא	1
לסיים	1
המחלוקת	1
עובדי	1
מאיימים	1
החל	1
בהדרגה	1
תחנות	1
ברחבי	1
הארץ	1
0100	1
במלואה	1
ישביתו	1
התחנה	1
בעכו	1
ומחר	1
מתכוונים	1
תחנת	1
ברחובות	1
מוחים	1
ששולמה	1
מחצית	1
סיכוי	1
המחצית	1
ממשיך	1
ממנכל	1
נתן	1
מלהיכנס	1
לבניין	1
המשרדים	1
בכניסה	1
ימשיכו	1
משמרות	1
לעובדים	1
ניתנה	1
לשתף	1
להודעה	1
לאור	1
ולוועד	1
יועבר	1
המשכורות	1
יאושר	1
לתיקון	1
יתכנסו	1
להחליט	1
החרפת	1
העיצומים	1
להשבתה	1
יצוין	1
אחראי	1
מימונו	1
הסכומים	1
לשירות	1
למפרע	1
רכישת	1
שירותים	1
מאפשר	1
אהוד	1
ההצלה	1
אישרה	1
לחוק	1
מצד	1
מסיעות	1
מונע	1
לקריאה	1
שנייה	1
ושלישית	1
במליאה	1
לקשיים	1
שצבר	1
יאפשר	1
רהארגון	1
בשורות	1
הבראה	1
ולייעל	1
השירותים	1
שיענו	1
העזרה	1
ארבליאלמולזינו	1
משכורות	1
היכולת	1
ההנהלה	1
במועד	1
תוצאה	1
התנכלות	1
למוסד	1
ולעובדיו	1
המידע	1
בידיה	1
מעכב	1
ללחוץ	1
שהוצע	1
המבטל	1
עצמאות	1
וולונטארי	1
נותן	1
לכן	1
יעמוד	1
בהבטחתו	1
החקיקה	1
יעביר	1
הנחוצים	1
להבראת	1
נוכל	1
כיקפידבינההסתדרות	1
לשנים	1
זז	1
מעמדתו	1
לפגיעה	1
בהשתכרות	1
הסתדרות	1
האיגוד	1
ליישום	1
וניגשה	1
למום	1
להקטנת	1
בסדר	1
01	1
37	1
מהכנסתם	1
ואי	1
להשוואת	1
והשכר	1
רופאי	1
הממשלתיים	1
לאלו	1
הנהוגים	1
בקופת	1
המום	1
ולפתוח	1
במאבק	1
להבטיח	1
הולמת	1
לציבור	1
במנשר	1
לרופאים	1
ששלח	1
המקצועית	1
בהסתדרות	1
ההשתכרות	1
הממוצעת	1
מנהלים	1
01050	1
מחלקה	1
7685	1
5836	1
סכומים	1
כוללים	1
התוספת	1
שכרם	1
תפקידים	1
ינוע	1
5191	1
למומחה	1
6592	1
למנהל	1
ההכנסה	1
ממבצע	1
שאמור	1
להקטין	1
שנע	1
1000	1
ל1500	1
לשפר	1
וסטאזרים	1
המהווים	1
כ56	1
31	1
ל2	1
הכנסתו	1
4677	1
להעמידה	1
4509	1
המתמחה	1
מ3086	1
3247	1
הסטאזר	1
מ2132	1
ל2162	1
לשחוק	1
ב8	1
מתמחה	1
מתחיל	1
שהכנסתו	1
ההמוצעת	1
3825	1
ולהעמידה	1
3512	1
הכנסה	1
תורנויות	1
מציין	1
ההסתדרות	1
נדרשת	1
למבנה	1
במסגרתו	1
כ07	1
מהרופאים	1
ישמרו	1
כביכול	1
מ03	1
יירדו	1
בהשתכרותם	1
מכנה	1
ייוותרו	1
מקצועי	1
נכון	1
למצב	1
חמור	1
בפרסומיו	1
מנסה	1
לפלג	1
לבכירים	1
ולהציג	1
כלוחמת	1
החזקים	1
טופל	1
דיכאון	1
הגורמת	1
המסתמכת	1
החוקרים	1
קרובי	1
סיפרו	1
אלסעיד	1
כרוני	1
ובמסגרת	1
פסיכיאטרי	1
פרוזאק	1
שהשימוש	1
נפוץ	1
בחולים	1
הסובלים	1
רפואיים	1
מכנים	1
הפלא	1
שנות	1
ה09	1
מהמטופלים	1
נחשפו	1
לתוצאות	1
וגילו	1
התנהגות	1
אלימה	1
ונטייה	1
להתאבדות	1
מגלה	1
יצרני	1
הוגשו	1
במאמר	1
שפורסם	1
אשתקד	1
בכתבעת	1
קובעים	1
הספר	1
אוניברסיטת	1
הארווארד	1
מהחולים	1
הנוטלים	1
דרךקבע	1
סיכון	1
להתקפות	1
טירוף	1
ואלימות	1
אובססיווית	1
חרף	1
ממצאים	1
ממשיכים	1
להשתמש	1
ודוחים	1
המחקרים	1
בסוכנות	1
הפדראלית	1
לתרופות	1
לעיתון	1
הוכחות	1
שהתרופה	1
גורמת	1
קפידבינהעיתון	1
בספטמבר	1
1986	1
לנוסייר	1
תאונת	1
וכתוצאה	1
אלקטרוני	1
שגרם	1
לכווייה	1
מליקוי	1
בתפקוד	1
רגלו	1
השמאלית	1
לקח	1
חופשה	1
מעבודתו	1
משמש	1
טכנאי	1
מזגני	1
במפעל	1
לעיריית	1
מלקולם	1
כאיש	1
בודד	1
הקשיב	1
למוסיקה	1
הקפיד	1
להתפלל	1
ובהפסקות	1
לעיין	1
בספר	1
הקוראן	1
שוחח	1
דתיים	1
קרא	1
בשקידה	1
ועקב	1
בערנות	1
פורסם	1
ספרו	1
אוסטרובסקי	1
מיהר	1
לרכשו	1
ערימות	1
ומגזינים	1
שדנו	1
מזרחתיכוניים	1
העלה	1
השערה	1
שסיים	1
לימודי	1
הנדסה	1
הילוואן	1
שבמצרים	1
התקשה	1
בניו	1
וחש	1
שאינו	1
מממש	1
כישוריו	1
במשטרת	1
הצליחו	1
לזהות	1
האקדח	1
ירה	1
בכהנא	1
מחק	1
שנותרו	1
מעברת	1
נערכות	1
החורף	1
ולהמשך	1
שהייה	1
13	1
עקרו	1
הקטנים	1
לאוהלים	1
מר	1
ש	1
התקבלו	1
כתרומה	1
אוהלים	1
הוצבו	1
משטחי	1
המונעים	1
חלחול	1
האוהל	1
מלמטה	1
החדשים	1
חלקית	1
במבחן	1
הגשם	1
שירד	1
מונעים	1
אומנם	1
חדירת	1
נספגו	1
והוסיפו	1
הקור	1
השורר	1
בלילות	1
ממילא	1
נפרשו	1
יריעות	1
ניילון	1
שתרם	1
קיבוץ	1
נאותמרדכי	1
הצעות	1
בשכר	1
דירה	1
החשש	1
בפתרון	1
זמני	1
אמורה	1
להציע	1
אתרים	1
חלופיים	1
להצבתם	1
קרוואנים	1
הבטיחה	1
העירייה	1
להתקין	1
בדחיפות	1
תאורת	1
חוצות	1
הביטחוני	1
בבירה	1
המעורר	1
חרדה	1
דיירי	1
המאהל	1
וילדיהם	1
השרויים	1
בחושך	1
באתר	1
המבודד	1
בודפשט	1
צכוסלובקיה	1
פולין	1
ובולגריה	1
לנציגות	1
שיתמכו	1
בעמדה	1
תעלה	1
משנת	1
1975	1
שהוקיעה	1
כתנועה	1
גזענית	1
ציינו	1
נודעה	1
עמדת	1
רומניה	1
הצביעה	1
הוקעת	1
מאגאר	1
הירלאף	1
ביקשו	1
הצעתם	1
האנטיציונית	1
מהססים	1
רשמית	1
כיוון	1
שהם	1
חוששים	1
שהעלאת	1
לסכן	1
אחדות	1
קהיר	1
המצרי	1
בוצעו	1
ובמחוזות	1
אלחיאת	1
מנגנוני	1
משוכנעים	1
אופן	1
התכנון	1
והביצוע	1
דומה	1
במידה	1
חומרי	1
הנפץ	1
והנשק	1
שבהם	1
נעשה	1
הנם	1
מתוצרת	1
מיוצרים	1
בבסיסי	1
במחוזות	1
השאלה	1
המנקרת	1
במוחם	1
מנגנון	1
ממומנת	1
הגיהאד	1
שהמידע	1
מוכיח	1
העלות	1
ההתנקשות	1
בחייו	1
לבדה	1
הגיעה	1
לסכום	1
חצי	1
לירות	1
מצריות	1
למנגנוני	1
חיצוניים	1
שרבים	1
ממנהיגיו	1
יוצאים	1
לחול	1
ולמקומות	1
מסוימים	1
באפגניסטאן	1
פקיסטאן	1
וסודאן	1
ממוקמים	1
בסיסי	1
האימונים	1
נחתמו	1
חוזי	1
מאנשי	1
במדינות	1
ואיסלאמיות	1
מחיפה	1
ביוכימי	1
המסוגל	1
לעצור	1
כליל	1
הסרטניים	1
ולרפא	1
החולה	1
גינקולוג	1
ומומחה	1
לפוריות	1
בביח	1
המרכז	1
לחקר	1
אנדוקרינולוגי	1
העובר	1
והשליה	1
הטכניון	1
מבדיקות	1
המופרש	1
עלה	1
קוטל	1
תאים	1
במבחנה	1
ובחיות	1
מעבדה	1
באפקטיוויות	1
ובלי	1
תופעות	1
שחזר	1
לארץ	1
ב5891	1
לאנדוקרינולוגיה	1
ייל	1
שבארהב	1
והשתתף	1
בעבודות	1
בהפריית	1
מבחנה	1
להליך	1
המדעי	1
הרגיל	1
באחד	1
העיתונים	1
המקצועיים	1
בתחומו	1
הסבר	1
התהליך	1
פעולתו	1
המשוערת	1
ופרטי	1
הניסויים	1
וממצאיהם	1
פומבי	1
לעבודתו	1
העיתונות	1
היומית	1
לשמור	1
בסודיות	1
מירבית	1
נודע	1
לראשונה	1
בכותרת	1
בגרוזלם	1
פוסט	1
911	1
וזכה	1
בפרסום	1
בקולישראל	1
הסביר	1
בצעד	1
חריג	1
עלמנת	1
להגן	1
השימוש	1
בחומר	1
זקוק	1
לשלב	1
מחקרו	1
ומאחר	1
ואיאפשר	1
לבקש	1
פטנט	1
טבעי	1
המופק	1
בלאו	1
הכי	1
חברה	1
מסחרית	1
מוכנה	1
ייוודעו	1
פרטיו	1
הטעים	1
מדעי	1
רגיל	1
לאבדן	1
פרויקט	1
למדינת	1
מתברר	1
תכונותיו	1
האנטיסרטניות	1
באקראי	1
ניסויים	1
שונה	1
בשורת	1
בדיקותמבחנה	1
מדויקות	1
בשיטת	1
הדאבל	1
בליינד	1
המקובלת	1
כמויות	1
מזעריות	1
מנעו	1
מיטוסיס	1
פיצול	1
תאי	1
שניטלו	1
מגידולים	1
בבני	1
וקטלו	1
כ90	1
שאפילו	1
בקצב	1
בעכברים	1
ערומים	1
היינו	1
עכברים	1
שהמערכת	1
החיסונית	1
נוטרלה	1
עי	1
קרינה	1
שסרטנים	1
הושתלו	1
החיות	1
מתו	1
שבבדיקה	1
החלימו	1
ובביתור	1
כלשהם	1
נבדקו	1
סרטני	1
והלימפה	1
בדק	1
מהלך	1
מחלת	1
הסרטן	1
עכברי	1
המעבדה	1
שיקוף	1
רנטגן	1
תהודה	1
מגנטית	1
לצפות	1
שהחומר	1
זמין	1
בחולי	1
יביא	1
להתעניינות	1
מידית	1
מממנים	1
קליניות	1
עשויות	1
שיטה	1
יעילה	1
להפקת	1
ביירות	1
היוזמה	1
שתדון	1
בזכויות	1
בבעיה	1
הלבנוני	1
ראיה	1
המוסר	1
הסעיפים	1
בסיסה	1
ניהל	1
פרימאקוב	1
נסיגה	1
כצעד	1
בזכויותיה	1
ההיסטוריות	1
הנוגעים	1
והצדדים	1
הביןלאומיים	1
יגיעו	1
משביע	1
יועלה	1
פורום	1
ביןלאומי	1
עליון	1
שתוצאות	1
פסיקתו	1
והחלטותיו	1
יהיו	1
תקפות	1
ומחייבות	1
בד	1
המצור	1
הדרגתי	1
ויבוטל	1
החרם	1
אמריקאיתבריטיתצרפתית	1
הוועידה	1
תרחיב	1
דיוניה	1
ותעסוק	1
בבעיות	1
המזרח	1
לרבות	1
המקבלות	1
עסקים	1
מסוכנות	1
זאב	1
בדקו	1
להיחלץ	1
מהקשיים	1
הכספיים	1
שאליהם	1
מחוץ	1
לענף	1
התקיימו	1
שזמיר	1
קשור	1
עמן	1
מקבוצת	1
והמגן	1
האלמנטרי	1
בענף	1
ביטוח	1
משפטיות	1
במטרה	1
נכשלו	1
סגרו	1
הברז	1
ברז	1
לפרשה	1
בדיונים	1
התברר	1
נוטות	1
שניתן	1
נדונה	1
להכניס	1
גורם	1
כשותף	1
בסוכנותו	1
הוצע	1
שהתבררו	1
התנאים	1
פגישה	1
העלתה	1
חיוביות	1
חשש	1
שהזרימה	1
תפעול	1
הסוכנות	1
תגובתו	1
הכחיש	1
חשבונותיו	1
וטען	1
מבחינה	1
משפטית	1
הכחישו	1
טענתו	1
צפויים	1
למגזר	1
העירוני	1
לנוכח	1
כוונתה	1
לנתק	1
זרם	1
ואוקטובר	1
המגיע	1
ל14	1
התכוונה	1
להתחיל	1
בניתוק	1
ב1	1
בנובמבר	1
ארכה	1
לפירעון	1
האנרגיה	1
יובל	1
נאמן	1
ניסה	1
לחיסול	1
לשווא	1
אישר	1
מחברת	1
מצטבר	1
שבגללו	1
באפשרותה	1
לפרוע	1
בעיכוב	1
80	1
כסובסידיה	1
90	1
וכתשלום	1
מפעלי	1
במקורות	1
האשימו	1
הפך	1
איהעברת	1
בדרישת	1
לייקר	1
למתקני	1
יפגע	1
פחות	1
בחקלאים	1
הודות	1
לגשמים	1
שירדו	1
ביומיים	1
בכמויות	1
משמעותיות	1
בצפון	1
הביאו	1
לצמצום	1
ההשקיה	1
עדנה	1
במליאת	1
חובה	1
האשימה	1
שהפך	1
להעלאת	1
וזאת	1
האיומים	1
אומרת	1
העלאת	1
המימון	1
לתפעול	1
אלטרנטיוויים	1
אלמוזלינו	1
שיגרה	1
מברק	1
חופי	1
לדחות	1
החלטתה	1
כתבה	1
הבנתי	1
לצדקת	1
המצטבר	1
להעניש	1
צרכני	1
ולגרום	1
למשק	1
ההזרמה	1
בדעתה	1
שבידם	1
למצוקה	1
ולאפשר	1
תפעולה	1
התקין	1
ותשלום	1
בון	1
סיים	1
שבמהלכו	1
נחתם	1
איהתקפה	1
ארצו	1
מסדיר	1
בשורה	1
תחומים	1
כמסמך	1
היסטורי	1
הקושר	1
גורלן	1
שנציגים	1
תכופות	1
לתאם	1
המדיניות	1
הארצות	1
הממשלות	1
ושרי	1
התחבורה	1
איכות	1
הסביבה	1
חילופי	1
התרבות	1
ועוד	1
הביעה	1
לרשות	1
וטכני	1
שהיקפו	1
המדויק	1
קשר	1
תעמוד	1
בהתחייבות	1
קודמת	1
פינוי	1
הסובייטיים	1
ממזרחגרמניה	1
ולבנות	1
דיור	1
חליפי	1
ל400	1
שישובו	1
לבריהם	1
ההתחייבות	1
מוערכת	1
בכ20	1
ביקורו	1
באווירה	1
לבבית	1
וניתן	1
בולט	1
לסיפוק	1
שהמנהיג	1
תמך	1
פעילה	1
באיחוד	1
הדגשה	1
אדוארד	1
שוורדנאדזה	1
התלווה	1
הגרמני	1
האנסדיטריך	1
בביקור	1
מזרחגרמניה	1
עיר	1
ולאחרונה	1
נוהג	1
מבקרים	1
באוגרסהיים	1
עיירה	1
פאלץ	1
משותף	1
שפאייר	1
התערב	1
בהמון	1
ואלפים	1
הריעו	1
בקריאה	1
נמנעו	1
המארחים	1
הגרמניים	1
מלהפגיש	1
הרחב	1
מחשש	1
לביטחונו	1
לארצו	1
טובה	1
ומועילה	1
הפותחת	1
הזדמנויות	1
גדולות	1
נותרה	1
מעצמת	1
המציעה	1
אפשרויות	1
אדירות	1
למי	1
שמשתפים	1
אתה	1
שארצו	1
תסייע	1
למוסקווה	1
בתהליך	1
הבנייה	1
ותפעל	1
בעלות	1
בריתה	1
שגם	1
יעזרו	1
בשיקומה	1
לוס	1
מייקל	1
אגח	1
הזבל	1
בארנם	1
לאמבר	1
גרף	1
עבודתו	1
בחברה	1
מסכום	1
העתק	1
הלוס	1
84	1
87	1
ה44	1
סכום	1
הטבות	1
550	1
והיה	1
לשכיר	1
שמשכורתו	1
השנתית	1
הגבוהה	1
הטיימס	1
מניתוח	1
שותפויות	1
אותן	1
ועובדיו	1
המועדפים	1
שאשף	1
חשבון	1
וחוקרים	1
מסתמך	1
הניבו	1
הסודיות	1
החזרים	1
אחוזים	1
מההשקעה	1
המקורית	1
בעל	1
גישה	1
ישירה	1
למידע	1
באוזני	1
שהכנסת	1
הברוטו	1
המולטימליונר	1
דיווחי	1
כמסולפים	1
וכוללים	1
מטעה	1
גזר	1
דינו	1
להיחרץ	1
אולי	1
כזכור	1
הודה	1
ב6	1
סעיפי	1
אישום	1
ניצול	1
לרעה	1
ברשותו	1
ונקנס	1
ב006	1
הקודמות	1
ומגמת	1
הירידה	1
נמשכת	1
בהסתמך	1
דוח	1
לפרלמנט	1
שהיתה	1
ספקית	1
השלישית	1
איבדה	1
לקוחות	1
והזמנות	1
ובאמריקה	1
ההתמוטטות	1
ענפי	1
ייצור	1
סך	1
ירדו	1
ל4	1
ב1989	1
76	1
נכתב	1
לחילות	1
הכניס	1
014	1
21	1
918	1
4	1
ב8891	1
לצבאות	1
היבשה	1
הסתכמו	1
ב71	1
315	1
27	1
היצוא	1
הימי	1
ל25	1
005	1
בהשוואה	1
ל42	1
840	1
מדוח	1
הפלישה	1
העיראקית	1
משמעותן	1
שמדינות	1
יצוידו	1
שיישאר	1
ויימכר	1
ללקוחות	1
ובריטניה	1
בשווקים	1
יצטמצם	1
שאנדרה	1
הושבע	1
לראשות	1
המבוססת	1
פרלמנט	1
רבסיעות	1
ותככים	1
שסועה	1
בדלנית	1
דתית	1
ומעמדית	1
הטכס	1
ראמאסוואמי	1
הנשיאות	1
סוציאליסט	1
63	1
מחליף	1
פ	1
סינג	1
שהמפלגה	1
הקיצונית	1
פרשה	1
והממשלה	1
נחלה	1
תבוסה	1
בהצבעת	1
איאמון	1
שהממשלה	1
תחזיק	1
תקופת	1
כהונתה	1
1994	1
טכס	1
ההשבעה	1
קפידבינממשלתו	1
החלשה	1
סיעתו	1
גאנאטה	1
גל	1
56	1
צירים	1
מצירי	1
הבטחת	1
ראגיב	1
ומפלגת	1
סירב	1
להרכיב	1
להצטרף	1
לקואליציה	1
משימתו	1
לאלימות	1
ולבצע	1
החלטות	1
כלכליות	1
תמיכת	1
לשקאר	1
280	1
קולות	1
האישים	1
בתמורה	1
יוכל	1
לקבוע	1
המועד	1
הכלליות	1
הבאות	1
בהן	1
עכשיו	1
מאושר	1
מנהיג	1
קטנה	1
נתונה	1
בסערת	1
רוחות	1
ושאנדרה	1
הפוליטי	1
התפקיד	1
נותר	1
אלא	1
המשימה	1
פרשנים	1
החדשות	1
שייערכו	1
שיירגעו	1
הרוחות	1
למוסלמים	1
בשאלת	1
קפידבינתומכיו	1
הביעו	1
שמחתם	1
מינויו	1
חיכה	1
שנים	1
נשיפה	1
תופים	1
הודית	1
ותזמורת	1
חצוצרות	1
קידמו	1
פניו	1
שיצא	1
ממכוניתו	1
במרחק	1
מביתו	1
שהתאסף	1
בהתלהבות	1
לנגוע	1
סימן	1
הודי	1
עתיק	1
מתן	1
כבוד	1
מעריצים	1
הרימו	1
והובילו	1
פתח	1
דיפלומטים	1
המערב	1
נחרדו	1
בהנהגת	1
ממש	1
מצחיק	1
נעבוד	1
מייצגת	1
ההודי	1
סבור	1
תיאר	1
כזנב	1
קטן	1
מקשקש	1
הכלב	1
בהיסטוריה	1
הפרלמנטארית	1
סערת	1
העוברת	1
בעיות	1
שלעתים	1
להן	1
ההינדיתמוסלמית	1
סביב	1
תכנית	1
מכסת	1
השריון	1
במשרות	1
ממשלתיות	1
לקסטות	1
הנמוכות	1
מ225	1
לכמעט	1
50	1
תלמידי	1
ספר	1
וסטודנטים	1
הקסטות	1
הגבוהות	1
מחו	1
התעצמו	1
המרידות	1
בפנגאב	1
ובקשמיר	1
בשתי	1
שבתחום	1
נהרגו	1
4000	1
הנוכחית	1
מרד	1
בדלני	1
מתרחש	1
אסאם	1
שקועה	1
עמוק	1
שהחריף	1
פלישת	1
התושבים	1
מתלוננים	1
עליות	1
חדות	1
במחירי	1
המזון	1
והדלק	1
ואינפלציה	1
הצועדת	1
דוספרתי	1
שרפה	1
רביעית	1
הירקון	1
השרפה	1
התלקחה	1
בסביבות	1
השעה	1
5	1
אחהץ	1
במרתף	1
עשן	1
אפף	1
הקומות	1
והאורחים	1
מועדון	1
הושלך	1
המעלית	1
סדין	1
בוער	1
שרפות	1
מכבי	1
האש	1
בהצתה	1
נערכה	1
נורווגי	1
32	1
כחשוד	1
התייר	1
נעצר	1
לארבעה	1
שוחרר	1
שהשרפות	1
פרצו	1
מעצרו	1
הגיעו	1
למלון	1
פקד	1
והחלו	1
בתחקור	1
הפועלים	1
מלון	1
חושד	1
באף	1
מהעובדים	1
קרה	1
בפעם	1
משוגע	1
כלכותה	1
איפי	1
שחטפו	1
התעופה	1
התאילנדית	1
לכוחות	1
ההודיים	1
221	1
הנוסעים	1
ואנשי	1
צוותו	1
המטוס	1
בדרכו	1
מבנגקוק	1
לראנגון	1
טאראן	1
דאל	1
מערב	1
בנגאל	1
קודם	1
לכניעת	1
הזדהו	1
כצעירים	1
ומסרו	1
רשימת	1
התקבלה	1
מקבוצה	1
ידועה	1
החטיפה	1
נועדה	1
לעולם	1
להקשיב	1
לכמיהת	1
הבורמזי	1
לדמוקרטיה	1
וזכויות	1
לנו	1
בנוסעים	1
ובצוות	1
חתמו	1
בטביעות	1
אגודליהם	1
המדממים	1
והבהירו	1
תקבלו	1
דרישותינו	1
נסגיר	1
עצמנו	1
בשלום	1
לשלטונות	1
משלטונות	1
בורמה	1
לשחרר	1
האסירים	1
לשלטון	1
ולהעביר	1
נבחרת	1
תאילנד	1
שהשלטון	1
יימסר	1
לידי	1
ומתנגדי	1
העצורים	1
פליטים	1
באוקטובר	1
חטפו	1
סטודנטים	1
בורמזי	1
בטיסת	1
ואילצו	1
הטייס	1
לנחות	1
כלואים	1
דרש	1
שחרורם	1
נאבקים	1
שתפסה	1
דיכוי	1
המוניות	1
דמוקרטיה	1
במאי	1
נערכו	1
בחירות	1
הלאומית	1
הכת	1
סירבה	1
לאופוזיציה	1
שזכתה	1
בניצחון	1
סוחף	1
מנהיגי	1
במעצר	1
מעלההאדומים	1
התהפך	1
תיירת	1
כבת	1
65	1
ו41	1
התיירים	1
צליינים	1
מאנגליה	1
שהגיעו	1
והתגוררו	1
פילגרימם	1
פאלס	1
יצאו	1
אוטובוסים	1
לטיול	1
במצדה	1
851	1
החליק	1
האוטובוסים	1
תיירות	1
מנצרת	1
מעלהאדומים	1
הסתחרר	1
פעמים	1
בצדי	1
הדרך	1
גבו	1
באוטובוס	1
עת	1
ומורהדרך	1
שחלקם	1
נזרקו	1
מהאוטובוס	1
ונשכבו	1
האוטובוס	1
בלם	1
בלימת	1
פתע	1
וככל	1
הנראה	1
מהפצועים	1
הר	1
מבתי	1
מאושפזים	1
והדסה	1
מצבם	1
נהרג	1
ושניים	1
קטלנית	1
הצהרים	1
תלאביב	1
שער	1
הגיא	1
ההרוג	1
והפצועים	1
לימור	1
רהב	1
מקרית	1
דייהטסו	1
חזרה	1
מבילוי	1
ידידיה	1
התנגשה	1
בעמוד	1
במורד	1
מורן	1
נחום	1
מקריית	1
ביאליק	1
ונהג	1
דיאמונד	1
והועברו	1
שברשותו	1
רישיון	1
נהיגה	1
בגילופין	1
התאונה	1
400	1
בוקר	1
כשמכונית	1
ביצעה	1
פניית	1
פרסה	1
בצומת	1
יגור	1
והתנגשה	1
במכונית	1
שנסעה	1
מולה	1
נוסע	1
והשאר	1
הפצועים	1
ובני	1
ציון	1
רוטשילד	1
ילד	1
מחולון	1
הילד	1
חצה	1
ילדה	1
7	1
היסוד	1
במעבר	1
חציה	1
רכב	1
חונים	1
נהוגה	1
מבתים	1
בילד	1
ניידת	1
נמרץ	1
פינתה	1
ברמתגן	1
לילד	1
שנפצע	1
בראשו	1
נשקפת	1
שבבעלות	1
להפקיע	1
סמכויותיו	1
בתפקידו	1
כמנכל	1
שנקלעה	1
לחובות	1
ולהמליץ	1
בפניה	1
העברתו	1
שהות	1
ממצאיה	1
החמורים	1
הכספי	1
לישיבה	1
שהתקיימה	1
לחברי	1
מכתב	1
למשך	1
ששה	1
שימונה	1
יבדוק	1
הטענות	1
נגדו	1
מוכנים	1
יציאתו	1
פהאחד	1
הבורר	1
ריצרד	1
ערמון	1
זעם	1
סיכום	1
מפורש	1
נשאר	1
ראו	1
בהיעדרותו	1
זלזול	1
זומן	1
שאלותיה	1
קבעה	1
מסקנותיה	1
להיפגש	1
בדוח	1
המסמכים	1
הדרושים	1
שמסמכים	1
נכתבו	1
לדאוג	1
בראש	1
יעמדו	1
המסוגלים	1
קפידבינמשמעות	1
ההמלצה	1
החלפת	1
דרג	1
בכלל	1
המשנה	1
פלג	1
ומנהל	1
מכללת	1
חברהבת	1
זיידנברג	1
ומכללת	1
ביתברל	1
הוערכו	1
הגשת	1
מ20	1
חוברו	1
דוחות	1
שבוצעו	1
חוגי	1
לימוד	1
הוכנסו	1
שנבדקה	1
כדאיותם	1
נעשו	1
בנייה	1
בעלת	1
מדי	1
ונרכש	1
מחשב	1
ברבע	1
לצרכי	1
המכללה	1
ונותר	1
התקיים	1
דיון	1
הפיטורים	1
לבסוף	1
הסמכויות	1
הניהוליות	1
תקנון	1
סמכות	1
לפטר	1
ולכן	1
תפורסם	1
זימון	1
באספה	1
תבקש	1
לשנות	1
התקנון	1
ולהאציל	1
הסמכות	1
88	1
החשבון	1
הצעתי	1
לערמון	1
שאתפטר	1
התנאי	1
שלי	1
שיבדוק	1
ההשמצות	1
מזה	1
להישאר	1
סומך	1
אמינה	1
בעיני	1
איאבק	1
האמצעים	1
משפטיים	1
שבפקודות	1
הקבע	1
ייאמר	1
במפורש	1
ייצאו	1
למשמרת	1
ההנחיות	1
שרק	1
בתפקידים	1
ולמשימות	1
מיוחדות	1
להצטייד	1
באפוד	1
להכין	1
קלים	1
הקיימים	1
נועדו	1
לגונן	1
כדורי	1
תתמקלע	1
האחראים	1
טכנולוגיות	1
שעוסקות	1
במיגון	1
צריכים	1
לייצר	1
אפודים	1
שיהיו	1
עמידים	1
ינועו	1
בסיורים	1
בצמדים	1
ובשלשות	1
משוכנע	1
מפתחים	1
תרגולות	1
וטכניקות	1
שמירה	1
והגנה	1
הדדית	1
ההוראות	1
פתיחה	1
נותנות	1
תשובה	1
למקרי	1
תקיפה	1
מישהו	1
מתנפל	1
רשאי	1
לפתוח	1
שאחרי	1
שהתרחשו	1
משמשים	1
מטרה	1
הקיצוניים	1
המוזנים	1
אישים	1
איסלאמיים	1
עמדות	1
קיצוניות	1
שאנו	1
להתפתחויות	1
הכרנו	1
המוסלמי	1
הקיצוני	1
אנו	1
רואים	1
המושפעים	1
ומוכנים	1
להסתכן	1
ולעתים	1
להקריב	1
ולהתאבד	1
מטרתם	1
המציאות	1
מחייבת	1
יתר	1
ערנות	1
וחשדנות	1
מצדם	1
מצדיקה	1
טכניקות	1
חדשות	1
עצמית	1
להגביר	1
ביטחונם	1
הישנות	1
הדקירות	1
שמי	1
שבחר	1
במקצוע	1
הכרוכים	1
ואירוע	1
משפיע	1
תפקודם	1
המוראל	1
תחושה	1
סולידאריות	1
שייכות	1
ומסירות	1
המאפשרת	1
ללובשי	1
המדים	1
להמשיך	1
ולמלא	1
המשימות	1
הקשות	1
המוטלות	1
מושבו	1
שתקף	1
יריבו	1
לעם	1
התנצל	1
בפומבי	1
הקהילה	1
מגוריו	1
במדינת	1
התנצלותו	1
בכתביד	1
מקדש	1
ומשפחתו	1
שהרשה	1
למטה	1
נזק	1
ומקבל	1
אחריות	1
למעשה	1
שהביס	1
פול	1
וולסטן	1
רואה	1
סתירה	1
פומבית	1
לפלשתינאים	1
בשטחים	1
תינתן	1
כלשהי	1
פלשתינאיים	1
וישראליים	1
46	1
למדע	1
ניצח	1
ג	1
הסנאטורים	1
היהודיים	1
הסנסאציה	1
הגדולה	1
לקונגרס	1
בןלילה	1
מאלמוניות	1
אקדמית	1
עמודו	1
ואל	1
הטלוויזיה	1
רבתהיוקרה	1
נייטליין	1
היומיים	1
בסימן	1
מידת	1
לקהילה	1
ולעם	1
מאמינים	1
נייר	1
המכתבים	1
הרשמי	1
בחתימתו	1
עלתה	1
במושבו	1
עוררה	1
במדינתו	1
במיניאפוליס	1
שבושוויץ	1
המקומי	1
דרשה	1
בגנות	1
בקהילה	1
התאוששו	1
במהירות	1
תבוסתו	1
והתחילו	1
הכנות	1
לארגן	1
לוולסטון	1
שיושבע	1
בראיון	1
טלפוני	1
ממיניאפוליס	1
נושא	1
פוליטיקאי	1
לעמוד	1
מקרוב	1
שנכללה	1
לאלפי	1
יהודים	1
מינסוטיים	1
עסקה	1
בקשרי	1
גסי	1
מראשי	1
האגף	1
השמאלי	1
מטהו	1
המוקדמות	1
לנשיאות	1
ב88	1
המכתב	1
התנער	1
מהשקפותיו	1
המזהת	1
שוולסטון	1
מכחיש	1
בהתבטאות	1
ראשונה	1
בחירתו	1
לתחנת	1
טלוויזיה	1
תומך	1
תקיף	1
ומתנגד	1
קיצוץ	1
באשר	1
חושש	1
יזין	1
האשליה	1
ארצות	1
אחרות	1
שהן	1
יוכלו	1
מידה	1
אהבת	1
מסוימת	1
הייתי	1
שאותה	1
ימנית	1
נחוץ	1
קצת	1
משאומתן	1
וקצת	1
התפייסות	1
הסדר	1
שטחים	1
תמורת	1
מדבר	1
ספציפית	1
אופי	1
ההסדר	1
החדש	1
סוג	1
מפורזת	1
הנוכחי	1
וישראלים	1
ולסטון	1
רעייתו	1
הלאיהודיה	1
שילה	1
בתפילת	1
סטיבן	1
פינסקי	1
איהבנה	1
כללי	1
המשחק	1
שירתו	1
אותנו	1
כיהודים	1
סטאר	1
טריביון	1
בעמודו	1
פרוישראליים	1
שאמרו	1
אבדנו	1
ידיד	1
פוטנציאלי	1
בתביעה	1
ממשרדי	1
והפנים	1
לחלץ	1
יישובי	1
ממצוקתם	1
שבני	1
עדה	1
המשלמים	1
בדם	1
בניהם	1
יתקשו	1
איפירעון	1
ביתגאן	1
שיכל	1
מבניו	1
3	1
מבני	1
כפר	1
נאלץ	1
לשבות	1
תובע	1
מממשלת	1
הכל	1
מהיישובים	1
לממש	1
ולשבות	1
בעדה	1
נאמנה	1
המתייצבת	1
לימין	1
ושר	1
רפאל	1
מנסים	1
שהציעו	1
בנפרד	1
יתכנס	1
לבחור	1
שיחליף	1
צבי	1
אמיד	1
למשרה	1
מפקד	1
והאלקטרוניקה	1
רשות	1
הדואר	1
קאול	1
התנגדותו	1
להצעתו	1
סוכם	1
מהשרים	1
יציע	1
מועמדו	1
וחברי	1
יכריעו	1
השניים	1
אבי	1
עוזר	1
שמואל	1
עמיאל	1
ניצן	1
יוצר	1
נציגים	1
בדירקטוריון	1
התקציבים	1
והאחראי	1
תחום	1
רם	1
בלינקוב	1
וסגן	1
החשב	1
הכללי	1
טפר	1
צורפו	1
עקיבא	1
אטון	1
ומקורבו	1
ברכה	1
צורף	1
יהודה	1
דרורי	1
שוק	1
ההון	1
מסמך	1
מפורטים	1
קורות	1
וקאול	1
הוזמנו	1
להופיע	1
שהבחירה	1
שיקול	1
הדעת	1
הדירקטורים	1
תובעת	1
מרידור	1
להגדיר	1
בפנייתה	1
טענה	1
עונה	1
הגדרות	1
שנקבעו	1
בחוק	1
משר	1
הנושא	1
הקרובה	1
במכתבה	1
למרידור	1
הקצנה	1
ניכרת	1
בהתבטאויותיה	1
ופעולותיה	1
מגמה	1
באה	1
לכדי	1
בקריאות	1
לאחוז	1
ובאיומים	1
באישים	1
בתביעתה	1
להגדרת	1
הפקודה	1
למניעת	1
המגדירה	1
כחבר	1
המשתמש	1
בפעולותיו	1
למותו	1
לחבלתו	1
באיומים	1
לאלה	1
שנדקר	1
מוסיף	1
יצא	1
מכלל	1
נותח	1
משש	1
בביהח	1
שוהה	1
ההתאוששות	1
בשעת	1
שנצטוו	1
אחמד	1
ראבו	1
נתניה	1
וצוער	1
בקורס	1
סמלים	1
שהה	1
התגבור	1
שהובאו	1
לעיר	1
בבקעה	1
ובהלוויית	1
900	1
המאפיות	1
סיור	1
שגרתי	1
עצים	1
כשסכין	1
חברו	1
לסיור	1
חש	1
השכיב	1
המדרכה	1
ושלף	1
מגופו	1
התמוטט	1
פגו	1
השכבתי	1
הרצפה	1
והוצאתי	1
וניסיתי	1
לחסום	1
אמבולנס	1
מהר	1
רדפו	1
בכיוון	1
מגרש	1
החניה	1
וירו	1
ברגליו	1
בתת	1
מקלע	1
עוזי	1
שברשותם	1
ונלכד	1
מחקירתו	1
הלומד	1
במכללת	1
אבודיס	1
נסע	1
לבקר	1
ביריחו	1
ואתמול	1
לירושלים	1
ומשם	1
רגלית	1
במעלה	1
רח	1
נכנס	1
העצים	1
והמתין	1
עברו	1
בפתח	1
החנות	1
כשהסכין	1
ודקר	1
למקום	1
משטרה	1
וצוותים	1
טיפלו	1
בעופר	1
ואיבד	1
הכרתו	1
הובא	1
דופק	1
ומונשם	1
מיון	1
הוכנס	1
לחדר	1
הניתוחים	1
עמלו	1
כירורגים	1
איחוי	1
העצבים	1
וכלי	1
שנקרעו	1
מהסכין	1
שנפגע	1
ברגל	1
נלקח	1
אפודות	1
ומיד	1
מפכל	1
לשוטרים	1
להקפיד	1
לדוקר	1
נחקר	1
ארוכות	1
השבך	1
המנסה	1
לברר	1
פעל	1
נשלח	1
המניע	1
למעשהו	1
אירוע	1
שיבח	1
התגובה	1
לולא	1
פוגעים	1
ותופסים	1
לחגאבי	1
ושאר	1
ביטחון	1
שהדקירה	1
נמנעת	1
לבוש	1
המפכל	1
סיירו	1
בקטע	1
הרחוב	1
שבין	1
מוסרארה	1
לאבטח	1
מתפללים	1
העושים	1
דרכם	1
לכותל	1
המערבי	1
ובחזרה	1
הפיגוע	1
נסגר	1
הסוחרים	1
נעלו	1
החנויות	1
המקרה	1
דקירת	1
בתוך	1
עשרה	1
העלייה	1
בשיעור	1
בארץ	1
העמידה	1
לבחון	1
חלופות	1
למסגרות	1
טיפוליות	1
בקשישים	1
ניסוי	1
שהשלים	1
שנת	1
הפעילות	1
רעיון	1
פותח	1
בחסות	1
האגודה	1
אשל	1
ובשיתוף	1
הלאומי	1
העיקרון	1
שהנחה	1
הפיתוח	1
צעירה	1
שתקבל	1
לביתה	1
קשישים	1
להעניק	1
סביבה	1
תומכת	1
ותקל	1
הצוות	1
הסיעודי	1
הטיפול	1
בקשיש	1
נבחרה	1
כאתר	1
הניסוי	1
שענתה	1
קריטריונים	1
ברשות	1
המקומית	1
ומעורבות	1
אינטנסיווית	1
בטיפול	1
הפרויקט	1
הלשכה	1
לשירותים	1
חברתיים	1
לשכת	1
וקופת	1
המשפחתונים	1
שהופעלו	1
מספקים	1
ארוחות	1
עבודות	1
הרצאות	1
והפעלה	1
שנבחרו	1
תשישות	1
פיסית	1
נפשית	1
תפקוד	1
לקוי	1
המתגוררים	1
בבתיהם	1
ומהווים	1
מעמסה	1
טיפולית	1
לדברי	1
המודל	1
שפותח	1
מתאים	1
ליישובים	1
קטנים	1
כדאיות	1
כלכלית	1
לבניית	1
מעונות	1
מורשעי	1
הרשעתם	1
הורשעו	1
פיקוד	1
הדרום	1
בגרימת	1
ונידונו	1
לעונשי	1
בדרגה	1
שיחות	1
ודיונים	1
לסניגוריהם	1
וגובשה	1
דעה	1
מקום	1
העונשים	1
גדי	1
גנבה	1
אלי	1
שוקרון	1
המורשע	1
המגד	1
סרן	1
הורשע	1
אישי	1
השיחות	1
והמלצות	1
בצהרים	1
תפול	1
ההכרעה	1
הסופית	1
רשף	1
שנידון	1
חודשיים	1
בפועל	1
והורדה	1
בא	1
כוחו	1
עורך	1
משה	1
הוכן	1
הסופי	1
יתייחס	1
חוקיות	1
בעליל	1
שניתנו	1
לחיילים	1
קולת	1
העונש	1
שמישהו	1
שהורשעו	1
תגיש	1
לנאשמי	1
ערערו	1
בזמנו	1
ומספר	1
ביטלו	1
שהובטח	1
בצהל	1
יקלו	1
בעונשם	1
חנינה	1
ואכן	1
עונשם	1
נאשמי	1
הוקל	1
מהפרקליטות	1
העבירו	1
לקצינים	1
הבכירים	1
ששמותיהם	1
הוזכרו	1
ותזמן	1
לחקירה	1
מחט	1
אלם	1
אפי	1
איתם	1
לאלוף	1
מרדכי	1
ולתת	1
אלוף	1
אור	1
להורות	1
פתיחת	1
המחלקה	1
לאפידמיולוגיה	1
קלינית	1
זכה	1
בפרס	1
סמואל	1
ופאולה	1
אלקלס	1
זל	1
בסך	1
פראנקים	1
שווייצריים	1
עתידיים	1
נבחר	1
פה	1
המדען	1
עודד	1
מפעל	1
חייו	1
ותרומתו	1
המדעית	1
והציבורית	1
האפידמיולוגיה	1
הקלינית	1
הוענק	1
התרומה	1
לעריכת	1
אפידמיולוגיים	1
שתרמו	1
להבנת	1
סכרת	1
ולחץ	1
בהתפתחות	1
לדוגמא	1
הקרנות	1
למחלת	1
גזזת	1
שהפרס	1
מחולק	1
לאנשי	1
רפואה	1
אורצקי	1
שמעון	1
גליק	1
כדיקן	1
למדעי	1
גוריון	1
ודר	1
מתכנן	1
המתקפה	1
לתקופת	1
האביב	1
שהעיצומים	1
ישפיעו	1
התקופה	1
הגשומה	1
שבה	1
קושי	1
לניידות	1
תוקפים	1
כוויית	1
ודרום	1
המצוטטים	1
לייחוס	1
יחליט	1
יזומה	1
הגעת	1
שתושלם	1
כנראה	1
באמצע	1
למארס	1
ישרור	1
מזג	1
נוח	1
ללחימה	1
ובתחילת	1
מארס	1
יחל	1
הרמדאן	1
שלקראת	1
סיומו	1
אלפים	1
ואולי	1
מיליונים	1
מוסלמים	1
מרחבי	1
העולם	1
אדמת	1
הצפי	1
לענייני	1
אפוא	1
אולטימאטום	1
התקפי	1
יידחה	1
אפרילמאי	1
מודעות	1
בממשל	1
לבעייתיות	1
שבהחזקת	1
קיומו	1
ממשיכה	1
איומים	1
ההגנה	1
ריצארד	1
מתכוון	1
בשיטה	1
רוטאציה	1
הודעתו	1
משקפת	1
במדיניות	1
שהכריז	1
כחודש	1
שבכוונתו	1
מטרת	1
להחריף	1
ההתקפי	1
ולאותת	1
התקפית	1
עשויה	1
להינקט	1
בקרוב	1
סבורים	1
הסיבה	1
פשוטה	1
מספיקים	1
בעורף	1
שבחזית	1
שצוטטו	1
להודיע	1
פרישת	1
נובעת	1
מהרצון	1
שסדאם	1
יחזור	1
לעשתונותיו	1
המפתח	1
שאיאפשר	1
לטעות	1
רציניים	1
גיימס	1
לוואשינגטון	1
שבוע	1
בבחריין	1
טורקיה	1
לונדון	1
ופאריס	1
הסכמת	1
האופציות	1
האחרות	1
סיורו	1
ששהה	1
החישוקים	1
המהדקים	1
נותרו	1
איתנים	1
הדעות	1
היחידים	1
להמתין	1
לעיצומים	1
פעולתם	1
פראנסואה	1
מיטראן	1
המנהיגים	1
איתנה	1
ומאוחדת	1
תישאר	1
שלל	1
האופציה	1
לאלץ	1
תילחם	1
מפורשת	1
בפאריס	1
הקריטיות	1
שפקידים	1
גדודים	1
בלחימה	1
פאריס	1
תחנתו	1
האחרונה	1
בסיורו	1
בביקורו	1
בבריטניה	1
סיכם	1
מארגרט	1
שוב	1
מרגרט	1
סבורה	1
שההחלטות	1
נתקבלו	1
מאפשרות	1
אישור	1
לתאצר	1
וסין	1
יטילו	1
וטו	1
מפי	1
בפמלייתו	1
שבייקר	1
מפקפק	1
ברצונם	1
הסורים	1
ימשיך	1
ובמישור	1
יימשכו	1
ההתייעצויות	1
בקואליציה	1
יישמעו	1
הצהרות	1
נוקשות	1
ויינקטו	1
יוזמות	1
נוספות	1
מעבדת	1
עמיתותיה	1
לחציהאיערב	1
למצבת	1
034000	1
הפרישה	1
המתוכננת	1
תשתווה	1
הקרקעית	1
לעוצמת	1
ותוגבר	1
האווירית	1
והימית	1
היתר	1
נושאות	1
מטוסים	1
אניית	1
מערכה	1
מ001000	1
ומלחים	1
ומאות	1
טנקים	1
מדגם	1
אם1איי1	1
הנחשב	1
לטנק	1
המערכה	1
החדיש	1
דיוויזיות	1
שריון	1
המוצבות	1
יושלם	1
ויהיה	1
זר	1
וייטנאם	1
בווייטנאם	1
ל543000	1
ב1969	1
בקונגרס	1
המפלגות	1
מתחו	1
חריפה	1
נועץ	1
מצבת	1
המבקרים	1
ויליאם	1
ברומפילד	1
מפלגתו	1
בוועדת	1
החלה	1
להתארגן	1
תנועה	1
גדולה	1
שחורים	1
המתנגדים	1
למלחמה	1
בצד	1
קבוצות	1
אנטימלחמתיות	1
קטנות	1
שאינן	1
מבוססות	1
מאפיינים	1
גזעיים	1
סקר	1
דעתקהל	1
שנערך	1
אזרחים	1
בבחירות	1
מעלה	1
71	1
מבין	1
הנשאלים	1
הלבנים	1
צידדו	1
44	1
משחורי	1
העור	1
תומכים	1
שרי	1
איצמת	1
אלמגיד	1
וסעוד	1
אלפייסל	1
נפגשו	1
אסד	1
הנמל	1
לטקיה	1
דנו	1
להשתתף	1
במתקפה	1
וכיצד	1
להצעת	1
שמתכוונת	1
שלפיה	1
תאוזכר	1
בפירוש	1
סוריה	1
תשלח	1
12	1
נמצאים	1
7000	1
סוריים	1
ו34	1
מצריים	1
שישי	1
הכינה	1
הודיעה	1
תמהר	1
לתמוך	1
בהחלטת	1
קואן	1
יוצא	1
מדינה	1
לפעולה	1
בהתייעצויות	1
מפורטות	1
בתום	1
הירדני	1
לירדן	1
ולסין	1
עמדה	1
משותפת	1
למשבר	1
טועים	1
שסבורים	1
לתקוע	1
טריז	1
בחזית	1
שיש	1
למצות	1
האפשרויות	1
הפוליטיות	1
והדיפלומטיות	1
לפתור	1
בדרכי	1
הסוציאלדמוקרטי	1
וילי	1
משליחות	1
הצלחת	1
המסע	1
הביא	1
לפראנקפורט	1
180	1
בניערובה	1
כ120	1
גרמנים	1
השמרנית	1
הודתה	1
לבראנדט	1
שבשלבים	1
הסתייגה	1
ממנה	1
השינוי	1
בעמדת	1
הקאנצלר	1
נבע	1
המתנהל	1
ולחצן	1
בניהערובה	1
יקיריהן	1
השוהים	1
מוחמד	1
צאדק	1
אלמשאט	1
תרחיק	1
דבריו	1
שיגור	1
תגבורת	1
בהתייחסו	1
להתקפה	1
משאט	1
מטרידים	1
הבחורים	1
שלכם	1
וההתקפה	1
תביא	1
העוינות	1
המוסלמים	1
פעולת	1
תוקפנות	1
ממדינה	1
מוסלמית	1
מארץ	1
קדושה	1
תושבי	1
השטחים	1
רשימה	1
כ2400	1
שמות	1
יורשו	1
להיכנס	1
תעודות	1
זהות	1
ירוקות	1
חולקו	1
כרטיסים	1
מגנטיים	1
ונאסרה	1
דיווחו	1
שאירעו	1
במספר	1
חם	1
שיפא	1
נפטרה	1
אשה	1
מדלילה	1
אלעמסי	1
נוסייראת	1
שנדקרה	1
שנחשדה	1
חנקו	1
רעוליפנים	1
ריאד	1
מחמוד	1
שאטי	1
מרוואן	1
עבדאללה	1
ריבעווי	1
28	1
באייד	1
עלעדי	1
52	1
המנהל	1
האזרחי	1
נדקר	1
בחאן	1
יונס	1
חארבי	1
שקרה	1
ונלקח	1
בגיבאליה	1
נפת	1
סגןניצב	1
יגאל	1
גולן	1
בחלקם	1
גורסים	1
שיתוף	1
שלחלק	1
מהמעורבים	1
קפידבינברצועה	1
שנפצעו	1
בעימותים	1
נרשמו	1
יימשך	1
ברוב	1
ברצועה	1
שקט	1
לסירוגין	1
קפידבינבסוף	1
מועט	1
ה63	1
לתחילת	1
ההתקוממות	1
שטחי	1
בסגר	1
בתקרית	1
התפילה	1
במסגדים	1
איסלאם	1
גיבריל	1
אלמה	1
מקליע	1
בקאסבה	1
תהלוכה	1
העממית	1
לשחרור	1
פלשתין	1
לתפישת	1
חוליית	1
הנשר	1
האדום	1
בשכם	1
ולמותו	1
החוליה	1
איימן	1
רוזה	1
התהלוכה	1
התפתחו	1
התנגשויות	1
וחיילי	1
רימוני	1
מתצפיות	1
צבאיות	1
הגגות	1
לפזר	1
מיידי	1
אבנים	1
רימון	1
שניפץ	1
שמשתה	1
עוצר	1
אזאוויה	1
בנפת	1
גנין	1
שרעולי	1
ניסו	1
לדקור	1
מוכתר	1
ארון	1
ברקין	1
58	1
שנחשד	1
המוכתר	1
הצפוי	1
בתקציב	1
שיוגש	1
בחוגים	1
כלכליים	1
גוברת	1
התחזקה	1
ההערכה	1
בחול	1
חלק	1
נכבד	1
מהסכום	1
הדרוש	1
שהניחה	1
בכמה	1
ראיונות	1
ברדיו	1
הצטרף	1
רובין	1
יועצו	1
הכלכלי	1
לתומכים	1
שיעור	1
המעם	1
נגיד	1
מיכאל	1
ברונו	1
מנוס	1
מהכבדת	1
לציין	1
שלפני	1
כחודשיים	1
הדיונים	1
ובנק	1
התגלעו	1
חריפים	1
המותר	1
מאסיווית	1
תעסוקה	1
במשק	1
התנגדו	1
להגדלת	1
לקו	1
מסוים	1
התחילו	1
עקרונית	1
פורמאלית	1
גובשה	1
מדגישים	1
