di	450
e	295
il	223
la	188
che	184
in	147
a	134
i	121
un	119
le	108
del	102
della	101
è	99
per	98
shakespeare	81
una	77
non	70
più	63
nel	62
come	60
gli	58
da	57
delle	57
dei	57
sono	55
si	52
ma	48
con	45
ha	43
alla	34
al	34
crescita	33
hanno	30
ad	27
opere	26
o	26
degli	25
nella	25
tra	24
lo	23
parte	23
suo	22
sua	22
ai	21
loro	21
alcuni	21
anche	21
due	20
dal	20
se	20
cina	20
questo	19
modo	19
intellettuale	19
quando	18
anni	18
essere	18
ne	18
questa	18
paesi	18
proprietà	18
sviluppo	17
sulla	16
sue	16
su	16
questi	16
stati	16
ora	16
cui	15
mercati	15
economie	15
finanziario	15
vita	14
negli	14
sia	14
mondo	14
investimenti	14
stato	13
nelle	13
quella	13
erano	13
può	13
noi	13
società	13
carne	13
molti	12
altri	12
molto	12
aziende	12
lavoro	11
periodo	11
tragedie	11
secondo	11
solo	11
era	11
alle	11
fatto	11
tutti	11
pcb	11
tasso	11
uniti	11
settore	11
dalla	10
sonetti	10
tempo	10
quello	10
ed	10
via	10
delleconomia	10
crisi	10
tutto	9
spesso	9
re	9
folio	9
esempio	9
senza	9
ben	9
verso	9
perché	9
balena	9
delfino	9
emergenti	9
leconomia	9
sistema	9
cinese	9
secolo	8
lear	8
critico	8
altre	8
così	8
queste	8
potrebbe	8
teatrali	8
prima	8
primo	8
dopo	8
mentre	8
li	8
dalle	8
particolare	8
ogni	8
quelle	8
uno	8
piramide	8
proprio	8
invece	8
stranieri	8
globale	8
finanziaria	8
mercato	8
pil	8
traduzione	7
amleto	7
suoi	7
teatro	7
possono	7
dagli	7
durante	7
studiosi	7
sul	7
stesso	7
fine	7
gruppo	7
insieme	7
soprattutto	7
nei	7
cosa	7
loceano	7
base	7
persone	7
ciò	7
fa	7
2014	7
lindia	7
governi	7
flussi	7
ancora	7
lue	7
diretti	7
miliardi	7
dollari	7
lucraina	7
morte	6
politica	6
scrisse	6
quel	6
critici	6
altro	6
otello	6
serie	6
personaggi	6
versi	6
meno	6
prime	6
john	6
first	6
state	6
caso	6
oggi	6
poco	6
stile	6
pari	6
sotto	6
allinterno	6
ci	6
grande	6
abbiamo	6
realtà	6
alimentare	6
accumulano	6
polistirolo	6
noccioline	6
delfini	6
problemi	6
ricerca	6
economico	6
globali	6
rapida	6
decenni	6
capitale	6
paese	6
lungo	6
economica	6
infatti	6
diritti	6
cittadini	6
quindi	6
locali	6
potrebbero	6
banche	6
partner	6
future	6
generazioni	6
romeo	5
giulietta	5
tragedia	5
thomas	5
nuovo	5
dramma	5
elementi	5
forse	5
furono	5
propria	5
macbeth	5
fino	5
vengono	5
volta	5
senso	5
poeta	5
prova	5
nello	5
globe	5
attori	5
fra	5
edizioni	5
fare	5
causa	5
linguaggio	5
sempre	5
naturale	5
90	5
ultimi	5
sui	5
risultato	5
forte	5
maggiore	5
davvero	5
esseri	5
quale	5
ho	5
stanno	5
finanza	5
mondiale	5
leuropa	5
riguarda	5
rallentamento	5
reddito	5
tassi	5
dovrebbero	5
unampia	5
quota	5
risorse	5
problema	5
politici	5
reale	5
commerciali	5
moderna	5
inoltre	5
riduzione	5
sfide	5
ucraina	5
giulio	4
cesare	4
tipo	4
eventi	4
bene	4
errori	4
pubblico	4
meglio	4
tre	4
stata	4
compagnia	4
theater	4
resto	4
posto	4
1599	4
men	4
william	4
riccardo	4
robert	4
parti	4
tuttavia	4
unopera	4
già	4
quarto	4
cè	4
dato	4
creare	4
terzo	4
carriera	4
privati	4
aveva	4
agli	4
desiderio	4
necessità	4
ampie	4
tradizionale	4
allo	4
tratta	4
forza	4
crescere	4
of	4
jonson	4
conseguenza	4
termini	4
contro	4
nuovi	4
sostengono	4
madre	4
contributo	4
salute	4
umani	4
cose	4
grandi	4
qui	4
inquinanti	4
quelli	4
catena	4
cima	4
date	4
attraverso	4
quei	4
piccolo	4
feb	4
finanziari	4
economisti	4
massicci	4
governo	4
gran	4
prezzi	4
miglioramento	4
dai	4
internazionale	4
termine	4
sta	4
commercio	4
funzionari	4
beni	4
aumento	4
momento	4
portare	4
deve	4
solido	4
rappresenta	4
valore	4
produttività	4
farmaci	4
famiglie	4
livello	4
sarà	4
oltre	4
previsione	4
opportunità	4
settori	4
gestione	4
risparmio	4
finanziarie	4
dove	4
guerra	4
sì	4
ribilanciamento	4
standard	4
xvii	3
maggiori	3
differenza	3
fu	3
genere	3
sessuale	3
tal	3
moglie	3
tragico	3
buoni	3
lady	3
ultime	3
importanti	3
eliot	3
romance	3
portò	3
tiro	3
potenzialmente	3
chiaro	3
quali	3
seguito	3
the	3
vi	3
maggior	3
nome	3
kings	3
nonostante	3
nuove	3
henry	3
ruolo	3
1623	3
molte	3
diverse	3
stessi	3
simili	3
adone	3
poema	3
viene	3
entrambi	3
volte	3
donna	3
1609	3
abbia	3
brillanti	3
corso	3
francis	3
reali	3
cuore	3
talvolta	3
piuttosto	3
soliloqui	3
esiste	3
migliore	3
forma	3
giambico	3
frasi	3
usa	3
effetti	3
trama	3
ispirato	3
genio	3
diversi	3
interesse	3
possa	3
varie	3
aspetti	3
successivi	3
far	3
americano	3
devono	3
samuel	3
inglesi	3
crescente	3
nazionale	3
coloro	3
rende	3
germania	3
veramente	3
moderno	3
studi	3
circa	3
sicuramente	3
trovano	3
prove	3
nessun	3
vorrei	3
semplici	3
siamo	3
discorso	3
infelice	3
enormi	3
quantità	3
baia	3
denaro	3
dire	3
vediamo	3
centro	3
diciamo	3
importante	3
dovrebbe	3
conseguenze	3
nostro	3
gioco	3
giocare	3
femmine	3
campioni	3
dati	3
soltanto	3
interni	3
avrebbero	3
dovuto	3
luogo	3
contrario	3
ridurre	3
boom	3
immobiliari	3
soffrire	3
centrale	3
difficoltà	3
politiche	3
europei	3
perlopiù	3
fed	3
sostenendo	3
sarebbe	3
particolarmente	3
nessuna	3
mantenere	3
disuguaglianza	3
però	3
europea	3
facendo	3
incoraggiare	3
tutela	3
india	3
posti	3
capacità	3
consumo	3
brevetti	3
aumentare	3
farmaceutica	3
dello	3
prodotti	3
consumatori	3
ostacoli	3
quanto	3
laccesso	3
sanità	3
londra	3
carney	3
asset	3
nazionali	3
costi	3
istituzioni	3
manifatturiero	3
certamente	3
recenti	3
quasi	3
scienziati	3
precedenti	3
vero	3
basso	3
servizi	3
new	3
aspettative	3
russia	3
necessita	3
dare	3
qualità	3
esteri	3
tale	3
calo	3
finanziare	3
surplus	3
esportazioni	3
affrontare	3
codipendenza	3
malthus	3
marx	3
avanzate	3
esternalità	3
tecnologie	3
pubblici	3
poesia	2
inizia	2
finisce	2
sullamore	2
plutarco	2
shapiro	2
personaggio	2
persino	2
allinizio	2
misura	2
troilo	2
cressida	2
famose	2
credono	2
rappresentino	2
leroe	2
titolo	2
qualsiasi	2
shakespeariano	2
specialmente	2
lordine	2
distruggono	2
affetti	2
punto	2
assassinare	2
innocente	2
rinunciare	2
conte	2
giovane	2
offre	2
nè	2
incontrollabile	2
colpa	2
struttura	2
elemento	2
t	2
s	2
finale	2
racconto	2
dinverno	2
pericle	2
principe	2
quattro	2
tono	2
commedie	2
visto	2
cambiamento	2
visione	2
moda	2
teatrale	2
dellepoca	2
1594	2
tito	2
andronico	2
rivela	2
lopera	2
peste	2
rappresentate	2
nord	2
tamigi	2
vedere	2
malapena	2
travi	2
costruire	2
sud	2
scritte	2
sulle	2
siano	2
irregolari	2
corte	2
31	2
mercante	2
venezia	2
1608	2
interna	2
elaborate	2
facevano	2
burbage	2
kempe	2
condell	2
recitò	2
protagonista	2
drammi	2
shakespeariani	2
iii	2
comico	2
nulla	2
amici	2
pubblicate	2
versioni	2
testi	2
punti	2
memoria	2
esse	2
membri	2
scritti	2
versione	2
diversa	2
entrambe	2
raccolta	2
oxford	2
confusione	2
poemi	2
tema	2
venere	2
ratto	2
lucrezia	2
mostrano	2
sentimento	2
morale	2
lamento	2
amante	2
incluso	2
scritto	2
fenice	2
tartaruga	2
pubblicata	2
pellegrino	2
appassionato	2
composizione	2
scopi	2
meres	2
1598	2
pochi	2
avesse	2
mente	2
sposata	2
dark	2
considerato	2
profonda	2
natura	2
dellopera	2
poetica	2
metafore	2
idee	2
pronunciato	2
lazione	2
gentiluomini	2
definiti	2
iniziò	2
iniziale	2
trova	2
svolta	2
tutta	2
fusione	2
iniziato	2
immagini	2
stessa	2
rischio	2
diventato	2
flessibilità	2
trasmettere	2
letterario	2
descritto	2
rapido	2
realizzare	2
variazioni	2
metafora	2
unaltra	2
poetico	2
invertiti	2
parole	2
creando	2
effetto	2
storie	2
fonti	2
mostrare	2
sopravvivere	2
ampia	2
perdita	2
potenziale	2
storia	2
riguardo	2
opera	2
fortemente	2
romantici	2
sebbene	2
george	2
coleridge	2
inclusi	2
tedesco	2
teorie	2
umana	2
johnson	2
lha	2
citato	2
autore	2
comuni	2
apprezzato	2
ricevuto	2
autori	2
pezzi	2
cambridge	2
consideravano	2
rymer	2
iniziarono	2
1800	2
romanticismo	2
drammaturgo	2
shaw	2
g	2
80	2
movimenti	2
dubbi	2
lui	2
proposti	2
vere	2
famiglia	2
cattolici	2
veniva	2
cattolica	2
fede	2
trovata	2
documento	2
autenticità	2
debiti	2
susanna	2
stratford	2
testimonianza	2
fisico	2
mai	2
ritratto	2
forniscono	2
aspetto	2
ritratti	2
complicata	2
complessità	2
io	2
riusciamo	2
avanti	2
partire	2
sappiamo	2
giusto	2
passati	2
poi	2
possiamo	2
passare	2
infelici	2
mio	2
stiamo	2
modi	2
cannery	2
row	2
resistere	2
sapete	2
linquinamento	2
avevano	2
bisogno	2
reso	2
gente	2
fatti	2
legame	2
oceanica	2
ecologo	2
guarda	2
devo	2
maniera	2
tutte	2
plankton	2
animali	2
diagramma	2
vedono	2
proteggere	2
riesce	2
predatori	2
capire	2
regole	2
succede	2
nostra	2
meccanismo	2
giro	2
accumularsi	2
qualcosa	2
sarasota	2
mangiano	2
latte	2
adulti	2
altissimo	2
passando	2
grasso	2
enorme	2
tokyo	2
entrare	2
geneticamente	2
tossica	2
ricordo	2
scrivania	2
10	2
rapidamente	2
sorti	2
motore	2
ceduto	2
federal	2
reserve	2
sembrano	2
esserci	2
fin	2
brasile	2
modelli	2
turchia	2
riflette	2
conflitti	2
preoccupazione	2
mancanza	2
industrializzazione	2
atterraggio	2
duro	2
clamore	2
economici	2
interventi	2
corruzione	2
dellamerica	2
bassi	2
capitali	2
macroeconomica	2
globalizzazione	2
avrebbe	2
stimolare	2
volatilità	2
portafoglio	2
bolle	2
tende	2
valutari	2
aumentando	2
necessari	2
banca	2
cambio	2
fiducia	2
mal	2
canto	2
propri	2
negativa	2
acquisti	2
intero	2
domanda	2
segnale	2
allarmante	2
scelta	2
semplice	2
forti	2
investire	2
assicurazione	2
riserve	2
valuta	2
estera	2
economia	2
federica	2
frasca	2
recente	2
presidente	2
accordo	2
pacifico	2
pressioni	2
lasia	2
quadro	2
uneconomia	2
pertanto	2
elevato	2
trattative	2
fondamentale	2
indiano	2
fornire	2
creazione	2
studio	2
condotto	2
gamma	2
rapporti	2
incoraggiando	2
sviluppando	2
lavoratori	2
entrate	2
attira	2
27	2
spesa	2
media	2
raggiungesse	2
annuale	2
farmaceutico	2
regime	2
15	2
2020	2
laumento	2
comporterebbe	2
nellindustria	2
statunitense	2
attacchi	2
strada	2
produttori	2
dellaccesso	2
principali	2
cure	2
scorso	2
cliniche	2
ospedali	2
particolar	2
pubbliche	2
accesso	2
rete	2
sanitari	2
protezione	2
debole	2
altrettanto	2
ricchi	2
bank	2
boe	2
trend	2
ossia	2
mantenimento	2
business	2
profondamente	2
potenziali	2
salvataggio	2
sostiene	2
investimento	2
greenwood	2
david	2
scharfstein	2
harvard	2
school	2
1980	2
incremento	2
credito	2
benedizione	2
sociali	2
cecchetti	2
kharroubi	2
20	2
sviluppare	2
and	2
mba	2
percentuale	2
simile	2
realmente	2
garanzie	2
prestiti	2
negativo	2
entusiasmo	2
futuro	2
proprie	2
prospettive	2
squilibri	2
simona	2
polverino	2
york	2
positivo	2
forze	2
storici	2
principio	2
analogo	2
singoli	2
dipende	2
rappresentare	2
timore	2
divisa	2
ucraini	2
essa	2
mette	2
previsto	2
leadership	2
tedesca	2
troppo	2
allucraina	2
unimportante	2
collasso	2
sostenere	2
fondazione	2
trasformazione	2
delleuropa	2
europee	2
richiede	2
investitori	2
europa	2
situazione	2
debba	2
equivalente	2
piano	2
marshall	2
fredda	2
ingenti	2
garantire	2
preoccupazioni	2
titoli	2
né	2
percepito	2
vanno	2
tali	2
trainata	2
andare	2
cinesi	2
deficit	2
questioni	2
sicurezza	2
possibili	2
rispetto	2
mar	2
promessa	2
stragrande	2
maggioranza	2
miglioramenti	2
sinora	2
nellera	2
politico	2
malgrado	2
sfida	2
derivanti	2
dellacqua	2
tecnologia	2
disparità	2
impatto	2
passo	2
questione	2
sistemi	2
regolamentazione	2
elaborati	2
ricercatori	2
sembrati	2
listruzione	2
resta	2
capitaliste	2
risposta	2
innovazione	2
statistiche	2
informatica	2
raggiunge	1
varietà	1
narrativa	1
maturo	1
famosa	1
romantica	1
sullintensa	1
sessualità	1
adolescenziale	1
basato	1
eseguita	1
1579	1
sir	1
north	1
vite	1
parallele	1
introdusse	1
james	1
studioso	1
vari	1
introspezione	1
contemporanei	1
stesse	1
riflessioni	1
scrittura	1
iniziano	1
sovrapporsi	1
lun	1
laltro	1
cosiddette	1
problematiche	1
numerose	1
numerosi	1
culmine	1
arte	1
trattato	1
famoso	1
monologo	1
dellintroverso	1
fatale	1
debolezza	1
lesitazione	1
eroi	1
seguenti	1
funesti	1
impulsivi	1
valutazione	1
trame	1
basano	1
fatali	1
debolezze	1
capovolgono	1
nellotello	1
lantagonista	1
iago	1
alimenta	1
gelosia	1
indurlo	1
ama	1
lanziano	1
commette	1
errore	1
poteri	1
dando	1
inizio	1
conducono	1
tortura	1
allaccecamento	1
gloucester	1
allomicidio	1
cordelia	1
figlia	1
frank	1
kermode	1
sollievo	1
crudeltà	1
corta	1
concisa	1
unambizione	1
spinge	1
legittimo	1
usurpare	1
trono	1
distrutti	1
aggiunge	1
tragica	1
soprannaturale	1
antonio	1
cleopatra	1
coriolano	1
contengono	1
raffinati	1
considerate	1
riuscite	1
tragicommedie	1
compimento	1
cimbelino	1
tempesta	1
frutto	1
collaborazione	1
cupe	1
solenne	1
1590	1
terminano	1
conciliazione	1
perdono	1
tragici	1
commentatori	1
serena	1
mero	1
riflesso	1
compagnie	1
frontespizio	1
delledizione	1
recitata	1
troupe	1
differenti	1
epidemie	1
15921593	1
vennero	1
curtain	1
shoreditch	1
londinesi	1
recarono	1
frotte	1
dellenrico	1
iv	1
commentata	1
leonard	1
digges	1
entrino	1
falstaff	1
hal	1
poins	1
voi	1
avrete	1
trovò	1
coinvolta	1
disputa	1
proprietario	1
demolirono	1
usarono	1
prosa	1
costruito	1
riva	1
southwark	1
aprì	1
nellautunno	1
successive	1
incluse	1
1603	1
avendo	1
cambiato	1
lord	1
chamberlains	1
instaurò	1
rapporto	1
speciale	1
giacomo	1
documentazioni	1
esibizioni	1
interpretarono	1
sette	1
1	1
novembre	1
1604	1
ottobre	1
1605	1
interpretazioni	1
esibirono	1
coperto	1
blackfriars	1
destate	1
scenografia	1
unita	1
gusto	1
fastose	1
maschere	1
giacobite	1
permisero	1
introdurre	1
macchine	1
calibro	1
richard	1
herninges	1
rappresentazioni	1
noto	1
attore	1
will	1
interpretò	1
servo	1
pietro	1
dogberry	1
rumore	1
rimpiazzato	1
armin	1
cavallo	1
xvi	1
touchstone	1
piace	1
pazzo	1
29	1
giugno	1
cannone	1
colpì	1
tetto	1
incendiandolo	1
completamente	1
individua	1
rara	1
precisione	1
data	1
rappresentazione	1
heminges	1
pubblicarono	1
unedizione	1
completa	1
volumetti	1
composti	1
fogli	1
carta	1
piegati	1
ottenere	1
pagine	1
suggerisca	1
lapprovazione	1
descritte	1
copie	1
rubate	1
clandestine	1
alfred	1
pollard	1
definì	1
bad	1
quartos	1
adattati	1
parafrasati	1
alterati	1
ricostruiti	1
laddove	1
sopravvivono	1
differiscono	1
differenze	1
derivare	1
copiatura	1
stampa	1
appunti	1
infine	1
casi	1
aver	1
revisione	1
comunque	1
moderne	1
mostrando	1
ununica	1
1593	1
teatri	1
rimasero	1
chiusi	1
pubblicò	1
narrativi	1
erotico	1
rifiuta	1
avances	1
sessuali	1
venus	1
virtuosa	1
stuprata	1
lussurioso	1
tarquinio	1
ispirandosi	1
metamorfosi	1
ovidio	1
derivano	1
lussuria	1
divennero	1
famosi	1
ristampati	1
narrativo	1
afflitta	1
perchè	1
sedotta	1
pretendente	1
persecutorio	1
venne	1
edizione	1
concordi	1
nellaffermare	1
ritengono	1
ottime	1
doti	1
vengano	1
limitate	1
risultati	1
loves	1
martyr	1
chester	1
1601	1
piange	1
leggendaria	1
amata	1
fedele	1
bozze	1
iniziali	1
138	1
144	1
comparvero	1
pubblicato	1
permesso	1
pubblicati	1
lultima	1
stampate	1
certi	1
ognuno	1
154	1
plausibile	1
ritenere	1
pubblicazione	1
autorizzata	1
riferimento	1
zuccherosi	1
collezione	1
intendeva	1
pubblicare	1
sembra	1
contrastanti	1
sullincontrollabile	1
carnagione	1
scura	1
conflittuale	1
bel	1
ragazzo	1
fair	1
youth	1
figure	1
individui	1
lio	1
dellautore	1
rivolge	1
wordsworth	1
riteneva	1
aperto	1
ledizione	1
dedicata	1
mr	1
wh	1
lunico	1
padre	1
poesie	1
valutano	1
sonnets	1
meditazione	1
dellamore	1
passione	1
procreazione	1
caratteristico	1
ricercato	1
scaturisce	1
basa	1
risulta	1
retorico	1
declamato	1
imponenti	1
discorsi	1
rafforzano	1
verona	1
artefatti	1
presto	1
adattare	1
soliloquio	1
origini	1
confessione	1
vice	1
medievale	1
vivida	1
consapevolezza	1
sè	1
anticipo	1
mature	1
evidenzi	1
dallo	1
libero	1
shakespare	1
mescola	1
lesempio	1
stili	1
metà	1
1500	1
ii	1
sogno	1
notte	1
mezza	1
estate	1
scrivere	1
calibrava	1
composto	1
pentametro	1
pratica	1
decasillabo	1
rima	1
laccento	1
sillaba	1
diverso	1
bellezza	1
tendono	1
iniziare	1
fermarsi	1
finire	1
risultare	1
monotone	1
esperto	1
giambo	1
interrompere	1
modificare	1
andamento	1
tecnica	1
dona	1
nuova	1
subbuglio	1
ac	1
bradley	1
concentrato	1
vario	1
costruzione	1
regolare	1
raramente	1
contorto	1
ellittico	1
nellultima	1
fase	1
adottato	1
tecniche	1
includevano	1
enjambement	1
pause	1
estreme	1
lunghezza	1
salta	1
similitudine	1
collegata	1
lascoltatore	1
sfidato	1
completare	1
salti	1
temporali	1
sorprendenti	1
svolte	1
ultimo	1
lunghe	1
contrapposte	1
luna	1
allaltra	1
proposizioni	1
accumulate	1
soggetti	1
oggetti	1
omesse	1
spontaneità	1
combinava	1
pratico	1
drammaturghi	1
adattava	1
holinshed	1
rimodellava	1
centri	1
quante	1
possibile	1
progettazione	1
garantisce	1
taglio	1
interpretazione	1
maestria	1
motivazioni	1
chiare	1
schemi	1
distintivi	1
conservato	1
lasciato	1
unimpronta	1
duratura	1
letteratura	1
ampliato	1
drammatico	1
caratterizzazione	1
damore	1
vista	1
degno	1
usati	1
principalmente	1
informazioni	1
usava	1
esplorare	1
menti	1
influenzato	1
successiva	1
poeti	1
tentato	1
rivivere	1
successo	1
steiner	1
tennyson	1
deboli	1
temi	1
influenzò	1
romanzieri	1
hardy	1
faulkner	1
charles	1
dickens	1
romanziere	1
herman	1
melville	1
captain	1
ahab	1
mobydick	1
classico	1
eroe	1
king	1
identificato	1
20000	1
brani	1
musica	1
legati	1
lavori	1
pittori	1
preraffaelliti	1
lartista	1
svizzero	1
romantico	1
fuseli	1
amico	1
blake	1
perfino	1
tradotto	1
psicanalista	1
sigmund	1
freud	1
appoggiato	1
psicologia	1
shakespeariana	1
dictionary	1
english	1
language	1
serio	1
espressioni	1
col	1
fiato	1
sospeso	1
scontato	1
diventati	1
nellinglese	1
parlato	1
giorni	1
elogi	1
religioso	1
riconosciuto	1
brillante	1
scrittori	1
commedia	1
parnassus	1
st	1
johns	1
college	1
lhanno	1
chaucer	1
gower	1
spenser	1
parla	1
anima	1
acclamazione	1
delizia	1
meraviglia	1
nostri	1
palchi	1
sottolineato	1
qualche	1
altra	1
ricercava	1
larte	1
restaurazione	1
monarchia	1
1660	1
andavano	1
classiche	1
fletcher	1
condannò	1
dryden	1
unottima	1
opinione	1
dicendo	1
ammiro	1
amo	1
decadi	1
dominò	1
xviii	1
rispondere	1
acclamare	1
scolastiche	1
1765	1
edmond	1
malone	1
1790	1
aggiungere	1
reputazione	1
definitivamente	1
proclamato	1
elogiavano	1
cerano	1
voltaire	1
goethe	1
stendhal	1
victor	1
hugo	1
elogiato	1
filosofo	1
august	1
wilhelm	1
shlegel	1
tradusse	1
spirito	1
diciannovesimo	1
lammirazione	1
critica	1
sfociava	1
nelladulazione	1
saggista	1
carlyle	1
1840	1
egli	1
risplende	1
sovranità	1
incoronata	1
sopra	1
nobile	1
gentile	1
segni	1
spericolati	1
insormontabile	1
vittoriani	1
produssero	1
spettacoli	1
sfarzosi	1
scala	1
bernard	1
fece	1
beffa	1
culto	1
delladorazione	1
definendolo	1
bardolatria	1
sostenne	1
naturalismo	1
ibsen	1
obsoleto	1
rivoluzione	1
modernista	1
nellarte	1
xx	1
lungi	1
scartare	1
attribuì	1
ansiosamente	1
servizio	1
dellavanguardia	1
espressionisti	1
futuristi	1
mosca	1
montarono	1
produzioni	1
regista	1
marxista	1
bertolt	1
brecht	1
immaginò	1
epico	1
linfluenza	1
discusse	1
primitività	1
rendeva	1
assieme	1
wilson	1
knight	1
scuola	1
criticismo	1
movimento	1
lettura	1
prossima	1
dellimmaginario	1
aprirono	1
strutturalismo	1
femminismo	1
storicismo	1
afroamericani	1
bizzarri	1
230	1
sullautenticità	1
attribuite	1
emergere	1
candidati	1
alternativi	1
includono	1
bacon	1
christopher	1
marlowe	1
edward	1
de	1
gruppi	1
fossero	1
lessere	1
cattolico	1
illegale	1
mary	1
arden	1
devota	1
schiacciante	1
dichiarazione	1
firmata	1
1757	1
casa	1
origine	1
henley	1
street	1
andato	1
perduto	1
daccordo	1
1591	1
autorità	1
riportarono	1
andava	1
chiesa	1
paura	1
processo	1
dispensa	1
comune	1
1606	1
sorella	1
compare	1
lista	1
fecero	1
comunione	1
messa	1
pasquale	1
favore	1
verità	1
dimostrabile	1
dettagli	1
conosciuti	1
bambini	1
nacque	1
sei	1
mesi	1
26	1
maggio	1
1583	1
secoli	1
lettori	1
affermato	1
autobiografici	1
considerandoli	1
omosessualità	1
interpretano	1
amicizia	1
amore	1
carnale	1
ventisei	1
chiamati	1
dedicati	1
considerati	1
liaisons	1
eterosessuali	1
contemporaneo	1
descrive	1
laspetto	1
commissionato	1
droeshout	1
considerò	1
veritiero	1
monumento	1
diciottesimo	1
avere	1
originali	1
alimentò	1
diffusione	1
dichiarazioni	1
ritraevano	1
produzione	1
falsi	1
assegnazioni	1
errate	1
ricostruzioni	1
rietichettature	1
rittratti	1
comprendono	1
36	1
teatriali	1
stampati	1
elencati	1
seguendo	1
classificazione	1
raccolte	1
nobili	1
accettate	1
integrante	1
canone	1
affermando	1
diede	1
mettere	1
sembrare	1
complicato	1
cercare	1
comunicare	1
esistono	1
credo	1
comprendere	1
aiutano	1
passi	1
riguardano	1
scienza	1
conosciamo	1
prendiamo	1
idea	1
partiamo	1
successivo	1
dice	1
oceani	1
largomento	1
rendendo	1
svariati	1
unimmagine	1
1932	1
conservificio	1
industriale	1
west	1
coast	1
rilasciavamo	1
sostanze	1
nellaria	1
nellacqua	1
rolf	1
bolin	1
professore	1
hopkins	1
marine	1
station	1
40	1
esalazioni	1
schiuma	1
galleggiava	1
insenature	1
talmente	1
nefaste	1
diventare	1
nere	1
vernici	1
piombo	1
lavoravano	1
conservifici	1
potevano	1
mala	1
pena	1
unintera	1
giornata	1
fetore	1
uscirono	1
dissero	1
odore	1
sentendo	1
lodore	1
comunità	1
significava	1
guadagno	1
sopportarono	1
lassorbirono	1
pelle	1
corpo	1
ammalare	1
delloceano	1
fonda	1
paio	1
ricordarvi	1
pizzica	1
pesciolino	1
fai	1
male	1
dirvi	1
guardiamo	1
differente	1
vede	1
solito	1
interconnessioni	1
minuscoli	1
quegli	1
costituiscono	1
nutrimento	1
risalendo	1
fluire	1
flusso	1
vitale	1
ecologi	1
cerchiamo	1
salva	1
guarisici	1
delluomo	1
imbottiamo	1
contenere	1
ricaviamo	1
terrificanti	1
creati	1
molecole	1
organismo	1
scindere	1
finiscono	1
risalgono	1
lalto	1
farvi	1
pensato	1
inventare	1
dobbiamo	1
immaginarlo	1
cioccolato	1
immaginate	1
saliti	1
nave	1
ve	1
facciate	1
mettetele	1
tasca	1
offrite	1
bere	1
qualcuno	1
drink	1
vostre	1
cominciano	1
muoversi	1
ubriache	1
taccagne	1
finiscano	1
accumulo	1
indigeste	1
esattamente	1
supponiamo	1
prendere	1
splendidi	1
cioccolatini	1
beh	1
mangerebbero	1
farli	1
passerebbero	1
assorbiamo	1
omega3	1
desideriamo	1
ricavare	1
marina	1
sfortunatamente	1
pessimi	1
esempi	1
texas	1
carolina	1
penetrano	1
pesce	1
ingerito	1
essendo	1
liposolubili	1
uscire	1
ecco	1
maschi	1
giovani	1
svezzamento	1
inferiore	1
fanno	1
intenzionalmente	1
materno	1
prole	1
mortalità	1
nato	1
femmina	1
varia	1
60	1
l80	1
madri	1
pompano	1
piccoli	1
muore	1
continuare	1
riprodursi	1
terribile	1
prezzo	1
paga	1
dellaccumulo	1
inquinante	1
creature	1
predatore	1
mangiamo	1
medesimi	1
luoghi	1
fotografato	1
negozio	1
alimentari	1
nascosto	1
laboratorio	1
biologia	1
molecolare	1
usarlo	1
testare	1
dna	1
identificare	1
trattasse	1
pescata	1
illegalmente	1
affatto	1
etichettati	1
fegato	1
contenevano	1
elevatissimo	1
diossine	1
metalli	1
pesanti	1
concentrata	1
passava	1
mangiavano	1
venduti	1
popolazioni	1
sanno	1
ricavammo	1
me	1
stavo	1
lì	1
lunica	1
persona	1
sapeva	1
venduta	1
presentava	1
200	1
400	1
tossicità	1
concesso	1
dallepa	1
seduto	1
pensavo	1
adesso	1
so	1
scoperta	1
scientifica	1
sconvolgente	1
letale	1
princeton	1
mutate	1
essi	1
visti	1
lancora	1
salvezza	1
destinata	1
affermarsi	1
languivano	1
lentusiasmo	1
depressione	1
batosta	1
valute	1
concomitanza	1
stretta	1
monetaria	1
linizio	1
ovunque	1
guardi	1
profondi	1
largentina	1
venezuela	1
esaurito	1
possibilità	1
eterodossa	1
seguita	1
disperata	1
thailandia	1
ritrovano	1
impantanate	1
incubati	1
africa	1
cresce	1
cambiamenti	1
strutturali	1
linterrogativo	1
principale	1
tradurrà	1
morbido	1
vittime	1
repentini	1
sbalzi	1
dumore	1
sorprende	1
sorpresi	1
imparare	1
alcune	1
lezioni	1
fondamentali	1
associato	1
lappunto	1
miracoli	1
verificano	1
rado	1
motivi	1
capaci	1
volti	1
ristrutturare	1
diversificare	1
evitando	1
diventi	1
uneccezione	1
massimo	1
splendore	1
corea	1
taiwan	1
giappone	1
perseguito	1
bypassato	1
latina	1
medio	1
oriente	1
dellafrica	1
dellasia	1
meridionale	1
fondata	1
fortuita	1
provvisoria	1
circostanze	1
esterne	1
elevati	1
materie	1
apparentemente	1
illimitati	1
governance	1
anchesso	1
attivano	1
osannata	1
esagerato	1
lapertura	1
conseguito	1
lopposto	1
breve	1
alimentano	1
consumi	1
riportando	1
disastrose	1
comè	1
inevitabile	1
affievolirsi	1
fondi	1
esaurirsi	1
lebbrezza	1
montagne	1
russe	1
salita	1
sorprendersi	1
arrivata	1
discesa	1
picchiata	1
teoria	1
valori	1
determinati	1
capricci	1
affluisce	1
diminuendo	1
poche	1
grado	1
sopportare	1
allineamenti	1
drastiche	1
rivalutazioni	1
valutarie	1
competitività	1
rapidi	1
deprezzamenti	1
lincubo	1
inflazionistiche	1
fluttuanti	1
attenuare	1
aggiustamento	1
eliminarle	1
coordinamento	1
riposta	1
fiscali	1
monetarie	1
baseranno	1
innanzitutto	1
considerazioni	1
carattere	1
daltro	1
riescono	1
occuparsi	1
interessi	1
figuriamoci	1
mondiali	1
mensili	1
attività	1
cosiddetto	1
quantitative	1
easing	1
beneficiato	1
lattività	1
qe	1
gradualmente	1
ridimensionando	1
penalizzato	1
riusciranno	1
scelte	1
giuste	1
rispettive	1
uscirà	1
avvantaggiato	1
affidato	1
tentazione	1
abbuffarsi	1
estero	1
esso	1
abbondante	1
buon	1
manna	1
stagnazione	1
commerciabili	1
pericolo	1
mitopoiesi	1
governativa	1
ignorare	1
fronte	1
controlli	1
prudenziali	1
pronti	1
auto	1
accumulando	1
grave	1
leccessiva	1
finanziarizzazione	1
verificata	1
dilemmi	1
derivati	1
minore	1
spazio	1
manovra	1
destinati	1
assillare	1
venire	1
seppure	1
inutile	1
biasimare	1
essersi	1
lanciati	1
folle	1
corsa	1
avventata	1
giunto	1
pensare	1
ristabilire	1
sano	1
equilibrio	1
17	1
washington	1
dc	1
sullo	1
dellunione	1
barack	1
obama	1
ribadito	1
ambizione	1
transpacific	1
partnership	1
proposta	1
commerciale	1
11	1
frattempo	1
lunione	1
chiudere	1
accordi	1
regioni	1
proliferazione	1
patti	1
intende	1
ciclo	1
virtuoso	1
barriere	1
istituzionale	1
attivisti	1
opposti	1
relazione	1
ostacolo	1
implementati	1
finché	1
raggiungono	1
questatteggiamento	1
prevalente	1
recentemente	1
bloccato	1
fallimento	1
doha	1
round	1
detto	1
ministro	1
anand	1
sharma	1
necessario	1
inerenti	1
indebolire	1
riconoscere	1
rafforzamento	1
prerequisito	1
attirare	1
2009	1
statunitensi	1
copyright	1
database	1
marchi	1
conoscenze	1
aziendali	1
rappresentano	1
44	1
complessivo	1
molta	1
voglia	1
rischiare	1
intaccare	1
derubati	1
vogliono	1
sapendo	1
sicuro	1
guadagnare	1
nellattirare	1
multinazionali	1
imprese	1
creano	1
utilizzano	1
fornitori	1
loccupazione	1
competenze	1
migliorando	1
statali	1
totale	1
18	1
immettono	1
nazioni	1
unite	1
2010	1
2012	1
all118	1
inferiori	1
30	1
aparna	1
mathur	1
livelli	1
annuali	1
aumenterebbero	1
33	1
vulnerabile	1
violazioni	1
questanno	1
83	1
raddoppio	1
13	1
riuscisse	1
trasformare	1
modello	1
benefici	1
sarebbero	1
linterno	1
dell83	1
entro	1
arrivare	1
77	1
raggiungere	1
42	1
44000	1
continui	1
ancor	1
significativi	1
invalidato	1
attaccato	1
internazionali	1
spianare	1
lesclusività	1
permetterebbe	1
fissare	1
alti	1
danno	1
permettere	1
copiare	1
brevettati	1
neppure	1
allaccesso	1
pazienti	1
mediche	1
scoperto	1
lazienda	1
consulenza	1
ims	1
lanno	1
carenza	1
dottori	1
aree	1
rurali	1
inutilizzabili	1
dellalto	1
assenteismo	1
medici	1
indiani	1
piani	1
assicurativi	1
ambulatoriali	1
previdenziale	1
pubblica	1
fonte	1
classe	1
migliorare	1
peggiorando	1
dellindia	1
negoziatori	1
rifiutino	1
lidea	1
lusso	1
permettersi	1
obbligati	1
marzia	1
pecorari	1
24	1
odiavano	1
governatore	1
england	1
mark	1
sorpreso	1
conferenza	1
anno	1
avanzando	1
lipotesi	1
daffari	1
crescerà	1
nove	1
bretagna	1
2050	1
rappresentava	1
estrapolazione	1
continua	1
city	1
congetture	1
ragionevoli	1
sconvolto	1
ospitare	1
dimensioni	1
costoso	1
contribuenti	1
islanda	1
irlanda	1
superato	1
sostenerle	1
alloccorrenza	1
disastroso	1
lipertrofia	1
danneggia	1
appropriandosi	1
talenti	1
impiegate	1
altrove	1
britannica	1
beneficia	1
poter	1
contare	1
dichiarato	1
amplia	1
occupano	1
risparmi	1
britannici	1
rinforza	1
labilità	1
creativi	1
competere	1
lassunto	1
creato	1
linea	1
rivelatore	1
miracolo	1
miraggio	1
riportato	1
sovrastimato	1
documenti	1
sollevano	1
ulteriori	1
robin	1
dimostrano	1
raddoppiata	1
2006	1
scoppio	1
49	1
all83	1
fattori	1
guidato	1
lespansione	1
dedite	1
associata	1
esponenziale	1
detta	1
dominio	1
rivelato	1
doppia	1
potuto	1
diversificate	1
finanziamento	1
aggiunto	1
dellattività	1
illusorio	1
lato	1
implicava	1
portafogli	1
dispendiosi	1
dallaltro	1
indebitamento	1
nascondeva	1
fragilità	1
imponeva	1
severi	1
sovraesposte	1
fallivano	1
stephen	1
enisse	1
for	1
international	1
settlements	1
centrali	1
spingono	1
riduce	1
utilizzando	1
campione	1
sviluppati	1
scoprono	1
correlazione	1
competono	1
competente	1
fisici	1
ingegneri	1
dottorati	1
scegliere	1
complessi	1
matematici	1
hedge	1
fund	1
noti	1
rocket	1
scientists	1
letteralmente	1
razzo	1
oppure	1
usare	1
talento	1
progettare	1
veri	1
razzi	1
trovato	1
investono	1
maggiormente	1
parliamo	1
cosiddetti	1
analisti	1
quantitativi	1
2008	1
laureati	1
london	1
economics	1
andati	1
lavorare	1
cinicamente	1
tenere	1
fuori	1
dubito	1
interessante	1
periodi	1
nellattività	1
creditizia	1
associati	1
edilizi	1
facilmente	1
valgono	1
nelledilizia	1
progetti	1
alimentati	1
successivamente	1
dipinto	1
aspiranti	1
derivatives	1
trader	1
avranno	1
allindustria	1
rivenditori	1
porsche	1
strip	1
club	1
saranno	1
similmente	1
incoraggiati	1
chiunque	1
preoccupa	1
delleccessivo	1
ricorso	1
volatile	1
comparto	1
spera	1
forward	1
guidance	1
riveli	1
inaffidabile	1
previsioni	1
disoccupazione	1
dellucraina	1
va	1
sostenuta	1
crescendo	1
violenza	1
rivolta	1
avuto	1
esito	1
sorprendentemente	1
contrariamente	1
razionali	1
armati	1
mazze	1
scudi	1
scatole	1
cartone	1
coperchi	1
pattumiera	1
metallo	1
sopraffatto	1
polizia	1
tenuta	1
antisommossa	1
feriti	1
prevalso	1
evento	1
segna	1
momenti	1
restano	1
impressi	1
collettiva	1
potuta	1
accadere	1
dellincertezza	1
meccanica	1
quantistica	1
werner	1
heisenberg	1
calzante	1
comportarsi	1
singole	1
particelle	1
componenti	1
unonda	1
limprevedibilità	1
accaduti	1
incertezza	1
dellidentità	1
lidentità	1
compone	1
facenti	1
unità	1
limpatto	1
prevalgano	1
comportamento	1
civili	1
lanciato	1
attacco	1
suicida	1
armate	1
kiev	1
febbraio	1
nazione	1
superava	1
lunga	1
morire	1
oscillare	1
sullorlo	1
civile	1
dunità	1
perdurare	1
questunità	1
dipenderà	1
risponderà	1
dimostrato	1
devozione	1
allunione	1
disperatamente	1
delleuro	1
creditori	1
debitori	1
uni	1
motivo	1
assolutamente	1
furba	1
negoziati	1
associazione	1
offerto	1
richiesto	1
popolazione	1
stretto	1
alimentato	1
insurrezione	1
popolare	1
fondo	1
monetario	1
pacchetto	1
salvare	1
basterà	1
lunità	1
prossimi	1
fondato	1
renaissance	1
foundation	1
1990	1
lindipendenza	1
partecipato	1
rivolte	1
eretta	1
difensore	1
chi	1
bersagliato	1
repressione	1
ufficiale	1
pronta	1
democratiche	1
giudiziario	1
indipendente	1
professionale	1
avrà	1
aiuti	1
esterni	1
esperienza	1
considerevole	1
avvenuta	1
lesperienza	1
tedesche	1
integravano	1
catene	1
distribuzione	1
umano	1
alta	1
diversificata	1
meta	1
attraente	1
clima	1
imprenditoriale	1
complesso	1
affrontando	1
endemica	1
diritto	1
scoraggiando	1
mano	1
formare	1
manager	1
aiutarli	1
strategie	1
imprenditoriali	1
service	1
provider	1
remunerati	1
partecipazioni	1
compartecipazioni	1
utili	1
effettivo	1
offrire	1
supporto	1
vasto	1
numero	1
combinarlo	1
linee	1
creditizie	1
fornite	1
partecipazione	1
ricostruzione	1
ebrd	1
accanto	1
aprire	1
domestico	1
merci	1
prodotte	1
assemblate	1
consociate	1
totalmente	1
parzialmente	1
controllate	1
aumenterebbe	1
ucraine	1
aiuterebbe	1
integrarsi	1
spero	1
confido	1
allaltezza	1
sostengo	1
accettare	1
responsabilità	1
doveri	1
posizione	1
dominante	1
contribuito	1
ricostruire	1
seconda	1
rivestito	1
invitare	1
cautela	1
includeva	1
blocco	1
sovietico	1
rinforzando	1
divisione	1
replay	1
causerebbe	1
danni	1
alleuropa	1
mezzo	1
gas	1
russo	1
fronti	1
cancelliera	1
angela	1
merkel	1
rivolgersi	1
vladimir	1
putin	1
oppositore	1
rinascita	1
rompicapo	1
haven	1
occhi	1
puntati	1
beniamini	1
scommesse	1
dallinizio	1
popolarità	1
limpressione	1
resilienza	1
preoccupante	1
sensazione	1
vulnerabilità	1
iniezioni	1
liquidità	1
voluta	1
funto	1
fattore	1
scatenante	1
dipendenti	1
lindonesia	1
sudafrica	1
langoscia	1
incombe	1
minacciosa	1
annose	1
temuto	1
diventate	1
morsa	1
generalizzare	1
differenziare	1
vincente	1
soggette	1
disavanzo	1
navigano	1
cattive	1
acque	1
ricordano	1
sorprendente	1
asiatiche	1
colpite	1
vanta	1
partite	1
correnti	1
corre	1
alcun	1
deflusso	1
gestioni	1
naturalmente	1
smisurate	1
3800	1
offrono	1
contagio	1
rallentando	1
significato	1
compreso	1
assillano	1
sottintende	1
auspicabile	1
fattibile	1
annua	1
caratterizzato	1
eppure	1
persiste	1
superficiale	1
fissazione	1
nominale	1
25	1
annuo	1
78	1
eclatante	1
percorso	1
reazione	1
istintiva	1
presume	1
lattuale	1
preludio	1
delusioni	1
unipotesi	1
diffuso	1
radicato	1
scenari	1
catastrofici	1
disordini	1
calamità	1
ambientali	1
tracollo	1
bancario	1
ombra	1
pur	1
sottovalutate	1
allorigine	1
dellatteso	1
assistendo	1
leffetto	1
transizione	1
euforica	1
grazie	1
vivace	1
dinamica	1
lenta	1
costante	1
2013	1
ampio	1
superando	1
combinata	1
edilizio	1
sostenuto	1
libro	1
unbalanced	1
codependency	1
america	1
china	1
bensì	1
preparati	1
comporta	1
concetto	1
affonda	1
radici	1
psicopatologia	1
relazionale	1
convenienza	1
vicenda	1
malsano	1
porta	1
didentità	1
gravi	1
attriti	1
rottura	1
drammatica	1
imparino	1
emanciparsi	1
camminare	1
gambe	1
lequivalente	1
addice	1
miracolosa	1
iniziata	1
esistita	1
americani	1
affidamento	1
costo	1
potere	1
dacquisto	1
ormai	1
provati	1
cominciato	1
dipendere	1
approfittato	1
vorace	1
tesoro	1
contribuire	1
bilancio	1
compensare	1
renminbi	1
regionale	1
informatici	1
citarne	1
psicologo	1
deciso	1
consentirà	1
assorbire	1
utilizzato	1
sociale	1
incrementare	1
mezzi	1
tanto	1
propensa	1
erogare	1
affamata	1
codipendente	1
bivio	1
cruciale	1
strade	1
piena	1
insidie	1
laltra	1
nasconde	1
ricevere	1
sostegno	1
ribilanciata	1
attualmente	1
dellexport	1
grandezza	1
rapidità	1
stoffa	1
asiatica	1
uscita	1
resistente	1
regione	1
sospetto	1
stavolta	1
farà	1
differenziazione	1
4	1
generazione	1
caverà	1
precedente	1
generale	1
mantenuto	1
battute	1
darresto	1
guerre	1
sentire	1
prolungati	1
soddisferanno	1
peggioramento	1
sorte	1
dellumanità	1
karl	1
rivelata	1
clamorosamente	1
errata	1
progresso	1
tecnologico	1
sconfitto	1
periodico	1
no	1
garantito	1
traesse	1
beneficio	1
benché	1
nettamente	1
timori	1
inedia	1
materializzati	1
capitalista	1
pacifica	1
sconcertante	1
manodopera	1
capitalismo	1
impoverirebbe	1
continuano	1
passate	1
performance	1
garanzia	1
traiettoria	1
lasciando	1
sconvolgimenti	1
geopolitici	1
persistono	1
formidabili	1
superare	1
underperformance	1
disfunzioni	1
include	1
preoccupanti	1
coinvolgono	1
esemplare	1
degrado	1
ambientale	1
dellaria	1
subentrare	1
adeguate	1
invidio	1
dover	1
ramificazioni	1
surriscaldamento	1
potabile	1
venga	1
fondamentalmente	1
equo	1
chiave	1
sostenibilità	1
scontata	1
percezione	1
linterazione	1
esacerbato	1
ricchezza	1
colmati	1
gap	1
rivelate	1
notevolmente	1
abili	1
nelladattarsi	1
disruptive	1
technologies	1
ovvero	1
trasformativo	1
manifattura	1
causato	1
tremende	1
riflesse	1
divari	1
record	1
corrompere	1
paralizzare	1
accompagna	1
linvecchiamento	1
demografico	1
pone	1
dure	1
strutturati	1
limpennata	1
aggrava	1
chiesto	1
onorare	1
debito	1
pagare	1
nostre	1
pensioni	1
concerne	1
richiedono	1
evoluzione	1
necessariamente	1
competenza	1
farlo	1
efficace	1
scarsa	1
carenze	1
lampante	1
lofferta	1
unarea	1
continuamente	1
prodotto	1
alimenti	1
rifiniti	1
altamente	1
iniziando	1
valutare	1
sa	1
finora	1
lobesità	1
infantile	1
diventata	1
epidemica	1
diabete	1
2	1
malattie	1
coronariche	1
implica	1
significativo	1
sullaspettativa	1
preminenti	1
materia	1
kelly	1
brownell	1
ludwig	1
walter	1
willett	1
documentato	1
sottoforma	1
istruzione	1
rivelati	1
inefficaci	1
dipendenza	1
autodistruttiva	1
cibi	1
descrivono	1
coro	1
congelati	1
ridistribuzione	1
tributari	1
programmi	1
potenziati	1
presumibilmente	1
uso	1
intenso	1
negativi	1
demografica	1
mitigati	1
attenuando	1
restrizioni	1
migrazione	1
donne	1
pensionati	1
restare	1
metteranno	1
agire	1
aperta	1
straordinariamente	1
efficienti	1
consentire	1
almeno	1
lambiente	1
impressionanti	1
maturazione	1
continueranno	1
godere	1
predecessori	1
raggiunto	1
frontiera	1
tecnologica	1
diventando	1
9	1
lenigma	1
dellinnovazione	1
innovazioni	1
tecnologiche	1
simbolizzate	1
silicon	1
valley	1
ottica	1
lingenuità	1
vantaggio	1
comparativo	1
tentano	1
imitare	1
nodo	1
sciogliere	1
difficile	1
rilevare	1
vantaggi	1
avviene	1
accadimenti	1
dellera	1
personal	1
computer	1
1987	1
leconomista	1
solow	1
insignito	1
premio	1
nobel	1
pionieristico	1
lamentava	1
lera	1
manifestava	1
dappertutto	1
spiegazioni	1
merito	1
coglie	1
generati	1
dallinnovazione	1
emerso	1
pensi	1
lehman	1
brothers	1
vantasse	1
attiravano	1
migliori	1
