a	338
w	238
so	193
na	140
z	130
je	118
tež	93
wot	80
su	74
za	68
př	56
do	49
k	47
přez	46
n	41
po	40
l	37
jako	37
hač	36
při	35
abo	34
zo	34
kotrež	33
bu	31
we	29
bě	29
ale	27
kaž	26
mjez	24
to	23
ma	22
ze	22
nimo	22
tak	21
wo	20
toho	19
tym	18
zwjetša	18
město	18
hišće	17
rěč	16
jeho	16
woda	16
wjele	16
tute	15
rěčow	15
lěta	14
rěči	14
pod	14
jich	14
buchu	13
jenož	12
kotryž	12
tu	12
něhdźe	12
dokelž	12
stolica	12
kotraž	11
institut	11
tutón	11
njeje	11
lěće	11
słowo	10
mezopotamiskeje	10
wjace	10
nastawki	10
wón	10
nic	10
móže	10
wobsahuje	10
wona	10
wody	10
hižo	10
běchu	10
mócnarstwo	10
leži	10
pismo	10
kilometrow	10
rostliny	10
6	9
i	9
čas	9
serbski	9
1	9
kraja	9
kiž	9
lěttysaca	9
móžeš	9
rěče	9
by	8
njejsu	8
mezopotamiska	8
stat	8
druhe	8
jedyn	8
swoje	8
města	8
jeli	8
hlej	8
lět	8
před	8
4	8
2	8
knihi	8
časa	8
km	8
prěnje	7
mezopotamiskej	7
tam	7
času	7
prěni	7
wšě	7
maja	7
instituta	7
strony	7
nad	7
najwjetše	7
zaso	7
potom	7
druhich	7
tuta	7
wobraz	7
serbskeje	7
3	7
statow	7
biblioteki	7
najprjedy	7
wobrazy	7
pak	6
wužiwa	6
hdyž	6
wužiwar	6
dyrbi	6
kralow	6
sumeričanow	6
stata	6
mocy	6
łužicy	6
němskej	6
němsce	6
němskeje	6
serbskeho	6
wulki	6
zemi	6
swoju	6
přikład	6
dla	6
knjejstwa	6
pola	6
wulku	6
morja	6
přeco	6
druhdy	6
dźeń	6
zdźěla	6
wobydlerjow	6
literatury	6
wužiwarjo	6
někotrych	6
často	6
hospodarstwo	6
wulke	6
dwaj	6
dołhosć	6
krala	6
wokoło	6
kak	5
rozeznawa	5
wikipedija	5
raz	5
wotpowědne	5
tutu	5
lětstotku	5
tutych	5
mjeztym	5
formje	5
biologija	5
dalše	5
systematika	5
europje	5
wodźe	5
tři	5
bóle	5
wšěch	5
někotre	5
tutej	5
dobje	5
wjacore	5
wikowanje	5
dale	5
babylon	5
c	5
100	5
jeje	5
kraj	5
wšak	5
wone	5
ablawtowych	5
hodźi	5
nětko	5
předewšěm	5
10	5
11	5
běhu	5
pokaza	5
cirka	5
milionow	5
kotřiž	5
přećiwo	5
nastawkow	5
sydło	5
wikimedia	5
wono	5
wobsteji	5
stronje	5
kotrychž	5
jara	5
hammurabi	5
eksistuja	5
mochi	5
brjoha	5
potajkim	4
wikisłownik	4
wikipedije	4
namakaš	4
jakub	4
budźe	4
kóžde	4
hesło	4
lisćina	4
někotři	4
měnja	4
žane	4
wuchodźe	4
da	4
ii	4
móc	4
knježerstwa	4
tutym	4
předłohu	4
wědomostnych	4
geografisce	4
kónčiny	4
mjezy	4
mócnarstwa	4
zapřijeće	4
tohodla	4
budyšinje	4
lěto	4
eksistuje	4
25	4
30	4
štyri	4
móžeja	4
doby	4
formy	4
14	4
móžno	4
słowa	4
nastawka	4
nastać	4
werb	4
kral	4
18	4
assur	4
assyričenjo	4
19	4
mjenje	4
wodowe	4
7	4
kotrejž	4
5	4
wšelake	4
hłownje	4
projekt	4
čimž	4
kćenja	4
hodźa	4
pokazuje	4
kislik	4
nimale	4
wuznamne	4
december	4
wažne	4
serbskim	4
mj	4
serbska	4
wužiwanje	4
wužiwaja	4
rěka	4
prawa	4
móžachu	4
dypk	4
dźěła	4
załoži	4
klinowe	4
zemje	4
swojich	4
dataje	4
commons	4
wikowanske	4
diskusija	4
słuša	4
přestrjeń	4
lětstotka	4
2009	4
schodźenk	4
pokazuja	4
lisćinu	4
wužiwachu	4
assyriska	4
pozdźišo	4
ludźi	4
pikselow	4
vitis	4
esperanto	4
ablawt	4
njesłuša	3
druhim	3
bartćišinski	3
runje	3
móžnosć	3
sumeriska	3
historikarjo	3
23	3
skónči	3
přiwuzna	3
pódy	3
tutoho	3
słowjanske	3
zapadźe	3
wjerchow	3
słowjanskich	3
tomu	3
lud	3
staty	3
kapitlu	3
ekscelentny	3
wědomosće	3
wobsedźa	3
žiwe	3
rostlinow	3
syriskeje	3
kónčina	3
persiskeho	3
tigrisa	3
historiske	3
stawizny	3
kulturu	3
serbow	3
hornjej	3
zběra	3
małych	3
swojimi	3
zhromadnje	3
nadawki	3
serbsku	3
atom	3
naruna	3
rozdźělene	3
resp	3
namaka	3
frankfurt	3
zwjazkoweho	3
dnja	3
und	3
mjenowachu	3
swój	3
blisko	3
ur	3
nastawk	3
družinow	3
2008	3
assyriskeje	3
naby	3
znowa	3
centrum	3
buštej	3
doniž	3
znutřka	3
tworja	3
žiwochow	3
kruta	3
wójny	3
přičina	3
třećeho	3
reicha	3
kajkosć	3
powjerch	3
druhi	3
najwjetši	3
et	3
proces	3
změnu	3
systema	3
jasnje	3
wuchod	3
kultury	3
změna	3
mjenowanych	3
prošu	3
stej	3
system	3
wobkedźbować	3
husto	3
dołho	3
jón	3
měješe	3
akkada	3
wokal	3
bazuje	3
namakane	3
africe	3
konferenca	3
pomjenowanje	3
24	3
decembra	3
posledni	3
zwjazkowych	3
žiwjenje	3
disponujomnosć	3
m	3
wjacorych	3
dr	3
london	3
mjenowany	3
sydom	3
pisać	3
přełožować	3
t	3
biblioteka	3
literaturu	3
porjad	3
čitarni	3
wupožčenskeho	3
wróćo	3
bjez	3
pomocu	3
móža	3
januara	3
symbole	3
cyłym	3
region	3
sumerišćinu	3
wokalow	3
znamješka	3
pisachu	3
algow	3
dźensa	3
wosebje	3
grjeksce	3
dwěmaj	3
aramejčanow	3
lěttysacu	3
babylonskej	3
swójby	3
zjednoćenych	3
nuhel	3
21	3
cyle	3
serbšćina	3
sej	3
mio	3
tych	3
bibliografije	3
bibliografiju	3
interneće	3
historisce	3
dźěło	3
rědke	3
čitać	3
molekul	3
měć	3
indiskeje	3
sewjer	3
awtomatisce	3
delnjeho	3
namjet	3
tróšku	3
iii	3
pisma	3
sta	3
skupiny	3
²	3
juhu	3
ernesto	3
che	3
guevara	3
podobnje	3
rozpušćomnosć	3
měnjenju	3
ryby	3
systematice	3
wysokosć	3
skupinach	3
wjedźechu	3
sewjernej	3
poćahi	3
twory	3
morjo	3
tola	3
němčinje	3
backen	3
mnichow	3
smuhu	3
lětu	3
wopřijeće	3
wikipediji	2
wěcy	2
něšto	2
štož	2
słownika	2
informaciju	2
wuraz	2
padach	2
skerje	2
budyšin	2
wotkazuje	2
wikipediju	2
wotkazować	2
kliknyć	2
nim	2
nomadźa	2
mjenow	2
mjenuja	2
južnej	2
sumeriskej	2
być	2
připućowanje	2
wuchoda	2
archeologiske	2
dokłady	2
tajke	2
južna	2
ležeše	2
přińdźe	2
wužiwanja	2
móžnosće	2
wobydlerstwa	2
wotwisuja	2
ludow	2
kmjeny	2
łobjom	2
solawu	2
serbja	2
serbskej	2
łužičanow	2
milčanow	2
mnoho	2
kmjenow	2
měrje	2
němskim	2
politiski	2
wobmjezowany	2
markěrowanje	2
móžemy	2
dać	2
dźělenja	2
twori	2
žiwych	2
rostlinami	2
mjezyrěčina	2
regiony	2
eufrata	2
nowymi	2
mjeno	2
sorbisches	2
delnjej	2
trěbne	2
wědomostne	2
zdobom	2
zjawnosći	2
aktualne	2
wosebitosće	2
sobudźěłaćerjo	2
kulturnu	2
łužicomaj	2
sakska	2
braniborska	2
swojej	2
tradicije	2
1952	2
akademiji	2
wědomosćow	2
druhimi	2
šulach	2
wuhotuje	2
mjezynarodny	2
normalneje	2
ćežka	2
oksid	2
ćežkej	2
wodźikowy	2
deuterium	2
swójbami	2
znate	2
kulturny	2
měrca	2
hodź	2
zwjazka	2
naš	2
zaměr	2
šěroko	2
budu	2
funkciju	2
dowoli	2
pisane	2
namakać	2
jednota	2
natwarjene	2
mócnarski	2
namakachu	2
aktualnych	2
wobdźělić	2
wobsahowe	2
tlustulimu	2
adjektiw	2
adwerb	2
hamorom	2
wuznam	2
sydlišćow	2
samostatne	2
assyriskej	2
smjerći	2
kulturelny	2
niniwa	2
dospołnje	2
skónčnje	2
znamjenja	2
b	2
bańkowe	2
temperaturach	2
dypkom	2
bywa	2
wuznamjeni	2
zarjadnistwo	2
kodeks	2
epocha	2
městow	2
prěnjotnje	2
krótko	2
nacizm	2
hitlera	2
waženy	2
kapalna	2
sylnych	2
organizmy	2
indiska	2
wobydlerjemi	2
swěta	2
namakanki	2
gasche	2
al	2
babylona	2
započał	2
zda	2
samsuiluny	2
uruk	2
eufratom	2
formow	2
1996	2
kultura	2
stajnje	2
in	2
der	2
fachowu	2
16	2
ablawtom	2
sy	2
předłohi	2
bělkowinach	2
bohatu	2
marilyn	2
monroe	2
los	2
angeles	2
awgusta	2
dźiwadźelnica	2
rjadow	2
změnili	2
pomhaj	2
ty	2
assyričanow	2
steješe	2
aššur	2
pódla	2
wikowaše	2
babylonom	2
iranom	2
kaspiskeho	2
dołhe	2
mnoholičbne	2
sylny	2
trinken	2
tworjenju	2
preterituma	2
zwonka	2
zběrka	2
rěčnym	2
najstarše	2
dopokazać	2
nopy	2
poměry	2
susodnych	2
družina	2
žónske	2
mnóstwach	2
element	2
spočatka	2
mjenowaše	2
republika	2
hornja	2
rólu	2
mjenuje	2
hornim	2
institucije	2
padnje	2
měsaca	2
swjedźeń	2
swjaty	2
26	2
28	2
trěbna	2
politisku	2
kraje	2
500	2
³	2
barba	2
rěki	2
hranicy	2
móžne	2
gametofyty	2
organy	2
anteridije	2
archegonije	2
přednošk	2
jendźelskeje	2
juhowuchodźe	2
rěce	2
hłownych	2
babylonje	2
poprawom	2
centralna	2
serbach	2
wotpowědnje	2
wotrjadam	2
knihownja	2
sobudźěłaćerjow	2
wupožčenja	2
zaměry	2
medije	2
wupožčene	2
kóždy	2
wotběhom	2
žadanja	2
wobmjezowanja	2
časopisy	2
wužiwarjow	2
dispoziciji	2
stać	2
serbske	2
časopis	2
wušłe	2
smě	2
zběhnyć	2
samostatnje	2
posłužić	2
bibliografijow	2
časopisow	2
njesu	2
zamołwitosć	2
kopije	2
9	2
wobstatkow	2
jednotliwe	2
cyłe	2
znaty	2
rěčachu	2
lětstotki	2
činjachu	2
strona	2
nima	2
stronu	2
tuchwilu	2
nam	2
hłowne	2
tuž	2
krajach	2
nižozemskej	2
la	2
statach	2
hospodarski	2
druhej	2
połojcy	2
srjedźišću	2
dźe	2
indoeuropski	2
werbow	2
rěčach	2
sporofyt	2
předstaja	2
hlinjanych	2
linije	2
2700	2
egyptowskeje	2
łaćonskeho	2
pochada	2
přewzali	2
oceany	2
wjedro	2
bychu	2
morfologiske	2
studije	2
woznamjenja	2
rěkomaj	2
historiskim	2
zmysle	2
dólnych	2
měšćanske	2
ležachu	2
kónc	2
technologije	2
wuwite	2
měšniskich	2
templowe	2
priwatne	2
swójstwo	2
hakle	2
nasta	2
přewza	2
ratarjo	2
wuměnjachu	2
temple	2
mějachu	2
assyriski	2
lěpšinu	2
wobsydstwo	2
pódźe	2
bjezdawkowe	2
wobsedźechu	2
zemjanske	2
předewzaća	2
zeleninu	2
rostlinu	2
widźeć	2
internet	2
ameriki	2
ekliptice	2
wariěruje	2
periodźe	2
lětow	2
hódnotu	2
wěstym	2
rozdźěl	2
zarjadowanjow	2
rozprawa	2
swojoraznosć	2
trjeba	2
dźělach	2
něhdy	2
dźensnišeho	2
raimundas	2
eimontas	2
basnjow	2
móžeće	2
kulturelne	2
ke	2
definicija	2
leža	2
najmjeńši	2
masy	2
kupow	2
hromadźe	2
kwadratowych	2
70	2
berlinje	2
bibliografija	2
přistup	2
wobsah	2
oktobra	2
kotrymž	2
cyłku	2
přistupne	2
klemenowa	2
vilnius	2
wuńdźe	2
přełožena	2
klemenowu	2
zběrkow	2
zastupnicy	2
woni	2
rozšěrjene	2
projekta	2
wužiwać	2
wodowy	2
wodźika	2
wulkeje	2
barack	2
obama	2
1961	2
wotměje	2
wobłuku	2
předstaji	2
šleski	2
alfabet	2
rěčnicy	2
wužiwali	2
2006	2
pismow	2
sanskrita	2
wodu	2
monsuna	2
keraly	2
juhozapadźe	2
połkupy	2
přichodneho	2
rjad	2
běłe	2
wustupuje	2
rostlina	2
mjezuje	2
tamil	2
nadu	2
zbytki	2
činitosće	2
pochadźeja	2
rozpušćadło	2
wotewza	2
swěće	2
litawskej	2
kromje	2
spočatk	2
měsacaj	2
eponymow	2
najwjace	2
myto	2
mjenom	2
dobywanja	2
knježićel	2
štyrjoch	2
mjenowane	2
kategorija	2
kategorijazarodk	2
doda	2
opis	2
rěku	2
najwažniša	2
listowany	2
podpěruja	2
přidać	2
kapitla	2
ekscelentnych	2
dobywachu	2
539	2
dźěl	2
aramejšćina	2
mócnarstwowa	2
dobywaše	2
persiske	2
wjednik	2
substancow	2
wzajomne	2
skutkowanje	2
powjerchoweje	2
napjatosće	2
knježeše	2
šamšiadad	2
17	2
oficielnje	2
samsnym	2
kralom	2
ekscelentne	2
ličenske	2
politiske	2
wulkich	2
tysac	2
předmjet	2
definować	2
uniwersita	2
španiskej	2
wilhelm	2
twarjenje	2
zahroda	2
ammiṣaduqa	2
31	2
daty	2
indiskej	2
indoariske	2
drawidske	2
jendź	2
jednotliwymi	2
ličakami	2
konsonanty	2
samo	2
wotwisuje	2
maćizny	2
přiběracu	2
temperaturu	2
družinami	2
pozicija	2
znutřkowna	2
apg	2
pisces	2
žadyn	2
takson	2
łopjena	2
thumb	2
wobrazki	2
bokow	2
postajeć	2
wulkosći	2
wino	2
europskeho	2
winowca	2
vinifera	2
winowc	2
stawiznow	2
měšćanskich	2
srjedźišćo	2
lisćiny	2
namjetować	2
twojim	2
čitanja	2
hódne	2
swětowych	2
baseń	2
samotar	2
wjelk	2
hudźbu	2
słónca	2
jednym	2
dósta	2
cyłu	2
mezopotamisku	2
jednu	2
zakonjow	2
280	2
prawo	2
padow	2
trjebamy	2
počachu	2
španišćina	2
jedna	2
romaniskich	2
španisce	2
americe	2
karnataka	2
kannada	2
300	2
započa	2
krajemi	2
chemiskich	2
wusměrić	2
kaspiske	2
200	2
loben	2
algi	2
běštej	2
hornčerska	2
tačel	2
kladogram	2
sobu	2
wotstronić	2
slepo	2
adl	2
rostlinam	2
žiłowe	2
organizaciju	2
narysowa	2
kruhu	2
smuha	2
juhowuchod	2
plantae	2
přezwuk	2
wonej	1
idealnje	1
wudospołnjatej	1
encyklopediske	1
artikle	1
někajkej	1
wosobje	1
boku	1
njenamakaš	1
gramatice	1
ortografiji	1
wothladajo	1
nadźijomnje	1
korektnje	1
piše	1
tajkich	1
prawdźepodobnje	1
wěcownu	1
pyta	1
gramatisku	1
idealnym	1
padźe	1
kóždym	1
artiklu	1
wikisłowniku	1
njeznate	1
zhonił	1
3000	1
připućowachu	1
sewjera	1
južneho	1
lijeńcy	1
powěda	1
dokumentuje	1
pućowanja	1
mjenowanje	1
semitiskich	1
dobu	1
zažnodynastisku	1
periodu	1
pisomne	1
dopokazy	1
spisane	1
rěčespytnicy	1
móhła	1
mongolšćinu	1
finšćinu	1
madźaršćinu	1
turkowšćinu	1
wotwodźeja	1
měnjo	1
korjenja	1
teorija	1
neolitikumje	1
mórskej	1
hładźinu	1
njeda	1
dźeržeć	1
chibazo	1
eroziju	1
sćěwku	1
rólniskeho	1
přepasenja	1
taurusu	1
zagrosu	1
sylnemu	1
nanjesenju	1
někajkeho	1
internetom	1
zwjazać	1
stopjenja	1
ekonomiskeho	1
wuwića	1
lětstotk	1
ćahanja	1
wobsydla	1
krajinu	1
baltiskim	1
morjom	1
srjedźnymi	1
horinami	1
rěkami	1
wódrubobromkwisu	1
631	1
surbi	1
chronice	1
fredegara	1
króć	1
pisomnje	1
932	1
heinrich	1
podćisnje	1
kmjenaj	1
939	1
markhrabja	1
gero	1
hosćinje	1
třiceći	1
połobskosłowjanskich	1
zabić	1
zběhnje	1
1018	1
budyskim	1
bolesławom	1
chrobrym	1
kejžorom	1
heinrichom	1
teritorijej	1
pólskemu	1
wjerchej	1
leno	1
přidźělitej	1
1031	1
konstrukt	1
wopřijmje	1
zhromadny	1
teritorij	1
słušacy	1
statny	1
staćanstwje	1
realne	1
wukonjenje	1
statnu	1
monarchistiske	1
autokratiske	1
demokratiske	1
wědomostny	1
wobłuk	1
analyzuje	1
žiwy	1
swět	1
biologiju	1
napřikład	1
molekularna	1
biochemija	1
genetika	1
bańkowa	1
fyziologija	1
anatomija	1
wuvojowa	1
ewoluciska	1
etologija	1
ekologija	1
botanika	1
coologija	1
mykologija	1
mikrobiologija	1
morfologija	1
bionika	1
lěkařske	1
discipliny	1
wirologija	1
dalšich	1
specializowanych	1
disciplin	1
bazalne	1
ćělesa	1
šwikacych	1
prućikow	1
charakteristisku	1
wjeleworštowu	1
strukturu	1
mikrotubulijow	1
zakótwjenje	1
cytoskeleće	1
mitoza	1
wotewrjena	1
bańkow	1
fragmoplast	1
pyrenoidy	1
faluja	1
hriby	1
wottwar	1
nježiwych	1
symbiozu	1
mykorica	1
parazity	1
dźensniše	1
iraka	1
sewjerowuchodneje	1
južnowuchodneje	1
turkowskeje	1
definowaneza	1
přirodne	1
wuchodne	1
dólne	1
nakromne	1
horinow	1
zagros	1
taurus	1
pobrjóžna	1
golfa	1
započinaca	1
syriskoarabska	1
pusćinažórłowe	1
njesłušachuz	1
kóncom	1
nowowbabylonskeho	1
stawizniske	1
slědowace	1
epochi	1
politiskimi	1
statnymi	1
wutworami	1
přepytuje	1
zašłosći	1
přitomnosći	1
archiwěruje	1
materialije	1
přihotuje	1
slědźenje	1
spřistupnja	1
interdisciplinarne	1
slědźenja	1
połoženje	1
přirunowanje	1
kulturow	1
wusměrjene	1
spytaja	1
rěčnu	1
praksu	1
woběmaj	1
móžnosćemi	1
podpěrać	1
sydłom	1
wotnožku	1
choćebuzu	1
januarej	1
1992	1
swobodneho	1
krajom	1
wutworił	1
prawniskej	1
zapisane	1
towarstwo	1
zwonkauniwersitne	1
slědźenišćo	1
złožuja	1
ludospyt	1
1951	1
załožił	1
1991	1
1972	1
ndr	1
přisłušał	1
kooperuje	1
wědomostnymi	1
zarjadnišćemi	1
wukraju	1
fachowcy	1
spjelnjeja	1
wučbne	1
uniwersitach	1
wysokich	1
prózdninski	1
kurs	1
mjenowana	1
połćežka	1
deuteriumowy	1
přećežka	1
tritiumowy	1
přećežkej	1
normalny	1
protium	1
symbol	1
h	1
jeju	1
izotopaj	1
tritium	1
połćežkej	1
cycaki	1
podklasow	1
porjadow	1
měchawcach	1
wyšich	1
cycakach	1
dwě	1
nadporjadowanym	1
skupinam	1
přidźělować	1
detailowa	1
cycakow	1
mohanom	1
mainom	1
am	1
main	1
hessenska	1
pjaty	1
bronzoweje	1
kulturne	1
wjetšimi	1
symjenjemi	1
dnjej	1
archiwow	1
přeprošuje	1
archiw	1
dwórnišćowu	1
sobotu	1
knižna	1
premjera	1
48	1
spisow	1
stätten	1
stationen	1
religiösen	1
wirkens	1
smolerjec	1
kniharni	1
etiopiskej	1
84	1
nich	1
słowoskład	1
registrować	1
nihdźe	1
registrowane	1
planowane	1
pytansku	1
integrować	1
wužiwarjej	1
wopak	1
rozłama	1
duchowneje	1
swětneje	1
palasty	1
reprezentaciji	1
słužachu	1
kralojo	1
tuteje	1
lugal	1
čłowjek	1
narok	1
pokazachu	1
knježićeljo	1
rowy	1
dajo	1
družbinu	1
pohrjebać	1
kralowskich	1
rowow	1
chceće	1
projektach	1
klemena	1
wustupej	1
swojeho	1
přeprosyć	1
wobroćće	1
sćěhowacu	1
adresu	1
wotrězk	1
mjezoty	1
faluje	1
1239	1
awg	1
cest	1
werba	1
danci	1
rejować	1
substantiw	1
danco	1
reja	1
danca	1
rejowanski	1
dance	1
rejowansce	1
substantiwa	1
martelo	1
hamor	1
marteli	1
klepać	1
martela	1
hamorowy	1
martele	1
rjemjesło	1
nabywaštej	1
zamóžite	1
politisce	1
spadźe	1
nabopolassar	1
dobywa	1
naposledk	1
assurbanipala	1
dobychu	1
zjednoćeni	1
medojo	1
babylonjenjo	1
wójska	1
609	1
zničenej	1
pomjatka	1
naslědnych	1
generacijow	1
zhubjachu	1
politiskosocialnych	1
přičinow	1
assyriskeho	1
luda	1
njewožiwi	1
zastupjerjow	1
nadrjadowanych	1
taksonow	1
charofyta	1
chloroplastida	1
chloroplasty	1
chlorophyll	1
fotosynteizskej	1
pigmentaj	1
karotinoidy	1
akcesoriske	1
pigmenty	1
škrob	1
rezerwny	1
polysaccharid	1
sćěny	1
celulozywutrusowa	1
sćěna	1
sporopolenin	1
sporofyty	1
kutikulu	1
chemiska	1
wjazba	1
njeparujomna	1
normalnymi	1
wuměnjenjemi	1
kapalny	1
0	1
škrějnym	1
maćizna	1
lód	1
warjenskim	1
para	1
doba	1
krute	1
wudawanje	1
prawniskich	1
wukazow	1
urnammu	1
poslednja	1
charakerizowana	1
rozpad	1
zańdźenje	1
wuznamjeny	1
měł	1
dalši	1
nomadny	1
šansu	1
postupej	1
dóstać	1
ura	1
nacionalsocializm	1
nationalsozialismus	1
njedemokratiska	1
antikomunistiska	1
antisemitiska	1
antisłowjanska	1
ideologija	1
swětonahlad	1
kotry	1
załoženy	1
adolfa	1
weimarskeje	1
republiki	1
hłownu	1
přičinu	1
druheje	1
swětoweje	1
złóstnistwow	1
holocausta	1
jednora	1
wažna	1
jónkróćna	1
forma	1
płuwa	1
kapalnej	1
faza	1
husta	1
geometrije	1
wodźikowych	1
wjazbow	1
niskich	1
zdźěłuja	1
hłuboka	1
wostanje	1
ćopliša	1
lodowy	1
lodowe	1
wumjenja	1
přežiwić	1
multietniski	1
12	1
miliardow	1
wobydlerstwu	1
archelogoiske	1
snadne	1
starobabylonskich	1
rozpušćeno	1
1998	1
padom	1
hydrologiskeho	1
zwjazane	1
larsa	1
potrjechene	1
girsu	1
lagaš	1
rozpušćenej	1
isin	1
nippur	1
rozpjeće	1
keramikowych	1
woteběra	1
43	1
potrjechena	1
wuwiwa	1
přeměnjenja	1
kajke	1
wupadaja	1
formuja	1
nimi	1
wobchadźa	1
titlom	1
wandel	1
gestalten	1
geschichten	1
strategien	1
um	1
identitäts	1
landschaftswandel	1
lausitz	1
gižkojskim	1
kuble	1
wikach	1
drjowka	1
konferencu	1
wobdźěli	1
referentow	1
referentkow	1
wobłukow	1
hospodarstwa	1
regionalneho	1
zarjadnistwa	1
kwalitatiwnym	1
wokala	1
kwantitatiwnym	1
wokaloweje	1
dołhosće	1
pomjenowanja	1
schodźenkow	1
jednotnje	1
indoeuropskeho	1
ablawta	1
schodźenki	1
rozeznawaja	1
njedostatkow	1
skorigowała	1
wotstroń	1
potrjecheny	1
parameter	1
podrobnosće	1
dokumentaciji	1
zelo	1
słoma	1
skótnu	1
žratwu	1
norma	1
jean	1
baker	1
junija	1
1926	1
1962	1
usamerikanska	1
spěwarka	1
fotowy	1
model	1
sexsymbol	1
jenakorazny	1
dokładnje	1
jenaki	1
zwukowe	1
přesunjenja	1
stali	1
pismowy	1
starše	1
wobchowuje	1
rěčanej	1
rozšěriš	1
wudospołniš	1
čole	1
zastupjerja	1
bóha	1
kupnicy	1
kraju	1
wukonjachu	1
ležo	1
wažnych	1
wikowanskich	1
pućach	1
anatolskej	1
dźensnišim	1
přitoki	1
wolga	1
ural	1
kura	1
wobstaće	1
njeměješe	1
zběžki	1
přupućowacy	1
hórski	1
gutejčanow	1
skónčichu	1
epochu	1
trank	1
getrunken	1
geografiske	1
eksonymy	1
mjena	1
geografiskich	1
objektow	1
rěkow	1
horow	1
krajowych	1
krajinow	1
materialowa	1
wupiskach	1
wučbnicow	1
geografiju	1
lětnika	1
słownikow	1
němskohornjoserbskeho	1
noweje	1
leksiki	1
naprašowanjach	1
nastał	1
kooperaciji	1
centrumom	1
witaj	1
symjenišćo	1
płódniku	1
zawěra	1
zrałoće	1
płoda	1
přetworjuje	1
dźěle	1
wobdźělować	1
diftongi	1
ae	1
oe	1
eu	1
au	1
wobsydlenske	1
sćěhi	1
połojcu	1
srjedźnmy	1
eufraće	1
murejbeće	1
hdźež	1
pochowane	1
byče	1
kulojtych	1
domach	1
namakali	1
wěstotu	1
předpokładować	1
podobne	1
regionach	1
namakankow	1
typiske	1
cyłkowneje	1
reprezentujawot	1
wumodelowane	1
figuriny	1
obsidian	1
kapadociskej	1
obsidianowe	1
brjenki	1
dopokaz	1
zažneho	1
wikowanja	1
bjezbarbny	1
njewonjaty	1
bjezsłodowy	1
płun	1
zjewi	1
molekularnej	1
o2	1
o3	1
ocon	1
burkina	1
faso	1
zapadnej	1
podleži	1
1960	1
francoskemu	1
kolonialnemu	1
knjejstwu	1
njewotwisnosće	1
1984	1
wolta	1
wosebitu	1
hraješe	1
lěttysacomaj	1
sewjerna	1
wobchadnje	1
njej	1
słušachu	1
habura	1
nastali	1
mari	1
ebla	1
hama	1
hamukar	1
tell	1
halafaleppo	1
nabada	1
wědomostna	1
přewinjenje	1
dualizmow	1
ludźo	1
hybridologiskeho	1
wida	1
hodownik	1
wažny	1
cyrkwinski	1
hody	1
patoržica	1
27	1
swjeći	1
silwestra	1
rozdźělena	1
teritorijow	1
čłowjekowe	1
zwěrjatkowe	1
rostlinowe	1
wažnosć	1
sociusku	1
pódlanska	1
mapa	1
čerwjenu	1
barbu	1
kóždolětnje	1
wobsedźeja	1
mjeńše	1
wobnowjeneje	1
wšeho	1
wobydlerja	1
žołta	1
1700	1
zastaranje	1
jordan	1
kolorado	1
přeprěkuja	1
krajowe	1
mjezykrajowe	1
konflikty	1
pitnej	1
starych	1
kulturach	1
egyptowskej	1
persiskej	1
israelu	1
ludowy	1
cyrobowy	1
srědk	1
dawe	1
de	1
jure	1
žanu	1
stolicu	1
nimaja	1
monaco	1
nauru	1
šwicarska	1
liechtenstein	1
vatikanske	1
seksuelna	1
generacija	1
wutwori	1
specielne	1
wjacebańkowe	1
seksualne	1
sterilnymi	1
bańkami	1
wobdate	1
muske	1
jejkowe	1
bańki	1
zawostawaja	1
archegonijach	1
wopłodźuja	1
krytosymjenjakach	1
ekstremnje	1
redukowane	1
zjawny	1
instituće	1
dwórnišćowej	1
pd	1
sönke	1
friedreich	1
isgv	1
drježdźany	1
vom	1
urlaub	1
erzählen	1
zur	1
erfahrungsgeschichte	1
des	1
reisens	1
ddr	1
wurjekowanje	1
zjednoćeneho	1
kralestwa	1
wulkobritaniskeje	1
sewjerneje	1
irskeje	1
thames	1
jendźelsce	1
greater	1
poł	1
miliona	1
cyła	1
aglomeracija	1
štyrnaće	1
čerwjene	1
wotkazy	1
deleka	1
pomhać	1
tematiku	1
němskorěčneje	1
wikipedijow	1
jow	1
załožić	1
gnulicenca	1
dodźeržała	1
35	1
tamnišich	1
awtorow	1
mjenować	1
edit	1
wliwapołni	1
překupcy	1
hotowe	1
dynastije	1
tworjachu	1
powjetšachu	1
zamóženje	1
pjenježne	1
wobchody	1
wšemu	1
wočakowanju	1
njeběchu	1
wšěm	1
zdaću	1
wiki	1
bazary	1
orientaliskeho	1
wočakowało	1
dokumenty	1
wikowanskej	1
ničo	1
njerozprawjeja	1
relatiwnje	1
zarjadnišćo	1
zt	1
jej	1
přisteji	1
wobstaranje	1
zadźěłanje	1
archiwizowanje	1
spřistupnjenje	1
cyłeje	1
serbskorěčneje	1
wozjewjenjow	1
wukrajnu	1
duchowno	1
socialnowědneho	1
wobłuka	1
slědźerskim	1
předewzaćam	1
wotewrjenske	1
časy	1
centralneje	1
bjezpłatne	1
zapis	1
wužiwanskeje	1
wužiwanski	1
připóznaje	1
přizjewjenje	1
zdokonja	1
prěnim	1
rjedźe	1
prezenčna	1
wobstatki	1
instututa	1
dźěłowych	1
rumnosćach	1
domu	1
powołanske	1
powšitkownje	1
płaćiwym	1
postajenjam	1
wupožčenski	1
wučinja	1
zasadźe	1
njedźele	1
nowiny	1
njedźeli	1
woprawnjena	1
informaciske	1
žórła	1
sebi	1
žadać	1
podlěšenje	1
tuteho	1
přizjewić	1
překročenju	1
wupožčer	1
popłatnje	1
napomina	1
wostanu	1
napominanja	1
wuspěcha	1
sudnisce	1
přesadźa	1
płaća	1
dyrbja	1
periodika	1
maćicy	1
lětopis	1
tmj	1
1950	1
wuwzaće	1
eksemplarach	1
wobstatku	1
drohoćinkam	1
njeliča	1
nawoda	1
wěstych	1
wupožčenske	1
přidatne	1
postajić	1
winowaty	1
wobstatkami	1
swědomiće	1
wobchadźeć	1
njesmě	1
změnjeć	1
pasć	1
našmórnjenjow	1
womazać	1
wobškodźić	1
kóždu	1
škodu	1
zhubjenje	1
narunać	1
8	1
woprawnjeny	1
pomocnych	1
srědkow	1
wólnoručne	1
nastajene	1
nastajeneho	1
kopěraka	1
zakónske	1
postajenja	1
awtorskeho	1
wobkedźbuje	1
sami	1
zranjenju	1
awtorskich	1
prawow	1
historiskich	1
knihow	1
nowin	1
smědźa	1
knižneho	1
scannera	1
fotografisku	1
reprodukciju	1
zhotowjeć	1
jednotliwym	1
přiručne	1
knihownje	1
dołhodobne	1
požćonki	1
přewostajić	1
požčonki	1
njese	1
wotrjadnika	1
pomjenowany	1
kolega	1
wupožčować	1
biblioteku	1
posłužby	1
popłatkowemu	1
porjadej	1
wotpowědowacy	1
popłatk	1
wužiwarski	1
nabudźe	1
płaćiwosć	1
2007	1
dotalny	1
kompleksniše	1
zwuki	1
sady	1
předstajic	1
zmóžni	1
narod	1
gilgamešowym	1
eposu	1
wotbłyšćowaše	1
był	1
žana	1
wužitych	1
dominowaše	1
akkadšćinu	1
runoprawnje	1
zasydlowanje	1
rozšěrjowanje	1
najrozdźělnišich	1
aramejskich	1
płódnym	1
měsačku	1
aramejšćinu	1
nawodnej	1
bliskeho	1
60	1
jubilejej	1
němskosłowjanskim	1
kontakće	1
klik	1
horjewotwołowany	1
wopisanjom	1
pokazać	1
dodaš	1
słowom	1
dwójny	1
kóždychžkuli	1
formalnosćow	1
nowe	1
spisać	1
wobdźěłać	1
natwarjena	1
zasadach	1
gnulicency	1
6741	1
zwostanje	1
tójšto	1
naša	1
encyklopedija	1
rostła	1
stawizniski	1
najwyšich	1
politiskich	1
institucijow	1
sejma	1
monarcha	1
runočasnje	1
amsterdam	1
den	1
haag	1
boliwiskej	1
pazsucre	1
tansaniji	1
dodomadaressalam	1
wšelakorych	1
městach	1
zasydlene	1
najwažniši	1
wobchadny	1
jednotna	1
kónčinje	1
zwěsćić	1
standardizowany	1
załožk	1
akropolisa	1
palastom	1
templemi	1
sydlenskeje	1
hórki	1
přesunjenje	1
přechad	1
samsnych	1
wjacebańkowy	1
embryo	1
maćerskej	1
rostlinje	1
zawostawa	1
teje	1
zežiwja	1
měrny	1
stadij	1
wjelebańkowy	1
pisakami	1
taflow	1
zadrapane	1
hlinjanej	1
tafli	1
padorune	1
wodorune	1
ćahachu	1
zapisuja	1
nastatych	1
kašćikow	1
zatłóčujo	1
třiróžkatym	1
kónčkom	1
ćeńkeho	1
drjewjaneho	1
kuska	1
mjechkeje	1
hlinjaneje	1
tafle	1
čitachu	1
wotlěwa	1
doprawa	1
docpě	1
dokonjanosć	1
2500	1
nałožene	1
syriskej	1
hetitow	1
diplomatiskich	1
archiwach	1
wysokoněmske	1
wein	1
starowysokoněmske	1
wîn	1
winam	1
francoske	1
vin	1
jendźelske	1
wine	1
vinum	1
waliziske	1
gwin	1
irske	1
fion	1
samsneho	1
fakt	1
wujasni	1
germanojo	1
keltojo	1
romjanow	1
wjetšim	1
rozměrje	1
winje	1
dótknjenja	1
přišli	1
łaćonske	1
štwórćinow	1
přikryte	1
kopicu	1
cirkulacija	1
oceanami	1
powětrom	1
kreěruje	1
zastupowany	1
nahlad	1
pochadowe	1
eksistowali	1
njeprawdźepodobny	1
spóznaty4	1
lědma	1
zastupuje	1
molekularnobiologiske	1
njepodeprěje6	1
mnohich	1
propagacija	1
zakazane	1
najčasćiše	1
wjazby	1
silikaty	1
μεσοποταμία	1
mesopotamia	1
aramejsce	1
ܒܝܬܢܗܪܝܢ	1
beth	1
nahrin	1
kurdisce	1
mezopotamya	1
arabsce	1
بلاد	1
مابين	1
النهرين	1
bilād	1
mā	1
bain	1
annahrain	1
kónčinu	1
runinow	1
tigrisom	1
babylonjanow	1
efektiwniše	1
powodźenje	1
polow	1
etablěrowane	1
móhli	1
tworić	1
rozhałžkowany	1
kanalowy	1
zorganizowany	1
wobtwarjeny	1
knježachu	1
měšniscy	1
wjerchojo	1
nabožnu	1
rukach	1
dźeržachu	1
organizowachu	1
kanalizowanje	1
rólnistwo	1
etat	1
identiski	1
knježićela	1
oikosowe	1
organizacija	1
trjebaše	1
zarjadniski	1
aparat	1
njewólnicy	1
dźěłachu	1
dóstachu	1
naturalije	1
priwatizowali	1
r	1
najenk	1
dyrbješe	1
wukon	1
slěbro	1
přinjesć	1
šlešćina	1
pólskej	1
rěču	1
dialekt	1
pólšćiny	1
linguistikow	1
wotwažowana	1
produkty	1
žiwidła	1
tekstilije	1
měšnicy	1
wliwa	1
dopušći	1
financowaše	1
tributy	1
dawki	1
ležownosće	1
wobsydstwje	1
zemjanskich	1
swójbow	1
ratarjow	1
wotwisnym	1
korjenjowu	1
picowansku	1
kultiwuje	1
murna	1
łočica	1
mycelis	1
muralis	1
rjenje	1
pjeć	1
krónowych	1
kónčki	1
žołtych	1
cygomorfnych	1
jazykowych	1
kćenjow	1
dwudźělne	1
pěsty	1
pěstkow	1
cichorioideae	1
1969	1
nastateho	1
arpaneta	1
wušoł	1
advanced	1
research	1
project	1
agency	1
arpa	1
zakitowanskeho	1
ministerstwa	1
rotaciska	1
wóska	1
zrunana	1
padorunje	1
zawinuje	1
fenomen	1
měnjacych	1
počasow	1
konstantna	1
40000	1
55	1
wobwliwujo	1
klimat	1
zmjeńšuje	1
4300	1
srjedźnu	1
06	1
docpěwać	1
25000	1
minimalnu	1
dwulětnym	1
rytmusu	1
poskićuje	1
dnju	1
nalěću	1
hornjołužiskej	1
koncentrowany	1
dohlad	1
slědźenjow	1
wotběži	1
tradicionelny	1
institutny	1
hornjoserbskej	1
wobroći	1
specielnje	1
inteligencu	1
termin	1
swjatkowna	1
póndźela	1
sakskich	1
swobodny	1
dźerža	1
45	1
přednoškow	1
wšelakim	1
temam	1
sćěhuje	1
krótka	1
popołdnju	1
zajimcow	1
wotewrjeny	1
wotewrjenych	1
duri	1
wopytowarjam	1
zarjadowanja	1
domje	1
steji	1
wućišćana	1
dźěłowa	1
cuzych	1
zajimawa	1
dalša	1
awtochtona	1
najbliže	1
čěšćinu	1
pólšćinu	1
słowakšćinu	1
kotrymiž	1
skupinu	1
zapadnosłowjanskich	1
němske	1
nju	1
tradicionelnje	1
sorbisch	1
wendisch	1
hornjeje	1
delnjeje	1
hinaša	1
situacija	1
dźensnišich	1
sakskoanhaltska	1
durinska	1
mecklenburgskopředpomorska	1
sydlachu	1
dialekty	1
nětčiša	1
jenički	1
zachowany	1
słowjanski	1
idiom	1
litawska	1
edita	1
niciūtė	1
režiser	1
staj	1
widejoklipaj	1
recitacijemi	1
klemenowych	1
nahrawałoj	1
wobě	1
nahrawani	1
slědowacym	1
wotkazom	1
wobhladać	1
oceanija	1
woznamjenjenje	1
hospodarske	1
zjeće	1
kupoweho	1
pacifika	1
kontinentej	1
tektonisce	1
teritorije	1
awstralskej	1
pacifiskej	1
mjeńšich	1
platach	1
kontinent	1
wobhladany	1
twjerdźowej	1
nastupanju	1
7500	1
wobsahuja	1
twjerdźowu	1
13	1
mórskim	1
teritoriju	1
2100	1
wobsydlene	1
cyłkownje	1
wobydla	1
149	1
čłowjekow	1
cyłkowna	1
redakcija	1
franc	1
šěn	1
prěnju	1
wothladamyli	1
zapisow	1
serbskich	1
ćišćow	1
zestaja	1
1929	1
wjacsławk	1
krajny	1
bibliotekar	1
drježdźanach	1
slawist	1
max	1
vasmer	1
wuda	1
ju	1
rozšěrjeny	1
nakł	1
1959	1
wuchadźa	1
prawidłownje	1
wjacelětnych	1
zwjazkach	1
ludowym	1
nakładnistwje	1
domowina	1
ćišćanej	1
lětne	1
wuběrkowe	1
spřistupnjeja	1
50tych	1
lětopisu	1
serbskorěčne	1
title	1
rozprawja	1
druhorěčnych	1
publikacijach	1
wobsahowym	1
poćahom	1
serbam	1
zapřijatemu	1
serbskemu	1
sydlenskemu	1
rumej	1
wosobinam	1
koncentruje	1
regionalnohistoriske	1
wobłuki	1
geografija	1
přiroda	1
atd	1
wobkedźbuja	1
saksku	1
braniborsku	1
zapisuje	1
brošurki	1
audiowizuelne	1
njesamostatnje	1
wuchadźace	1
přinoški	1
zběrnikach	1
časopisach	1
wobšěrniše	1
tydźenikach	1
dźenikach	1
recensije	1
internetowa	1
wersija	1
skića	1
kompletny	1
knižnych	1
zwjazkow	1
19861990	1
19911995	1
19962000	1
20012005	1
wuběrk	1
sorabistiskich	1
titlow	1
sukcesiwnje	1
zadźěła	1
zažnišich	1
dotal	1
1958	1
18561909	1
wobnowjer	1
zemrěł	1
klasikar	1
sorabistiku	1
načasneho	1
hladanja	1
pohódnoćić	1
ćišinski	1
kruty	1
poćahowy	1
předstajenju	1
wujasnjenju	1
moderny	1
fundus	1
sekundarneje	1
přepytownja	1
interpretacije	1
njemóže	1
spokojić	1
literarne	1
tworjenje	1
prěna	1
elektroniska	1
kniha	1
jendźelskej	1
shaya	1
wooda	1
rysowanka	1
titlowej	1
słowjenskeho	1
molerja	1
arjana	1
pregelja	1
třeću	1
mišter	1
spowědnym	1
stole	1
ilustrował	1
knihu	1
kindle	1
formaće	1
prc	1
administratorojo	1
oficialni	1
foundation	1
kotrejež	1
serwerach	1
st	1
petersburg	1
florida	1
wikimediaprojekty	1
dowěrja	1
funkcije	1
wušmórnyć	1
škitać	1
škit	1
blokować	1
dobro	1
dlěši	1
tekst	1
dweju	1
wodźikoweju	1
atomow	1
jedneho	1
kislikoweho	1
atoma	1
geometrisce	1
kutny	1
wotpowěduje	1
vseprteoriji	1
ab2e2typej	1
atomaj	1
poraj	1
elektronow	1
přesunjenej	1
róžkow	1
předstajeneho	1
tetraedra	1
ohwjazbaj	1
začinitej	1
10445	1
nastanje	1
potrjeby	1
rumje	1
swobodnych	1
porow	1
elekronow	1
daloko	1
idealneho	1
tetraedroweho	1
nuhela	1
10947	1
ohwjazbow	1
9584	1
pikometrow	1
hussein	1
honolulu	1
20	1
44	1
prezident	1
afroameričan	1
tej	1
poziciji	1
srjedu	1
wojerowskeho	1
wuměłskeho	1
temje	1
rozbije	1
předsudk	1
stereotypy	1
bywša	1
doktorandka	1
insituta	1
katharina	1
elina	1
slědźerske	1
wuslědki	1
swojeje	1
disertacije	1
započatk	1
šlešćiny	1
pólskimi	1
pismikami	1
wunamakował	1
nowy	1
šleskich	1
šleskej	1
stari	1
gramatikarjo	1
wuchadźachu	1
zhubjenskeho	1
schodźenka	1
zakładny	1
połny	1
guṇa	1
stopjeń	1
podlěšenski	1
vṛddhi	1
róst	1
słowniki	1
korjenjach	1
zhubjenski	1
aā	1
iī	1
uū	1
diftongow	1
oau	1
eai	1
połwokale	1
y	1
v	1
jewja	1
sanskrit	1
sonantnej	1
likwidaj	1
ṛ	1
ḷ	1
nazalaj	1
móžetej	1
wokalisku	1
kislika	1
poměrje	1
drobnych	1
ćežku	1
subkontinenće	1
prěnjorjadnje	1
dešćoweho	1
wotwisne	1
započina	1
meje	1
přibrjohu	1
ćehnje	1
połdra	1
sewjerowuchodnym	1
směrje	1
ablawtowy	1
němčiny	1
ei	1
rědko	1
nažołćběle	1
róžojte	1
wutworja	1
wokołk	1
wjelbowany	1
płony	1
tón	1
dźiwjeje	1
morchwje	1
wokołka	1
ćmowočerwjenje	1
čornopurpurowje	1
barbjene	1
kćenje	1
rědšo	1
dźiwjej	1
morchwi	1
młodokamjentneje	1
dopokazana	1
tropiski	1
gowu	1
sewjerozapadźe	1
maharaštru	1
sewjeru	1
andrapradešom	1
keralu	1
pobrjóh	1
arabskeho	1
přirodna	1
hranica	1
8700	1
architektoniski	1
pokrok	1
kulojte	1
bydlišća	1
přeměnjachu	1
róžkatych	1
domow	1
wjacorymi	1
rumnosćemi	1
disponowachu	1
žitne	1
silach	1
ratarkse	1
7700	1
domy	1
čłowjeske	1
namkane	1
róžkaty	1
stil	1
specialny	1
podobnosće	1
kult	1
mortwych	1
jericha	1
keramiku	1
objekty	1
měnjace	1
motiwy	1
techniki	1
dołhi	1
wuwiwanski	1
palena	1
hlina	1
prehistoriskimi	1
modelemi	1
hornčerskeje	1
tačele	1
symjenjow	1
muka	1
zhotowja	1
přidawk	1
chlěbpječenju	1
słužić	1
najnuzniša	1
substanca	1
kajkosće	1
dobra	1
sylnu	1
powjerchowu	1
napjatosć	1
čerstwa	1
najhusćiša	1
hustosć	1
mjerznje	1
zhrěje	1
stabilny	1
našej	1
atmosferje	1
hra	1
wažnu	1
absorbowadło	1
ultrawioletneho	1
promjenjenja	1
wysoku	1
specifisku	1
ćopłotu	1
stabilizuje	1
klimu	1
antologija	1
słowjenskich	1
krótkopowědančkow	1
auksas	1
kišenėje	1
złoto	1
zaku	1
wobsahujo	1
stawiznu	1
pralěsowej	1
sewjerowuchodźe	1
bengaliskej	1
nižiny	1
ćežkim	1
powodźenjam	1
přińdź	1
himalaje	1
wotwalenja	1
hory	1
zrědka	1
septembra	1
přewažnje	1
dešća	1
traje	1
dalšej	1
mróčele	1
južnym	1
dekkanje	1
zminu	1
chronologija	1
zepěra	1
assyrisku	1
chroniku	1
synchronizmow	1
babylonskich	1
lisćinje	1
zasunyć	1
lětnje	1
mjěna	1
wažnym	1
podawkom	1
kurigalzu	1
referencu	1
ameriski	1
fiction	1
fix	1
wozjewi	1
krótkopowědančko	1
pushcart	1
nominowane	1
něhdyšej	1
romskej	1
protyce	1
dźesaty	1
měsac	1
přir	1
łać	1
decem	1
dźesać	1
304	1
dnjow	1
trajaceho	1
měsačkoweho	1
kalendra	1
153	1
krystusa	1
doprědka	1
sćahny	1
poćah	1
ličenjom	1
wotpadny	1
citaty	1
prawopisnje	1
adaptuja	1
wobchowaja	1
aššuruballit	1
iom	1
13531318	1
wliw	1
wjeźechu	1
hospodarskemu	1
rozmachej	1
tukultininurta	1
zrozumi	1
zastupjer	1
boha	1
zemjedźělow	1
smjerću	1
srjedźoassyriske	1
1994	1
federacija	1
wutworjena	1
dźewjeć	1
narodnostnych	1
njedostatk	1
wužiwaj	1
rq	1
botanice	1
runinach	1
srjedźneje	1
najwuznamniše	1
městnosće	1
sippar	1
durkurigalzu	1
dijala	1
horni	1
běh	1
zaba	1
wobmjezowana	1
plahowachu	1
žito	1
hospodarska	1
hałza	1
zhotowjenje	1
smoły	1
kołmaza	1
regionje	1
nastawkej	1
biografiji	1
achejmenidźa	1
550	1
bliski	1
mału	1
aziju	1
zawostaji	1
cyrus	1
proklamaciju	1
cyrusowym	1
cylindrje	1
mócnje	1
ekspandowaceho	1
330	1
aleksander	1
něhdyši	1
wójnski	1
seleukos	1
dynastiju	1
seleukidow	1
dobre	1
rozpušćuje	1
sele	1
cokory	1
wolóžuje	1
chemiske	1
pomha	1
kompleksne	1
matabolizmy	1
najebać	1
někajke	1
substancy	1
njederje	1
měšeja	1
inkluziwnje	1
wolijow	1
hydrofobnych	1
membrany	1
starosćiwje	1
kontrolowali	1
wobsahami	1
eksternymi	1
chemiskimi	1
wěcami	1
wolóžowane	1
wjetše	1
prěnjej	1
rozpada	1
staroassyriske	1
salzburgske	1
stare	1
altstadt	1
barokowu	1
architekturu	1
1997	1
swětowemu	1
namrěwstwu	1
unesco	1
přinošk	1
přełožić	1
přełožk	1
namjetuje	1
započnje	1
dnjom	1
tydźenja	1
september	1
rozmach	1
dožiwi	1
aššurdanom	1
935912	1
aramejske	1
poněčim	1
přejimachu	1
nastawkami	1
detailach	1
wotměja	1
tudyšej	1
diskusijnej	1
wobydlerjo	1
kamuški	1
wšědneho	1
rozrostowace	1
wjedźeše	1
wuwiću	1
klinoweho	1
zestaji	1
wobrazowych	1
symbolow	1
abstrakniše	1
njemóžeše	1
słužby	1
pisarjow	1
pisar	1
nahladnej	1
wosobu	1
towaršnosći	1
wjednistwom	1
nacionalsocialisća	1
zawjedowali	1
reichu	1
diktaturu	1
dachu	1
opoziciske	1
zakazować	1
přećiwnicy	1
přesćěhać	1
zamordować	1
rozputachu	1
druhu	1
swětowu	1
wójnu	1
systematisce	1
wšitke	1
rubachu	1
zamordowachu	1
europskich	1
židow	1
hinaše	1
religiozne	1
etniske	1
towaršnostne	1
politika	1
zahinychu	1
3035	1
němska	1
europa	1
rozbiwanej	1
bipolarneho	1
swětoweho	1
porjada	1
horceje	1
korsika	1
francosce	1
corse	1
korsiksce	1
corsica	1
štwórta	1
najwjetša	1
kupa	1
srjedźneho	1
francoskej	1
8680	1
chce	1
stworić	1
najwjetšu	1
wjelerěčnu	1
wšitkim	1
přistupnu	1
onlineencyklopediju	1
encyklopedije	1
kajkosćow	1
metoda	1
rozrjadowanje	1
nastaća	1
předstajichu	1
woznamy	1
kombinowachu	1
předstajili	1
jěsć	1
symbolej	1
huba	1
chlěb	1
wobrazowe	1
ludźom	1
wšědne	1
lěpje	1
organizować	1
wutrobnje	1
přeprošenya	1
prašenja	1
korčmje	1
stajić	1
bjesadu	1
zasady	1
směrnicy	1
wikipedijaprawidła	1
pokiwy	1
našim	1
pomocnym	1
systemje	1
leidenska	1
najstarša	1
1575	1
wosomdźesatlětneje	1
15681648	1
woblěhowane	1
1574	1
geuzen	1
wuswobodźeny	1
princ	1
oranski	1
leidenčanam	1
spjećowanje	1
španičanam	1
uniwersitu	1
uniwersity	1
rapenburgu	1
najrjeńšim	1
kanalu	1
leidena	1
klóšterska	1
cyrkej	1
twarjenja	1
hortus	1
botanicus	1
botaniska	1
ta	1
rjanu	1
rostlinarnju	1
kćěja	1
napismami	1
wotkazami	1
wuhotować	1
doporučena	1
syćowym	1
wobhladowakach	1
njeprawe	1
pokazaja	1
mjenowaneje	1
słuži	1
kartu	1
fußballwm	1
wotměł	1
synchronizmy	1
zemrě	1
146	1
stupjenju	1
připadny	1
šamšuditana	1
hetitam	1
muršili	1
wobkedźbowanjow	1
wenusy	1
spytachu	1
absolutne	1
wotwodźić	1
wotpowědny	1
podawk	1
wospjetowaše	1
wosme	1
zaćmićomaj	1
měsačka	1
uriiidynastiju	1
400	1
wjetšina	1
indičanow	1
hindi	1
rěča	1
tamilsce	1
připóznate	1
72	1
interconnected	1
zwjazowane	1
networks	1
syće	1
elektroniske	1
zwjazanje	1
ličakowymi	1
syćemi	1
cilom	1
zhotowić	1
zwjazanja	1
wuměnić	1
wuměna	1
datow	1
serwer	1
server	1
přewjedźe	1
technisce	1
normowanych	1
internetowych	1
protokolow	1
lisabon	1
portugisce	1
lisboa	1
portugalskeje	1
tejo	1
atlantiskim	1
brjóze	1
iberskeje	1
500000	1
předměstami	1
wosta	1
přewrótej	1
časow	1
zdźěłanych	1
grjekšćina	1
romske	1
łaćonšćina	1
srjedźowěku	1
pismikowe	1
feničanow	1
zawjedźene	1
wokale	1
přisłušnym	1
pismje	1
njepisaše	1
samsne	1
płaći	1
prapisma	1
biblije	1
hieroglyfowe	1
egyptowčanow	1
papyrusu	1
pergamenće	1
dotalnych	1
słownikarskich	1
projektow	1
sylnje	1
zwosta	1
mytach	1
regiona	1
stawiznach	1
sargonje	1
rozprawichu	1
maćiznow	1
rozpušćeć	1
temperatury	1
płunow	1
selow	1
přiběra	1
předłoha	1
pohódnoćenje	1
parametraj	1
detaile	1
wobeńć	1
proste	1
wulkosće	1
wobrazow	1
hewak	1
wužiwarske	1
nastajenja	1
njefunguja	1
prostej	1
wulkosću	1
zdwórliwe	1
diskutować	1
wulkimi	1
změnami	1
namjetowaceho	1
wužiwarja	1
namjetach	1
wotměwa	1
krytosymjenjaki	1
250000	1
znatymi	1
rostlinska	1
skupina	1
najwjetšimi	1
systematiska	1
symjeńcow	1
pochad	1
debatow	1
naposledku	1
angiosperm	1
phylogeny	1
group	1
1990	1
stabilizowała	1
přestajowana	1
oktobrje	1
předstajenej	1
třećej	1
wersiji	1
wašnje	1
dodać	1
mał	1
nastawkach	1
wědomosce	1
piscis	1
ryba	1
zymnokrejne	1
rjapnikow	1
kladistiki	1
monofyletiski	1
zhromadneho	1
nastaty	1
coologiskej	1
pazorkomaj	1
parafyletiski	1
zu	1
poznamjenili	1
porach	1
pjerite	1
zawiječkach	1
kónča	1
wobrazfeathersvg	1
100px	1
wopisanje	1
postaje	1
šěrokosć	1
wuličuje	1
propociju	1
klemenowe	1
basnje	1
krótkim	1
japanšćiny	1
chinšćiny	1
francošćiny	1
jendźelšćiny	1
hindišćiny	1
šwedšćiny	1
italšćiny	1
španšćiny	1
přełožili	1
wersije	1
přizjewjene	1
wulkosć	1
nastajenjach	1
njepřizjewjene	1
180	1
lokalne	1
adwerby	1
akuzatiwny	1
směr	1
zwuraznjeja	1
tie	1
tamle	1
tien	1
bahnhofstraßedwórnišćowa	1
d02625	1
bautzenbudyšin	1
alkoholiski	1
napoj	1
droždźemi	1
předźěłaneje	1
brěčki	1
winowych	1
jahodow	1
jahody	1
rostu	1
kićojtych	1
pakićach	1
winowym	1
pruće	1
dobreho	1
subsp	1
rezistentny	1
winowej	1
šmicy	1
družiny	1
brjohowy	1
riparia	1
uferrebe	1
rupestris	1
wapnowy	1
berlandieri	1
kalkrebe	1
hybridy	1
našćěpi	1
oceaniji	1
znatych	1
připućowanja	1
charakterizowany	1
rozpadny	1
starowěkowskej	1
grjekskej	1
kralemi	1
nachwilu	1
jedny	1
druhemu	1
wojowachu	1
fazy	1
dominowane	1
mócy	1
regionow	1
dobywanske	1
wójnske	1
wuprawy	1
lětach	1
gutejčenjo	1
wuhnaći	1
sumeriske	1
dóńdźechu	1
sumerišćina	1
zarjadniska	1
cikuraty	1
nastawaja	1
konsonant	1
wurjekuje	1
wurjekowanja	1
wokalomaj	1
e	1
stało	1
wjacehišće	1
mišterstwow	1
kopańcy	1
wšitkich	1
oficijalnych	1
južnoafriskich	1
była	1
recitowachu	1
južnoafriscy	1
wuměłcy	1
přełožowarjo	1
nahrawanja	1
přełožki	1
namakaće	1
powjerchu	1
nahromadźuje	1
běžace	1
dele	1
rěčki	1
stajace	1
niwowje	1
jězory	1
přinošował	1
pozadkowu	1
kamera	1
tadas	1
šlajus	1
6730	1
orbity	1
planetow	1
přejara	1
daloke	1
małke	1
namódry	1
steja	1
třoch	1
kićach	1
rozporach	1
starobabylonskej	1
2000	1
1595	1
srjedźišća	1
tehdyšich	1
podawkow	1
grjekojo	1
babylonsku	1
spisa	1
prěnich	1
traděrowanych	1
paragrafach	1
prawidłowaše	1
aspekty	1
ciwilneho	1
chłostanske	1
zarjadniske	1
poda	1
rozsudźenjow	1
jednotliwych	1
krutosć	1
wuznamjenjachu	1
wěsći	1
wobkedźbowaše	1
tule	1
powšitkowny	1
słownik	1
hornjoserbskeje	1
wšitko	1
tworjenja	1
pokiwam	1
přikładam	1
wězo	1
pomoc	1
poradźił	1
wašu	1
1887	1
spisowaćeljo	1
spisować	1
kastilšćina	1
najbóle	1
rozšěrjenych	1
ekwatorialnej	1
gineji	1
360	1
ozn	1
pućowanjach	1
zarjadowanjach	1
zetkawaja	1
městnych	1
listowe	1
přećelstwa	1
čitaja	1
esperanće	1
posłuchaja	1
esperantsku	1
žiwjenskich	1
wokruhach	1
funguje	1
swójbna	1
radijowe	1
wusyłanja	1
podkasty	1
ಕರ್ನಾಟಕ	1
1956	1
zwjazkowy	1
577	1
191791	1
kwadratnym	1
kilometru	1
statna	1
bengaluru	1
bangalore	1
indiskich	1
centrow	1
informaciskeje	1
drawidsku	1
jeničku	1
zarjadnisku	1
urdu	1
105	1
telugu	1
sargonom	1
nowa	1
22352094	1
předaziske	1
zjednoćejo	1
swojemu	1
mócnarskemu	1
wobwodej	1
słušeše	1
dźele	1
irana	1
małeje	1
azije	1
akkad	1
kotrehož	1
njebuchu	1
knježerstwowe	1
akkadska	1
wutłóči	1
rěčanu	1
sakralnu	1
ceremonialnu	1
literarnu	1
rěc	1
sargona	1
hospodarskim	1
kulturelnymi	1
zwiskam	1
podćisnjenymi	1
ludami	1
susodami	1
persiskemu	1
golfej	1
daše	1
florěrowace	1
mórske	1
šwed	1
carl	1
scheele	1
jendźelčan	1
joseph	1
priestley	1
1775	1
wotkryłoj	1
francoz	1
lavoisier	1
oxygen	1
mjenował	1
oxys	1
kisilina	1
gignomai	1
činju	1
apofonija	1
rozdźělnymi	1
morfami	1
samsny	1
morphem	1
reprezentuja	1
1819	1
jacoba	1
grimma	1
rěčewědy	1
poznamjenjenje	1
prawidłowneje	1
změny	1
zdónkowym	1
wokalu	1
fleksiji	1
germanskich	1
zašo	1
wužity	1
wobrysowane	1
fachowe	1
najskerje	1
protoindoeuropsku	1
prarěč	1
wuskutki	1
indoeuropskich	1
susodnymi	1
dalokowikowanja	1
sahachu	1
baltiskeho	1
indusowej	1
delće	1
přinjesechu	1
lódź	1
karawanu	1
karawany	1
wosołami	1
transportowachu	1
wjelbłudy	1
njesechu	1
snadnej	1
konje	1
wozy	1
dróhi	1
nowoassyriskeho	1
wšědneje	1
fyzikalnych	1
kajkosćach	1
wyši	1
škrějny	1
warjenski	1
husćiša	1
bazy	1
masoweje	1
diferency	1
protiumom	1
deuteriumom	1
tritiumom	1
matej	1
dwójnu	1
trójnu	1
masu	1
kinetiski	1
izotopowy	1
efekt	1
akutny	1
narunanja	1
substancach	1
runowahowe	1
reakcije	1
změnja	1
ćěłoškódnym	1
sćěham	1
čłowjekowym	1
ćěle	1
wodźić	1
brjohu	1
machačkala	1
dagestana	1
baku	1
azerbajdźana	1
kooperacija	1
zwisku	1
wustajeńcu	1
moderni	1
widy	1
romowcyganow	1
muzeju	1
teksće	1
opcijami	1
left	1
right	1
center	1
none	1
rezultat	1
wužiwaneho	1
syćoweho	1
wobhladowaka	1
azerbajdžansce	1
xəzər	1
dənizi	1
persce	1
دریای	1
خزر	1
rusce	1
каспийское	1
море	1
kazachsce	1
каспий	1
теңізі	1
turkmensce	1
hazar	1
deňzi	1
jězor	1
371	1
000	1
kwadratnych	1
wobjim	1
78	1
kubikowych	1
njeparujomny	1
dychanje	1
žiwochi	1
njetrjebaja	1
jednobańkowcach	1
padnjeli	1
29	1
póndźelu	1
přiliča	1
dny	1
póndźele	1
prěnjemu	1
protykowemu	1
tydźenju	1
słaby	1
zdónkowy	1
njeměnja	1
lobte	1
gelobt	1
smažnika	1
1928	1
rosario	1
argentinska	1
1967	1
higuera	1
boliwiska	1
profesionalny	1
marxistiski	1
rewolucionar	1
guerillowy	1
argentinskeje	1
zelene	1
jednobańkowcy	1
płodźa	1
rozpačenje	1
potrjebuja	1
swětło	1
fotosynteza	1
genusaj	1
numerusaj	1
pad	1
wuwzaćom	1
pronomenow	1
rozsudny	1
koleso	1
pózdnja	1
urukdoba	1
monokotyledonow	1
eudikotyledonow	1
bazalnje	1
stejace	1
porjady	1
přiwuznosć	1
sćěhowacy	1
wujasnjuje	1
recentne	1
njewotemrěne	1
morfologiskich	1
molekularbiologiskich	1
studijach	1
monofyletisce	1
jatrowe	1
lisćowe	1
rohowe	1
žiłkowe	1
skupinow	1
doskónčnje	1
wujasnjena	1
zańdźenosći	1
namjety	1
slědowacy	1
prawdźepodobne	1
přiwuznistwa	1
wotrysach	1
słyšachu	1
połobskosłowjanskim	1
kmjenam	1
sem	1
wódru	1
zasydlichu	1
hačrunjež	1
wyšnosći	1
podćisnjeni	1
etnisku	1
přitomnosće	1
wobchować	1
zažnym	1
wotući	1
wliwom	1
rozswětlerstwa	1
romantiki	1
narodneho	1
wozrodźenja	1
narodne	1
wědomje	1
łužiskich	1
wodrjewjane	1
eteriske	1
wolije	1
fenylpropanoidy	1
terpeny	1
kulowatych	1
idioblastach	1
jednore	1
pódlanske	1
łopješko	1
rozdźělnych	1
formach	1
přirjadowanje	1
kćenjowych	1
organow	1
šrubikojte	1
třiličbnych	1
kružkach	1
próšk	1
monosulkatny	1
płodowe	1
łopješka	1
zrosćene	1
časte	1
rostlinske	1
bencylisochinolinalkaloidy	1
neolignany	1
zestajenkowe	1
kapki	1
stabilne	1
sylneje	1
kapana	1
njerozpušćomny	1
škleńcu	1
kapkow	1
zwjazuje	1
rostlinowu	1
transpiraciju	1
wužiwane	1
awstroaziske	1
santali	1
tibetoburmaske	1
manipuri	1
njewěm	1
separatnu	1
2004	1
jan	1
cet	1
germanšćinje	1
krutym	1
prawidle	1
ablawtuje	1
prěnjotna	1
sćěhowace	1
grupow	1
wobchowane	1
werby	1
ablawtowu	1
grupu	1
rěčnych	1
słabe	1
słabje	1
skłonjuje	1
backte	1
gebackt	1
preteritum	1
particip	1
buk	1
gebacken	1
jewjetej	1
korjeń	1
tołsty	1
mjasny	1
běły	1
žołty	1
wioletny	1
oranžočerwjeny	1
dołhošpindlojty	1
krótkoboblojty	1
karotin	1
cona	1
jasniši	1
zwonkowny	1
wuchodnosakska	1
wjes	1
gmejny	1
zarjadniskeho	1
zjednoćenstwa	1
wokrjesu	1
zhorjelc	1
srjedź	1
1990ych	1
słušatej	1
wjesce	1
rowno	1
mułkecy	1
gmejnje	1
wobsydlenje	1
5000	1
4000	1
obejdskej	1
wobsydlachu	1
persiskim	1
golfom	1
ratarstwo	1
dźělenje	1
wunamakana	1
cyhelow	1
nastate	1
urukoweje	1
40003100	1
spočatki	1
piktogramow	1
sumeriskemu	1
klinowemu	1
pismu	1
wuwiwaše	1
nowych	1
fylogenetiskich	1
spóznaćach	1
dwanaće	1
podswójbow	1
zawjedowane	1
zapřijeća	1
přeměniła	1
wužiwanej	1
al2	1
twjerdźowymi	1
embryophyta	1
runinu	1
sadźa	1
liča	1
aziji	1
750	1
azerbajdźanom	1
800	1
ruskej	1
federaciju	1
960	1
kazachstanom	1
1894	1
turkmenistanom	1
1768	1
tigrisu	1
knjejstwom	1
herrschaft	1
hromadu	1
korjenjow	1
hribami	1
bakterijemi	1
mikroorganizmami	1
komunikować	1
komunikaciske	1
procesy	1
zawěsćuja	1
zum	1
einen	1
přihódnych	1
wutkow	1
krótkodobnu	1
srjedźnodobnu	1
dołhodobnu	1
koordinaciju	1
rosćenskich	1
wuwiwanskich	1
procesow	1
detailowych	1
krokach	1
rybow	1
přiběrace	1
spěchowaštej	1
wuwiwanje	1
spočatku	1
słužeše	1
knihiwjedstwu	1
najwažniše	1
knježićelow	1
gilgameš	1
epos	1
rjeku	1
najstarši	1
wobchowany	1
literarny	1
dokument	1
čłowjestwa	1
móžnosćach	1
babyloniska	1
sumer	1
pěstowachu	1
dalokosahace	1
susodnym	1
krajam	1
prowincy	1
mezopotamiskich	1
jadrowych	1
krajow	1
deklarowane	1
starowěka	1
njesłušeja	1
definowanym	1
geografiskim	1
kónčinam	1
armenska	1
urartu	1
mittani	1
mediska	1
elam	1
zažne	1
prjedy	1
naslědny	1
stareje	1
tworješe	1
münchen	1
bayerskeje	1
ekonomiske	1
južneje	1
1350000	1
310	1
wobydlerjach	1
třeće	1
dwanate	1
europskeje	1
unije	1
běža	1
isar	1
rosa	1
luxemburg	1
rozalia	1
luksenburg	1
1871	1
zamośće	1
pólska	1
15	1
1919	1
wuznamna	1
zastupjerka	1
dźěłaćerskeho	1
hibanja	1
rozsudna	1
proletariska	1
internacionalistka	1
lětomaj	1
19181919	1
předsydka	1
kpd	1
prawicarskeje	1
jednotki	1
zamordowana	1
wuchodny	1
přibrjóh	1
andreho	1
pradeša	1
kerala	1
dožiwja	1
oktobrom	1
decembrom	1
sewjerozapadneho	1
dešćowy	1
pěskojte	1
dno	1
praji	1
njesměš	1
kruh	1
prajo	1
dyrbiš	1
wostać	1
přestupić	1
wichor	1
zhubi	1
mróz	1
dešć	1
wučerpałoj	1
njepohnu	1
njewědźeše	1
pěsku	1
zarysowana	1
sardiniskeje	1
170	1
francoskeje	1
90	1
italskeje	1
maksimalnu	1
100x200px	1
pisa	1
skalěrowane	1
praworóžk	1
šěrokosću	1
wysokosću	1
proporcija	1
zachowuja	1
x200px	1
politiska	1
posaarska	1
tehdy	1
saarbeckengebiet	1
1920	1
versailloweho	1
zrěčenja	1
tworjena	1
pjatnaće	1
ludowemu	1
zwjazkej	1
podstajena	1
wróćiła	1
1935	1
němskeho	1
swětowej	1
wójnje	1
francoski	1
protektorat	1
1957	1
zwjazkowu	1
republiku	1
přistupiła	1
aktualnej	1
eukaryotow	1
ad	1
20052	1
zastupjerje	1
zelenych	1
čerwjenych	1
ličene	1
wotpowěduja	1
embryofytam	1
wopřijmju	1
kralej	1
aššurnasirapli	1
883859	1
šulmanuašared	1
858824	1
rozšěrištaj	1
wobwod	1
poražkach	1
nutřkownych	1
wadźeńcach	1
tukultiapilešarrje	1
745727	1
poradźiło	1
fenicisku	1
palestinu	1
israel	1
dobywać	1
689	1
dobywanska	1
žadosć	1
wjeršk	1
dobywanju	1
aššurahheiddina	1
681669	1
aššurbaniapli	1
669627	1
wuznamny	1
nazhonity	1
politikar	1
wobčitany	1
žórło	1
substantiwy	1
genusy	1
šěsć	1
numerusa	1
gramatiskeho	1
čisła	1
klasy	1
deklinacije	1
zemskeje	1
atmosfery	1
wobstatk	1
silikatow	1
kamjenjach	1
193	1
njewotwisnych	1
narodow	1
připóznatych	1
fidel	1
castro	1
płone	1
symjenja	1
sedźa	1
łušćinach	1
tačelojte	1
zelenojćebrune	1
čorne	1
čerwjenojte	1
přinjesu	1
wuhlowych	1
hydratach	1
salzburg	1
salzach	1
awstriskej	1
alpow	1
bliske	1
europske	1
150	1
zapad	1
ljubljana	1
wien	1
pozdźiše	1
wina	1
germanow	1
słowjanow	1
ruske	1
vinó	1
baltow	1
vynas	1
letiskej	1
vins	1
znatej	1
horjeka	1
naspomnjenej	1
definiciji	1
zapado	1
serwjernogermanšćinje	1
rozšerjeny	1
maus	1
mäuse	1
mäuslein	1
fahren	1
fährt	1
ij	1
sćěhowacej	1
złóžce	1
zawinowany	1
młódši	1
zjaw	1
čehoždla	1
ani	1
systematiski	1
historiski	1
zwisk	1
rjadach	1
ablawtowym	1
fenomenam	1
njeliči	1
