payqa	238
karqan	81
qhariqa	75
mana	72
warmiqa	54
huk	36
paykunaqa	34
kachkarqan	34
manam	33
munarqan	31
nisqatam	28
nisqata	25
qallarirqan	25
warmaqa	24
runaqa	24
irqiqa	20
karqani	19
runakunaqa	16
yachaqiqa	16
nisqaqa	16
sipasqa	16
musuq	16
karqanku	15
payta	15
tukurqan	14
churarqan	14
allin	14
sinchi	14
churarqani	13
lluqsirqan	12
pacha	12
qurqan	12
wasi	12
rirqan	12
warmi	12
aswan	11
tarirqan	11
patapi	11
ima	11
wakmanta	11
nisqapi	10
manañam	10
churakurqan	10
runa	10
rikurirqan	10
qhari	10
runakuna	9
paypa	9
uyarikurqan	9
maqtaqa	9
chay	8
runakunam	8
hunta	8
haykurqan	8
kasqanta	8
chayarqan	8
chaki	8
qullqitam	8
unu	8
aylluqa	8
choferqa	8
tarikurqan	8
qharip	7
rimarqan	7
qillqarqan	7
churakurqani	7
suyuqa	7
nina	7
wakin	7
mañakurqani	7
wawaqa	6
hapirqan	6
nisqawanmi	6
apachirqan	6
hatun	6
huqarirqan	6
kaq	6
nisqanta	6
nisqaman	6
sinchita	6
pampapi	6
taytanqa	6
hapichirqani	6
qharipa	6
llapan	6
sutuyarqan	6
munarqanku	6
munarqanchu	6
lluqsirqanku	6
yaku	6
tarikurqani	5
wasip	5
chinkarachirqan	5
riqsisqa	5
qunqarurqan	5
saykusqa	5
rimayta	5
pukllaqqa	5
qallarirqanku	5
ruphaypi	5
nisqawan	5
cajeroqa	5
runakunata	5
allintachu	5
wasipi	5
qhawarqanku	5
hampara	5
kikin	5
pachaqa	5
edificio	5
utqaylla	5
qarqurqan	5
saqirqan	5
karruqa	5
api	5
chaskirqan	5
hatarirqan	5
manaña	5
makiyta	5
masiypa	5
qulluchirqan	5
runata	5
haykurqanku	4
wasimanta	4
qhawarqan	4
tumparqan	4
ruphay	4
qhipakurqan	4
umanta	4
achka	4
yakuqa	4
masinpa	4
yanantinqa	4
llaqta	4
quñi	4
yacharqan	4
ñutu	4
exámen	4
kasqanmanta	4
kaqqa	4
masiyqa	4
puruqa	4
nisqamanmi	4
rirqanku	4
punkuta	4
ruwarqani	4
ñañanqa	4
maskharqan	4
mañakurqan	4
taytanmi	4
sayarirqan	4
challwaqa	4
runap	4
kicharqani	4
qhawarqani	4
qhawayta	4
munarqani	4
waqmiqa	4
nishuta	4
taytaqa	4
mama	4
hukwan	4
pataman	4
hawa	4
churachikurqan	4
chukchanqa	4
ripurqan	4
wañururqan	4
qhawakurqan	4
llamkaqkunaqa	4
qhapaq	4
munasqan	4
waqyarqan	4
sasa	4
sinchitam	4
masinqa	4
sinkuta	4
qupa	4
ayparqan	4
unayarqan	4
karqanchu	4
wasiqa	4
riyta	4
pakirikurqan	4
huchuy	4
sumaq	4
chukchanta	4
karru	4
qillqayninta	4
unquywanmi	4
qumalliqqa	4
mancharikurqan	4
nisqapim	4
wañurqan	4
sumaqta	4
ñuqa	4
kacharirqan	4
escuelaman	4
mamanqa	4
wañurirqan	4
tarjeta	4
de	4
llamkananta	4
yacharirqan	4
imayna	4
purirqan	4
masiyta	4
cementopi	4
imaymanaqa	3
kuki	3
wasiman	3
chayarqanku	3
policiaqa	3
oficinaqa	3
manchay	3
paykunaman	3
willarqan	3
takarukurqan	3
uma	3
nisqayqa	3
nisqanqa	3
upallalla	3
uyarirqan	3
waskharqa	3
paskarikurqan	3
munarqankuchu	3
minkarikurqan	3
makinta	3
paymanta	3
yachachiqqa	3
mikhuna	3
llamkaqqa	3
nanaywanmi	3
piscinamanmi	3
chapukurqan	3
película	3
warmapa	3
ruwayta	3
millpurqan	3
paytaqa	3
sofá	3
takarikurqan	3
hanaqman	3
añawiqa	3
munaq	3
kicharikurqan	3
chaniyuq	3
pirqapi	3
kusisqa	3
qullqintam	3
takiqqa	3
rikurqan	3
tukurqanku	3
rinanpaqmi	3
hawamanmi	3
hukniyachirqan	3
partido	3
maki	3
trenqa	3
ñitirqan	3
masikunaqa	3
qullqinta	3
aparqan	3
qiwirqani	3
salvavidas	3
unuqa	3
qhipaman	3
purun	3
puñururqan	3
alarma	3
allintam	3
pachata	3
ruwarqan	3
churinpa	3
ñuqaman	3
chayarirqan	3
hurqurqani	3
llimpiqa	3
kutichirqan	3
sacha	3
hatarichirqan	3
suyumanmi	3
yachayta	3
llamkarqan	3
waynaqa	3
electricidad	3
wayra	3
willakurqanku	3
rikurikurqan	3
ascensorqa	3
llullakurqan	3
taytamamanqa	3
nisqam	3
allquqa	3
qhawarirqan	3
qucha	3
ancha	3
ruwarqanku	3
maskharqanku	3
waykuna	3
hinantin	3
allinta	3
atirqanchu	3
payman	3
yanantin	3
rantiypi	3
phiñasqa	3
llamkarqanchu	3
qhaparirqan	3
punchaw	3
phiñarikurqan	3
recibo	3
accidente	3
hawapi	3
pachapi	3
iskay	3
irqikunam	3
hapiyta	3
sinkuqa	3
pisi	3
paymanqa	3
warmipa	3
wasinpi	3
katatatachkarqan	3
ña	3
tumpata	3
wasinman	3
samarirqan	3
hukucha	3
kaqtam	3
intiqa	3
mita	3
rirqani	3
miski	3
karrupa	3
qasisqa	3
qillqaqqa	3
wintanantin	3
nisqa	3
nisqakunata	3
pasñaqa	3
unuta	3
hampiqqa	3
allinchu	3
ñuqñuta	3
gaseosaqa	3
haykururqan	3
pachanta	3
runtuqa	3
munakurqan	3
qullqiyuq	3
warmin	3
rumputa	3
rumpuqa	3
aswanmi	3
papilta	3
ñanpi	3
wawa	3
irqipa	3
yuyaychakurqan	3
urpiqa	3
tuqu	3
urmarqan	3
hapichikurqanku	3
runatam	3
pampaqa	3
wikchurqan	3
mikhurqan	3
wakichikurqani	3
tikap	3
karruta	3
kichasqa	3
tukurukurqan	3
warmiqhariqa	3
warmip	3
nisqanmi	3
wawakunaqa	3
chayta	3
hurqurqanku	3
hapikurqan	3
yachaqikunaqa	3
yachachiqmi	3
rimarirqan	3
mikhuyta	3
waykuqqa	3
takarqan	3
runarayku	3
leyta	3
boleto	2
kuruqa	2
mikhurqanku	2
punchawmi	2
sinripi	2
qhillichakurqan	2
taqllaykurqanku	2
wayna	2
sipas	2
chinkarikurqan	2
ecorreo	2
spam	2
unquymanta	2
yakuta	2
hillpurqani	2
yakuwan	2
rimasqanta	2
yanapayta	2
sullullchayta	2
llamkayta	2
corte	2
illaq	2
hamunantam	2
qhawayarqan	2
ñawinqa	2
wiqiyarqan	2
pukllayta	2
pukllaqninqa	2
yachaqiqpa	2
yachaqipa	2
allinmi	2
kunkaytam	2
chinkarqachini	2
atirqanichu	2
unqusqa	2
hinamanmi	2
piscinapa	2
phawaykacharqan	2
piscinaman	2
haykunapaq	2
punchawpi	2
riqsichikurqan	2
tupsichikurqan	2
kallpancharqanku	2
maquinapi	2
qillqa	2
purichkaspa	2
masiymi	2
nisqamanta	2
illaqkunaqa	2
añawita	2
mikhurqani	2
punkuqa	2
wichqarikurqan	2
activistakuna	2
wawakunap	2
suchurirqan	2
chikikurqan	2
patanmanmi	2
kicharqan	2
rantiqqa	2
haywarirqan	2
qullqiwan	2
qarqurirqan	2
tuyu	2
pilotoqa	2
ayqikurqan	2
phalarqan	2
raphikunaqa	2
mikhunata	2
masiyachikurqan	2
chakasqa	2
hicharqani	2
sobre	2
wichqasqa	2
hukniraq	2
llaqtapim	2
qarquchikurqan	2
wawayuq	2
llamkananmanta	2
uyarirqani	2
kasqantam	2
makiymi	2
qillqarqani	2
yachachirqan	2
tiyakurqan	2
inti	2
pachatam	2
pantarurqan	2
wasaparqanchu	2
mamaqucha	2
taqwiqkunaqa	2
yachachirqanku	2
chaskirqanku	2
qaparirqanku	2
imaymana	2
makintam	2
hapiparqan	2
ritim	2
ritita	2
qichurqani	2
wampuqkunaqa	2
kayak	2
chiri	2
bañeramanta	2
qasichikurqan	2
warmiwan	2
warmintam	2
suyarqani	2
poste	2
llapi	2
kawitunpi	2
chakintam	2
sutinmanta	2
waqyarirqani	2
hatarirqanku	2
illarqan	2
yachaytam	2
kawsayninmantam	2
llamkaqmasinqa	2
churarkurqan	2
wallpaqqa	2
pata	2
waqaychanaqa	2
waqaychanata	2
wasiypi	2
wasipa	2
montaña	2
hinam	2
urmarurqan	2
rimaqqa	2
sutu	2
rukanaypi	2
chaka	2
wasinmanta	2
pakirukurqan	2
qasilla	2
patanpi	2
chinkarirqan	2
hawaman	2
chirim	2
qhasquypi	2
qhallarirqan	2
chutikurqan	2
ñuqaqa	2
político	2
karuman	2
ripurqanku	2
sipastam	2
imaymanakuna	2
walla	2
riqsirachirqan	2
tribunal	2
punkunpim	2
galletasta	2
hornopi	2
sinchiyarqan	2
ukuman	2
rantirqan	2
mikhunantam	2
rantikapurqan	2
tiyana	2
suchuyarqan	2
hampina	2
qullqi	2
atipanakuypi	2
llalliparqankuchu	2
qhatiqkunaqa	2
sunqu	2
yachananta	2
chawpi	2
llaqtapi	2
ñawchiyasqa	2
qaraypi	2
hukniraqtam	2
qhawachkarqan	2
apakurqanku	2
tantata	2
waqaycharqan	2
papel	2
umalliqninmi	2
yupaycharqan	2
iñirqan	2
mancharisqa	2
chinkasqa	2
hapirachirqani	2
kanana	2
ninata	2
wasimasiypa	2
punkunpi	2
wasimasiyqa	2
qusanqa	2
pasapurqan	2
runtuta	2
qhilli	2
chakirqan	2
supayta	2
tutapi	2
hanaq	2
tuta	2
rikchasqa	2
sumaqtam	2
yachaqimasintaqa	2
hapichirqan	2
karrutaqa	2
ñan	2
utichirqani	2
pim	2
pesas	2
rinaypaq	2
munarqanichu	2
sapallaymi	2
kallpayuqhina	2
qapirqani	2
suqurqan	2
qurpachanaqa	2
tatuaje	2
manchakurqan	2
kaqpas	2
cafeta	2
ariqqa	2
zapatonta	2
raymipi	2
riqsirqan	2
harkanapi	2
lluqsirqani	2
maqchikurqan	2
llamkanayman	2
chayanapaq	2
chayanaypaq	2
camionqa	2
atipanakuyta	2
equipo	2
tikrayarqani	2
tapanta	2
punkun	2
awqanakuyta	2
cirugía	2
ñuqam	2
runtura	2
urmayurqan	2
latata	2
wayram	2
samakurqani	2
tanqayarqan	2
imayuq	2
waqyarqani	2
kaspa	2
sillunkunata	2
llakisqa	2
raphinta	2
mañarikurqan	2
kutichisqantaqa	2
pukllaqmasinqa	2
pampaman	2
mikhunanpaq	2
huñurikurqan	2
urmarachirqani	2
phawarparirqan	2
yanapachikurqan	2
rumiqa	2
cafeqa	2
kuchurqan	2
takarqani	2
clavuqa	2
challwaqqa	2
uyanpi	2
frenillos	2
willaykunata	2
suni	2
tiyanapi	2
pampachayta	2
amisqa	2
asiyukurqan	2
pukayarqan	2
patantintam	2
tarirqanku	2
armata	2
guardiaqa	2
wawakunata	2
chukunqa	2
matinta	2
mamaqa	2
chakarikurqan	2
makallirqani	2
credito	2
wawqinqa	2
escuelapim	2
bibliotecamanmi	2
punku	2
arquitectuqa	2
kamariqkunataq	2
umalliqta	2
chayaspaqa	2
qullqicharqan	2
imayninkunatam	2
lataqa	2
hapichikurqan	2
ñitisqa	2
computadora	2
asiyukurqanku	2
kachkarqani	2
lluqsispa	2
tutallamanta	2
suyukunapa	2
phawarirqan	2
apachikurqan	2
wintanantinta	2
kichayarqani	2
yanqa	2
chutarqani	2
makiwan	2
universidadman	2
pasñam	2
sarurqanku	2
rikcharirqani	2
sinchim	2
ayllunqa	2
imatapas	2
wichayman	2
atisanka	2
hapiqqa	2
mancharichirqan	2
paqarimurqan	2
yakum	2
kuruta	2
escuelamanmi	2
llaqtamanmi	2
upyarqani	2
wawanqa	2
waraypa	2
kirunmi	2
llamkarqani	2
kunka	2
rimaykacharqan	2
yachaqikunataq	2
hamurqanku	2
irqi	2
correo	2
qillqata	2
aswantam	2
qalluyta	2
punchawnintin	2
runamanqa	2
makanqa	2
punkiyarqan	2
makanta	2
sunquyuq	2
iñirqani	2
diarionta	2
utqaytam	2
lulurqan	2
tiyanata	2
takanakuqmasiyqa	2
allillamanta	2
chullunkuqa	2
mastata	2
allquchata	2
suyupi	2
tarikurqanku	2
samarirqani	2
aychaqa	2
tapukurqani	2
tikata	2
utqay	2
wikchurqani	2
ñawinchayta	2
atikurqanchu	2
garage	2
tupsichirqan	2
chayanay	2
impresoraqa	2
librunta	2
ñawicharqan	2
tunpachata	2
uyakurqanchu	2
sunqun	2
warmap	2
uyanmanmi	2
ukhu	2
llamkaqpa	2
sachaqa	2
iskayman	2
waynata	2
rimasqanmanta	2
karrunqa	2
nisqakunaqa	2
paykama	2
ayllunmi	2
kititam	2
hayratakurqan	2
suyaypi	2
policíaqa	2
saqirurqan	2
napayukurqan	2
monedaqa	2
allpata	2
rantikuqqa	2
aparqani	2
tapurqani	2
nanarqan	2
mochilanmi	2
rantirqani	2
paypaq	2
kuturqan	2
fosforota	2
ninaqa	2
qallu	2
limonqa	2
allpakunata	2
hampitam	2
riqsiqmasinkunaqa	2
yaqalla	2
chapurparikurqan	2
millpurqani	2
infección	2
ruphayaq	2
oficinaypa	2
wampuqmi	2
pantaruspa	2
pakirikurqani	2
refrigeradorapi	2
teléfonota	2
ñuqataq	2
museopi	2
qhawachikusqanmanta	2
allichachirqani	2
picharqani	2
chukchanmi	2
zapatukunaqa	2
waqaychakurqan	2
masinkunawanmi	2
runayuq	2
velapi	2
velata	2
punchawtaq	2
millay	2
pukllaqmasinmi	2
rukananta	2
wakichikurqan	2
qichurqan	2
hachhiyarirqan	2
waqyakuqmi	2
chakanta	2
suyakusqa	2
rimanankupaq	2
maskhachkarqanku	2
hamburguesata	2
yachaqikunam	2
periodistaqa	2
muru	2
poison	2
ivy	2
miyu	2
quratam	2
pukllananta	2
mikhunanta	2
masin	2
wawanmi	2
pachamama	2
waqaychaq	2
qharim	2
allicharqani	2
caballotaqa	2
elecciones	2
phiña	2
puqpukama	1
plasticowanmi	1
qipichakurqan	1
pakikuqlla	1
huchuylla	1
wulsilluykunata	1
qasichirqani	1
arma	1
kurukuna	1
kurukunaqa	1
chinkarqanku	1
kurkunta	1
chusaqkunaqa	1
fronteramanmi	1
pasaportenkunatam	1
contrabando	1
apasqankumantam	1
wisqasqa	1
raymichakuy	1
mitam	1
kallpayuqmi	1
damas	1
pukllarqan	1
waskhapi	1
pinkirqan	1
qhatisqaynintam	1
sinriman	1
sinrichakusqanmanta	1
sinqantam	1
makinwan	1
pakayukurqan	1
baberuchanpi	1
llawsaykacharqan	1
pañalchanpi	1
bandaqa	1
takiyninta	1
takirqan	1
takisqawan	1
kuchka	1
upallallam	1
uyarqanku	1
matemáticas	1
yachachiqnintam	1
añanchayta	1
escuela	1
tukukuptinmi	1
harkasqa	1
manzanatam	1
yachachiqninman	1
apamurqan	1
campistakunaqa	1
mancharikurqanku	1
umalliqninku	1
willakuykunata	1
marshmeallows	1
miskikunatam	1
ninapi	1
kankarikurqanku	1
yuyayninpim	1
nanaytam	1
cheque	1
qillasqayqa	1
chaskikurqanchu	1
bancopi	1
cuenta	1
chusaqmi	1
sueldo	1
yapakuyta	1
llalliparqani	1
nistaqa	1
picharqan	1
wanpuq	1
qhaliyananpaq	1
sapanchakurqan	1
unquymanmi	1
wikchukurqan	1
qhaliyarqan	1
código	1
umanpi	1
yuyanchakurqan	1
kunkapi	1
rimaspa	1
kikinman	1
yachachikurqan	1
qillqayta	1
vasoman	1
chakiyniytam	1
thaniyachirqa	1
vasoqa	1
hutarqachikun	1
tukunankama	1
uyarispa	1
rimasqanpim	1
chanincharqan	1
aquyrakiqa	1
huchaymi	1
huchaymanta	1
sunquchakurqani	1
justicia	1
tumpawasqata	1
chaskirqani	1
ruedapim	1
watarikurqan	1
qhasusqam	1
paqtacharqanku	1
kaminakusqankumanta	1
kaminakuymanta	1
kamachiypi	1
campaña	1
ruwaq	1
umallitam	1
nisapim	1
chirimita	1
puruyninpi	1
qipinpi	1
pistukuq	1
pachakunatam	1
qipiyuq	1
chusarqan	1
tapukuypa	1
kutichiynintam	1
sawkakurqan	1
allpa	1
ñawinman	1
lentestan	1
ñawinmanqa	1
pichqa	1
kutitam	1
llalliparqan	1
chawkasqanmanta	1
khuyakurqan	1
qhasurqan	1
chawkasqantam	1
kutichiyninqa	1
rimasqaymanta	1
utirqani	1
samariyta	1
chullusqa	1
suturyarirqan	1
microondas	1
plasticowan	1
pisturqani	1
wiksa	1
samakuy	1
punchawtam	1
kantunpi	1
tinkinapaq	1
tablamantam	1
cine	1
ticketkunaqa	1
llapanmi	1
qhaturikurqan	1
wira	1
llañuyarirqan	1
rimarirqanñachu	1
llañuyasqanmanta	1
makinqa	1
phusulluyuqmi	1
apachinata	1
wachkamanta	1
hapipakuspam	1
wicharqan	1
circopi	1
monocicletapi	1
makinwanpas	1
rumpukunawan	1
pukllayarqan	1
acróbata	1
warkurayakuspa	1
wayllunkakurqan	1
phiñakurqani	1
suyachiwarqan	1
rimasqanchikpim	1
suyukunaqa	1
aywanakuy	1
guerra	1
lluqsiyta	1
munarirqanku	1
armas	1
nucleares	1
qhasilla	1
kanankupaq	1
rimanakuytam	1
puñunanpaqmi	1
pastillasta	1
puñuytam	1
mati	1
rupharirqan	1
tiyanawanmi	1
mitkakurqan	1
tiyanap	1
chakinka	1
qiwiparirkusqa	1
muqunta	1
puruta	1
matipayarqan	1
patarurqan	1
phawarqan	1
qhurpachana	1
wasipim	1
qhipakurqanku	1
qipinkuta	1
paskarirqanku	1
aeropuerto	1
durasno	1
khamurqani	1
ñutukurqan	1
hillim	1
hichaykurqan	1
makiyqa	1
rataykachakuqmanmi	1
miskisapa	1
donasta	1
miskiyaqkunataqa	1
tanqarirqani	1
rantinata	1
boicot	1
tanqarqanku	1
rantinakunaqa	1
mallipachikurqanku	1
rantinakuqa	1
llamkayninkuwanmi	1
yuririchikurqan	1
perforador	1
tuquta	1
hukuchan	1
tuqunta	1
allpam	1
tuqumanta	1
ñañanmantam	1
kawsakurqan	1
qusanmanta	1
taqakurqan	1
pachaypi	1
vinota	1
hichaykurqani	1
mandil	1
pachaywanmi	1
registradora	1
kikllukunapi	1
takiqmanqa	1
asuyarqanku	1
yanaparirqanku	1
niñeramanmi	1
waqayurqan	1
taytamamanmantam	1
waqakurqan	1
pachañam	1
piloto	1
radarpi	1
hamusqanta	1
tuyumantam	1
tuyuntintam	1
sachamanta	1
rhapikuna	1
urmayarqanku	1
llimpikama	1
huñukurqanku	1
chansakuqhina	1
naipes	1
pananwan	1
panantam	1
chansakuyta	1
ispakuq	1
upyanata	1
gasolinera	1
karrunwan	1
uywasqa	1
challwakunaman	1
pitarqan	1
mikhunamanmi	1
chapullikurqan	1
políticapi	1
iñiynintam	1
policomanmi	1
hatariymanmi	1
bañopi	1
maqchikunaqa	1
piletata	1
kichakunapaqmi	1
quimico	1
illaqqa	1
trenmanta	1
urayarqan	1
estación	1
siwinantam	1
qaparichirqan	1
nisqapa	1
wisqananpim	1
estampillatam	1
sello	1
nisqatan	1
sobrepi	1
tuparqankuñachu	1
hawkam	1
kuskaqa	1
tiyaraqanku	1
yupaqqa	1
compañiap	1
llamkananmantam	1
qulla	1
kaptinrayku	1
samarikurqan	1
relojta	1
relojpa	1
tiktiyasqanta	1
utiyawarqan	1
ensayo	1
makillapi	1
warmiywanmi	1
hapinakurqanku	1
perno	1
matirikurqan	1
pernota	1
llave	1
inglesa	1
yanantinmi	1
alquilanankupaq	1
siqicharqanku	1
astakurqanku	1
kamachiyqa	1
ñawpaqñiypi	1
haykuytam	1
illapatachus	1
qhawanmanhina	1
yuyachakurqan	1
unupiqa	1
wampuytaqa	1
yacharqanchu	1
ukhuchu	1
word	1
qillqaspa	1
khipu	1
qillqasqantam	1
picharparirqan	1
kutinapaq	1
teclatam	1
ñitirurqan	1
masinkunamanmi	1
chaqllikurqan	1
calificaciones	1
atipanakuytam	1
llallirqan	1
qachuqa	1
turuchasqam	1
tutantinpim	1
param	1
unucharqan	1
qurakunawan	1
chaqrusqa	1
qurpachana	1
churakuytam	1
protectorsolar	1
llanthupim	1
yachanatam	1
chiqancharqanku	1
yachana	1
yachanataqa	1
pukllakuypi	1
pukllayqa	1
aswa	1
yapapakuspa	1
pukllakurqan	1
arbitroqa	1
manas	1
allinchatu	1
wichqanapi	1
yachasqallay	1
yupanata	1
wichqanatam	1
wichqarqani	1
wichqanaqa	1
achkayarqan	1
churinman	1
ñanta	1
harkachkarqan	1
rumpu	1
riti	1
ruwanaypaqmi	1
huñurqani	1
ñanmantaqa	1
lampawanmi	1
kayakpi	1
tuyunkunawanmi	1
tuyurqanku	1
patanmami	1
aytimanmi	1
suqakurqan	1
bicicletapi	1
warman	1
tunkiyayqan	1
hapinamantam	1
kacharikurqan	1
kaspi	1
qinchamanmi	1
bicicletanwan	1
ventiladorta	1
sullakuna	1
wayran	1
surfistakunaqa	1
quchamanmi	1
charayasqam	1
tiburon	1
tapónninta	1
pampamanmi	1
chaqchurikurqan	1
kasqanmantam	1
huchachakurqan	1
ripusqanmanta	1
ripukusqanta	1
posterpi	1
unuchakurqan	1
llimpin	1
chakinanta	1
unutam	1
kacharirqani	1
qaparispam	1
rikcharirqan	1
musquywanmi	1
musquyukurqan	1
hispayukurqan	1
hamparamanmi	1
tiyakuq	1
hamurqan	1
taytanta	1
rimarispam	1
masiyqan	1
ñuqamanmi	1
makiywanmi	1
napayurqani	1
umalliqkuna	1
saruncharqanku	1
akllanankupaqmi	1
qillqachakurqanku	1
sachapi	1
qurpachakunanpa	1
wasichata	1
yanapachikunanpaqmi	1
qaparirqan	1
llimpipayta	1
llaqtakunap	1
llamkaqmasinmanta	1
llamkaypi	1
horasta	1
tiqsimuyupi	1
kawsaqkunata	1
muspachkarqan	1
yuyaymanachkarqan	1
paquyarparirqan	1
lejiata	1
shampuntam	1
llamkaynintam	1
kamarirqan	1
kasqantaraq	1
qhawapayarqan	1
kamarinapaq	1
yuyaychakuytam	1
wasinmantam	1
ejercitomanta	1
yachanawasinmanmi	1
waqaychanamanta	1
liwrukuna	1
urmayamurqanku	1
allpawan	1
kuyuymi	1
liwru	1
chapchirirqan	1
luzta	1
interruptor	1
rusamanmi	1
wicharqanchik	1
manchaylla	1
asikunapaq	1
popcornqa	1
bolsachapi	1
patarirqan	1
mantequillatam	1
bolsachanman	1
microondaspi	1
hankarqani	1
sacham	1
cable	1
wasikunaqa	1
electricidadniyuq	1
yuyaytachu	1
runakunapaqqa	1
amichirqan	1
kamiyarqanhina	1
pin	1
nisqachawam	1
wiqurukurqani	1
humpi	1
uyaymanta	1
yawar	1
quchapi	1
tuytuchkarqan	1
yarqasqa	1
wañusqa	1
kunqanta	1
chhullu	1
pitararqanñachu	1
ascensorpa	1
punkunkunaqa	1
kicharikurqanku	1
akllasqa	1
pisomanmi	1
piso	1
chawpikunapim	1
utirurqan	1
lluptirikurqan	1
taytamamantam	1
wanachirqanku	1
hispana	1
kitiqa	1
huta	1
inodoro	1
puqchiyarqan	1
quñichiq	1
maquinam	1
uña	1
runanwan	1
kuskallam	1
wallqatam	1
allqumanqa	1
waskhawanmi	1
allqutaqa	1
lirpuynintam	1
sikipim	1
yanaypa	1
waqyawasqanta	1
uyarirqanichu	1
waqyakuyta	1
kutichirqani	1
mikhunaykupaqmi	1
huñunakurqayku	1
wasimasi	1
kitipim	1
wasimantam	1
piñim	1
samarisqayta	1
rikurqani	1
as	1
matipawarqan	1
sindicato	1
derechuyuq	1
llamkanankupaqmi	1
llamkanamanta	1
umalliqkunam	1
pagonkuta	1
yapayarqanku	1
manzana	1
pasteltam	1
waykurqani	1
ismusqamanmi	1
asnayta	1
qapayta	1
qallariyqan	1
puriyta	1
nishu	1
tacoyuq	1
zapatowan	1
purichkarqan	1
zapatotam	1
mankamantam	1
wapsi	1
lluqsichkarqan	1
timpucharqan	1
mankata	1
kipkarqani	1
mediasniykuna	1
taqsanapim	1
usutawan	1
botaswan	1
rimasqanqa	1
yuyayniyuqhina	1
qhatiqkunata	1
chinkarichirqan	1
waqlliq	1
sullullchakusqankumanta	1
pipas	1
chaskirqanchu	1
hatarichikuqqa	1
sutintam	1
qhawarichirqan	1
thunikunantam	1
ruwakunanpaqqa	1
suwakusqanmanta	1
tumparqanku	1
llamakaqkunaqa	1
rikurqanchus	1
wayaqanman	1
churarisqanta	1
yanaparqanku	1
wayaqatam	1
tarinanpaq	1
awqanakuymanmi	1
suyumasintaqa	1
wallakunam	1
awqanakuymanqa	1
kacharichikurqanku	1
wallakunaqa	1
ayllunwanmi	1
huñurikurqanku	1
tribunalqa	1
chaninchay	1
kamachinatam	1
munanakunankupaq	1
rimarqanku	1
mikhunas	1
rupharakusqantam	1
muskiyurqan	1
puyñupim	1
galletastam	1
parayarqan	1
tuyuqa	1
astawanmi	1
haykurqani	1
edificioqa	1
ruphaymanta	1
churin	1
machaqunquywan	1
unqusqanmantam	1
phiñayukurqan	1
tantantaqa	1
cerveza	1
churinpaqqa	1
masimantam	1
churinta	1
amachaqqa	1
wichanantintan	1
oficinanmanqa	1
secretariam	1
masinwanmi	1
rimananta	1
tukuchirqachu	1
cajeroman	1
sencillutam	1
sipasmanqa	1
qupurqan	1
sipasman	1
quytam	1
qunqarqan	1
ruedayuqmanmi	1
nisqarayku	1
camillapi	1
wasimanqa	1
unanchatam	1
wasinku	1
churarqanku	1
independencia	1
raymichachkarqan	1
hapiypi	1
tarikuchkarqan	1
equipoqa	1
pakirisqa	1
kallpanchasqa	1
kiruypi	1
tupsiyarqan	1
pinqarikurqani	1
kallpanchakurqani	1
historia	1
yachanata	1
allintan	1
clasesninta	1
qunqarqanmi	1
kallpanchayta	1
thuniyarqan	1
pachakuyuy	1
llaqtata	1
chhapchirirqan	1
sipiyqa	1
yananqa	1
kutinankupaqmi	1
mañayukurqan	1
taytamamanwanmi	1
muyurqan	1
umapura	1
takarikurqanku	1
mapacheqa	1
rawirqan	1
cartonmi	1
ukhupiqa	1
kirpanayuq	1
lapizta	1
ñawchiyachirqan	1
rantisqa	1
kutichisqanmantaqa	1
qullqintaqa	1
warmimanqa	1
kutichirqanchu	1
haykurqanchu	1
hallpiqa	1
ukhum	1
hampikurqan	1
qillayuq	1
tukuyurqan	1
trenpi	1
qharita	1
pampata	1
kikillanman	1
rimachkarqan	1
qutquta	1
wisñirqan	1
sisikunam	1
qutqutaqa	1
ñañanmanmi	1
pañuyluta	1
makankunatam	1
chakatarqan	1
waqaytam	1
menta	1
miskitam	1
chunqarqan	1
siminmi	1
simin	1
asnanmantam	1
pinqarisqam	1
yanatin	1
tempranulla	1
qhawakuq	1
teatropa	1
kinrayninpi	1
tráfico	1
tupayta	1
imaynatas	1
teatroman	1
chayanankupaq	1
rikuchikurqanku	1
llamkayninman	1
rispa	1
qhiparikurqan	1
llamkaqmasinninmi	1
mañakusqankuta	1
siqicharqan	1
activistakunapa	1
llamkasqankupim	1
activistakunaqa	1
waqachus	1
kanmuman	1
hinataman	1
yuyanchakuspam	1
denunciata	1
escenaman	1
manaraq	1
lluqsichkaptin	1
actorpa	1
sunqunqa	1
escenáman	1
lluqsinanmantam	1
sapan	1
rimanantam	1
umanmi	1
takyachirqan	1
qullqiyta	1
yuparqani	1
lastata	1
mastarqani	1
puqusqa	1
qaywirapurqan	1
waqllirikurqan	1
motormi	1
ruphayarqan	1
wasantam	1
nanachikurqan	1
psiquiatra	1
punchawkuna	1
llantayqa	1
phawasqanmanta	1
utirqan	1
rikranmi	1
susunkayurqan	1
samayurqan	1
waqyakurqani	1
haykuchiwarqan	1
punkunman	1
phiñarisqam	1
ukhuman	1
llakikusqanmantaqa	1
muchayuspa	1
yachaqitam	1
tapuykunamanqa	1
tapuykunata	1
kutichinanpaqqa	1
iskayarqan	1
wankunanpaqqa	1
chakramanmi	1
qhatuman	1
ñawpa	1
masiywanmi	1
tinkurqani	1
pakasqa	1
willarqani	1
makallikurqani	1
quchamanqa	1
challwatam	1
quchaqa	1
apillañam	1
clasemanqa	1
achiwanmi	1
bicicletanta	1
suwarqanku	1
computadorapi	1
cursor	1
kuyurichkarqan	1
kuyuchirqan	1
conductorqa	1
ñannintam	1
ñanpiqa	1
ñawpanpi	1
camión	1
qatirqan	1
warkunapi	1
warkurarqani	1
llimphikachakurqan	1
lentesninta	1
llipipipichkarqan	1
taxitam	1
kanantam	1
may	1
kasqantantam	1
ñawpaqtaraq	1
samakuq	1
chukcha	1
rutuqmanmi	1
wiñachikuchkarqan	1
wiñarusqa	1
millaytam	1
yachaqimasinmanqa	1
chansakurqan	1
ñuqñu	1
upyayta	1
michkarqani	1
parayta	1
kanchaykunantam	1
purinanpaqmi	1
edificiopa	1
parqueo	1
haykunapa	1
kinranllanpi	1
haywarinanpaqqa	1
ayparqanchu	1
qatipayta	1
allichachkarqan	1
waqyasqayta	1
tukurqachipun	1
umalliqwan	1
rimanaypaq	1
kasqayta	1
riqsichiwaq	1
yupaynintam	1
qhawachirqani	1
kichaqasqa	1
timbre	1
arapakuna	1
maywikukurqanku	1
lamparara	1
enchufemanta	1
fusible	1
tuqyachirqani	1
huqariqqa	1
qhututuyarqan	1
lirpupi	1
qhawakuspa	1
llapa	1
aychanta	1
kuytupachirqan	1
hawanpi	1
cálculo	1
umallanpi	1
calculadorata	1
pantarirqan	1
puñurqan	1
pañalta	1
chhukuyurqan	1
huntayuq	1
purutam	1
maqtaman	1
chaqirqan	1
apiyachikurqan	1
fotofrafoqa	1
camarapi	1
flashtataqa	1
hapichiyta	1
qunqarqun	1
fotokunaqa	1
qhusñisqahina	1
fotopi	1
lluqsiqkunaqa	1
asikuyta	1
munarqakuchu	1
cumpleañosman	1
minkawasqankuta	1
ejercicio	1
manchasqa	1
esponjata	1
sutuyta	1
qurpachanaman	1
chayanakupaqqa	1
illaqkuna	1
ferryta	1
hapirqanku	1
aywaqñam	1
watapim	1
ruwakurqan	1
agujakunataqa	1
imamaypas	1
hatariytam	1
wasiypa	1
utiyarqan	1
watupakuyta	1
qallarirqani	1
policiaman	1
paytam	1
tumparqanchu	1
wirasapa	1
llañuyayta	1
miskikunataqa	1
mikhurqanñachu	1
upyarqanñachu	1
chullunkasqa	1
ichiyarqan	1
ñawin	1
tutantinpi	1
rikchalla	1
wawantam	1
puñuchirqan	1
ariqmanta	1
lawa	1
tuqyayta	1
puñuchkarqan	1
kaqkunatam	1
raymimanta	1
ripuyta	1
llamkaqman	1
qullqicharqani	1
harkanata	1
chimpachiwarqan	1
harkariwarqan	1
ejecutivo	1
aquyrakimanmi	1
compañianta	1
qhaturqan	1
qulltintam	1
usuchirqan	1
hampiqmanmi	1
samachkarqan	1
wintanantinmi	1
wasiymanta	1
wawap	1
rukanankunaqa	1
llulluyarurqan	1
armakuspam	1
jabonwan	1
thuqyarqani	1
ñuqñuqa	1
phusqusqa	1
simiyur	1
busman	1
ayparqanichu	1
tempranoraq	1
tardeña	1
karruwan	1
richkarqan	1
ñitikusqa	1
llallinankupaqmi	1
imaymanata	1
ruwarparirqanku	1
llalliparqanku	1
pukllaymanta	1
puqpurayarqan	1
botellata	1
botellapa	1
maqta	1
kachkaspa	1
wichqarikusqa	1
patantin	1
timbren	1
tililiyarqan	1
watukuqqa	1
takarirqan	1
punkupa	1
tuquchantin	1
qhawarikurqan	1
llimpiyarikusqa	1
maqchiymanmi	1
pachantaqa	1
aparirqan	1
ropero	1
warkurayarqan	1
kiru	1
muqchikuy	1
pastatam	1
qapirirqan	1
pastaqa	1
pastata	1
thuqayarqan	1
awqanakuy	1
patapiqa	1
askha	1
civil	1
wañurirqanku	1
sayarispa	1
rimaykacharqanku	1
desfile	1
chukchanmanta	1
cintata	1
hurqurparikurqan	1
cintawan	1
cintaqa	1
wawahinatam	1
rikurichirqan	1
plástica	1
ruwarikurqan	1
machuyarqan	1
tukurirqan	1
chiwchiqa	1
runtumanta	1
pakirqani	1
watachasqa	1
yarqaymanta	1
wañuchkarqan	1
wichanapi	1
wayllunkayarqan	1
wichanaman	1
siqarqan	1
wichanamanta	1
hapayarqan	1
gaseosata	1
upyarqan	1
gaseosa	1
katatatayarqani	1
yachaywasiman	1
becata	1
yachaqimasinkunaqa	1
yupaycharqanku	1
calificación	1
asikachakuspa	1
waynataqa	1
waynapa	1
wasimasinnmi	1
waynatam	1
suwakurqan	1
kuyapaykuytam	1
masiywan	1
rimarinaykupaq	1
piwanpas	1
haywariwarqan	1
haywarirqani	1
rikranpi	1
taqllayarqani	1
kumuyarqani	1
fuegos	1
artificiales	1
tuqyarirqanku	1
discom	1
umaykaman	1
phawachkarqan	1
kutuykachakurqan	1
almanaquepa	1
ruwanaytam	1
killam	1
qusaqa	1
amachaqninta	1
taqakuytam	1
goma	1
pinkiyarqan	1
kancharirqan	1
examenninpi	1
waturirqan	1
picharurqan	1
pukllaqmasintam	1
takarparispa	1
harkayarqan	1
hapirparirqan	1
wikchuyukurqan	1
tumatikunata	1
yuranmanta	1
puquña	1
unuwanmi	1
qharparirqani	1
kuyaykuq	1
kaytam	1
ñawpaq	1
munakuqninwanmi	1
kunan	1
munakuqninmanmi	1
chololatekunata	1
termometropi	1
mercurio	1
wichayarqan	1
termometrota	1
quñiyachkarqan	1
muyuqqa	1
llaqtaman	1
chayachkarqan	1
wasipan	1
qhataqa	1
carreteraqa	1
millaymanmi	1
chullunkuyasqawanqa	1
pusaq	1
yachachiqwan	1
chaninchayninqa	1
sumaqyarqan	1
examenpi	1
sumaqmi	1
qunqurikurqani	1
mantapi	1
mayturikurqani	1
rumita	1
qhiturqani	1
llunkaykachakurqan	1
kanchaykachakurqan	1
azucartam	1
cafemanqa	1
qapayarqan	1
miskiyarqan	1
papilkunata	1
allichayarqan	1
papilkunaqa	1
ñutuyachirqan	1
clavuta	1
martilluwan	1
llaqllapi	1
chinkayarqan	1
akakipakurqan	1
anzueluman	1
qamsarqan	1
challwata	1
aysaykacharqan	1
anzuelutaqa	1
chuqayarqan	1
rinanmanta	1
pinqakurqan	1
muchi	1
uyayqa	1
chaskirirqani	1
phiñarikurqani	1
tohallawan	1
chakichikurqani	1
tohallam	1
yaqaraq	1
tiyanaqa	1
kuyuykacharqan	1
patamanmi	1
llimphita	1
chaqchuyarqan	1
pukllaqmasikunaqa	1
paykunapura	1
tumpayanakurqanku	1
pukllaypi	1
pusaqninkuqa	1
llamkachirqanchu	1
pantasqaymanta	1
yuyaychakurqani	1
munasqaytam	1
ayparqani	1
tinkusqanmanta	1
tapukuyninta	1
pay	1
kikillanmantam	1
rimaykachkarqan	1
uyachanqa	1
tuquchakuna	1
awqapa	1
wampunqa	1
tuqyayurqan	1
mina	1
pasarqan	1
puertuman	1
chayarurqan	1
chakinta	1
turpuyukurqan	1
turuman	1
pakisqa	1
qhispipi	1
sarurqan	1
sipisqanku	1
yupikunata	1
tarikunanpaqmi	1
kuskiqkunaqa	1
llimphiwan	1
llimphicharqanku	1
sipiq	1
karrukuna	1
uchuy	1
ñannintan	1
ripurqani	1
apawanankupaq	1
suyupa	1
hapiyninqa	1
pisiyarqan	1
unquyarqanku	1
llamkayniyuq	1
kikllu	1
chimpachiq	1
qhawaspa	1
wisananta	1
wisayachirqan	1
kikllumanña	1
haykuytañam	1
munachkarqanku	1
wasimasinku	1
hinatam	1
wawakunataqa	1
riqsiyarirqan	1
masiymanmi	1
qunqaymanta	1
qhawayarqani	1
chiqaytam	1
willachkarqan	1
kawsasqa	1
rimaywanmi	1
rimawarqan	1
gasolinanmi	1
tururparikurqan	1
ñampi	1
utiyarparirqan	1
karuuqa	1
wachakuy	1
paqarirqan	1
haqtunawanmi	1
wayrayarqan	1
yachaqimasinpa	1
raymichaykuyninmanmi	1
minkarikurqanku	1
suñatam	1
rantirurqan	1
matinqa	1
ruphayachkarqan	1
llamiyarqan	1
parkimanmi	1
pusarqan	1
qapachiwan	1
churayukurqan	1
tinkuqninwan	1
qhawachikuyta	1
gel	1
chukchanmanqa	1
electricidadqa	1
linternata	1
maskharqani	1
lampata	1
hapirqani	1
astarikurqanku	1
wanwanku	1
escuelanta	1
wispa	1
wacharikurqan	1
pitariqqa	1
allillamantam	1
pitachkarqan	1
kallpayuqllam	1
kayta	1
chayanatañam	1
maquina	1
ranaqtam	1
haytarirqan	1
vueltuntam	1
makinaqa	1
aqtuyarqan	1
chip	1
bolsachakunam	1
allqunqa	1
qhawarirqani	1
chaskirikurqanchu	1
pagaré	1
makipi	1
qullqiwanmi	1
pagota	1
ñakapayukurqan	1
kuchururqan	1
puntanta	1
wawqinmantam	1
yupaychakurqan	1
taytamamankuwanmi	1
kaminakurqanku	1
amachaqkuna	1
chaskichikurqan	1
sistema	1
solarmantam	1
chaskakunatam	1
posterqa	1
ratarichikurqan	1
hawanpim	1
postertaqa	1
takyachirqani	1
ratana	1
cintatam	1
posterpa	1
qhipanpiqa	1
arquitectupa	1
plano	1
ruwasqanqa	1
chaskirikurqan	1
edificiotam	1
planota	1
allicharqan	1
cucharanta	1
urmayachirqan	1
makinmi	1
cucharata	1
llaqwayarqan	1
empresapa	1
umalliqninqa	1
empresata	1
utirichirqanku	1
huñunakuyman	1
unayarqani	1
qhipapi	1
tiyakurqani	1
ñawpaqmanmi	1
asuyukurqani	1
calcelmanta	1
lluqsirurqan	1
fianza	1
ayllun	1
carcelpi	1
tiyaqmasintam	1
maqarirqan	1
chinkarirqanku	1
wasinkuta	1
qhatucharqanku	1
paykunapa	1
wasinkuqa	1
kanarikurqan	1
alumino	1
sarurqani	1
tukururqan	1
rimanakuymanmi	1
rimaykachaytam	1
kasqayqa	1
allinyarirqan	1
takiyta	1
pukukunata	1
maqchirqani	1
yanapaq	1
huñurirqan	1
runakunatam	1
mikhuchirqanku	1
subastata	1
rusapi	1
karruchaqa	1
uraymanmi	1
pasayurqan	1
buzonta	1
aysayparirqani	1
paqariytam	1
patarayarqani	1
hapiykacharqani	1
papilqa	1
qintiyakurqan	1
chikiwanmi	1
umallinkunaqa	1
masinchakurqanku	1
umalliqkunaqa	1
yanapaytam	1
apachirqanku	1
pachanqa	1
apirikurqan	1
piscinamantam	1
urmayarqan	1
libru	1
ñawiriyta	1
tukunanpaqmi	1
kutichinan	1
masinmantam	1
qumalliq	1
wañuchikurqan	1
carcelmanmi	1
wañuchikunanpaqmi	1
intip	1
kanchaynin	1
arapakunata	1
runapa	1
peluca	1
aysarparikurqan	1
paqla	1
umayuq	1
allichaqqa	1
rimaytaqa	1
qillqayarqan	1
qillqasqataqa	1
ruwasqatam	1
qillqasqapiqa	1
chuya	1
tarisqan	1
chinkarusqanmantam	1
llamkasqanmanta	1
qhariwan	1
munanakurqanku	1
kusqa	1
saywakurqanku	1
takiyqa	1
uyarikurqanchu	1
uyarikunanpaq	1
yapayarqani	1
takiyniyta	1
ruwakurqani	1
maqtapa	1
ñaqcharisqa	1
tampayachirqan	1
chutarparirqan	1
repelente	1
hichayurqanku	1
ñawiyta	1
taki	1
uyarisqanqa	1
upallachinanpaq	1
cd	1
qullqiyuqlla	1
tiyarqanku	1
pisillatam	1
ayllunman	1
llamkananpiqa	1
pagomanta	1
pisitam	1
hatunyachaywasimanta	1
graduasqa	1
llamkanatam	1
imapi	1
qhuchukusqankutam	1
llimpiwan	1
qillutawan	1
anqastawan	1
chaqrurqan	1
lliwpi	1
challakurqan	1
qumirmanmi	1
rimasqanchiktaqa	1
hukniyachirqani	1
rimasqanchikqa	1
phiñachiwachkarqanchikña	1
turayqa	1
wasinchikmanmi	1
hampuyachirqani	1
munakuq	1
rikurirqani	1
escenariopa	1
arapanqa	1
kichakurqan	1
wallparisqa	1
ruwayqa	1
wallpariq	1
runakunakunaqa	1
escenariomanta	1
hapiqninpa	1
mañakusqantam	1
riqsichirqan	1
sipinanpaqmi	1
atisana	1
kikillanmanta	1
lliw	1
escenariopi	1
tununuyuyta	1
chakinwanmi	1
tusupachkarqan	1
wankartam	1
takayachkarqan	1
taytamamaqa	1
wawanpa	1
cuartonmanmi	1
pitarqanku	1
musquywan	1
rikcharispa	1
qaparichkarqan	1
kawitunpa	1
uranta	1
qhawariytam	1
makirimaywanmi	1
llullu	1
ruqtu	1
chakirayay	1
pachamam	1
suyupiqa	1
chakrakunapi	1
mikhuyqa	1
chakirayaywanmi	1
ñiqirqapunku	1
michim	1
urpitaqa	1
qhatirirqan	1
phalaspa	1
escuelaqa	1
kaptinmi	1
lluqsichirqan	1
astakurqan	1
fábricayuq	1
llamkaqkunamanqa	1
yapayta	1
fábricayuqqa	1
ruwayninkuta	1
sayarichirqanku	1
suyuq	1
awqanakuqkunaman	1
ñakarichirqan	1
ruwananpaqpas	1
awqanakuqkunam	1
kamachirqanku	1
awqanakuqkunaqa	1
sipirqanku	1
qala	1
chakillam	1
purirqani	1
aqu	1
aqum	1
chakiyman	1
ratarirqan	1
aytikunam	1
suqakurqanku	1
chisrisqa	1
rikcharqani	1
warata	1
mamitaqa	1
wawanta	1
upallachirqan	1
phiñallaña	1
qiwipakurqan	1
jeans	1
waraypiqa	1
cierre	1
wisqarikurqani	1
mitkarparirqani	1
kirunkunapiqa	1
tuqurukurqan	1
chiqancharikurqan	1
gimnasio	1
qayna	1
punchawqa	1
rikcharispaqa	1
kurkuymi	1
makurkiwarqan	1
mikhusqankupi	1
masinkunallamanmi	1
hamparaman	1
mikhuq	1
hamparapi	1
munasqahina	1
trampolin	1
patapim	1
kutimanta	1
wikaparirqan	1
wikapaspa	1
muyuriyta	1
buzón	1
qillqakunata	1
utqaytapuni	1
llallipananmanta	1
chiqaymi	1
churaykurqan	1
kutipurqan	1
sachasacha	1
kanakuyqa	1
mastarikurqan	1
phukuyarqan	1
kanaq	1
muquchanta	1
kirirukurqan	1
cuartonman	1
kirinta	1
wankurqan	1
wañuy	1
testamentonta	1
hukpa	1
organonta	1
chaskirurqan	1
timpuq	1
kuturukurqani	1
rupharachikurqani	1
editorqa	1
qillqaqta	1
pinqayninta	1
churaspam	1
tukukunan	1
punchawpim	1
tukurqanchu	1
puñurqani	1
yanachaypi	1
uquy	1
rikurichiqkunatam	1
pastillastam	1
raskarukurqani	1
humpiwachkarqan	1
siqsiwachkarqan	1
emergencia	1
haykurirqan	1
utiriy	1
qiwikachaspa	1
matiparisqan	1
qhaqurikurqan	1
qhichipranta	1
hastawan	1
utichisqaraq	1
pantasqanmanta	1
mañarikurqani	1
kasqanpim	1
yachachasqanpi	1
pitarqanñachu	1
astawan	1
ejerciciosta	1
hatariyta	1
maqaqnita	1
saqmarqan	1
maqaqninqa	1
wañurapurqan	1
maqaqninta	1
yawarchakuyta	1
wachiqa	1
muyumanqa	1
chayarqanchu	1
wachiyayninqa	1
pantasqa	1
llallichkarqanchu	1
wasiyuqya	1
wañuchiqta	1
wasinpa	1
uranpi	1
hukuchakunata	1
sisi	1
thapata	1
wasin	1
ukhupi	1
uywarqan	1
mikhunanchikpaq	1
watukuqniyta	1
rimayayqani	1
waykunaypaqqa	1
watukuqniyqa	1
ñawichaspam	1
turanta	1
pakayta	1
diariotam	1
alquilerninpaq	1
qullqiyuqña	1
kachrarqan	1
horastam	1
maqintaqa	1
hurqurqan	1
waykunatam	1
llamirqan	1
allquchapa	1
umantam	1
empresaqa	1
rantiqninkunap	1
imaynas	1
kasqankutam	1
descuentutam	1
rantiqkunapaqqa	1
rurqanku	1
encuesta	1
rantiqninkumanqa	1
haywarqanku	1
llaqllamanta	1
raskasqa	1
cojinesta	1
pampantintan	1
uyayta	1
pakarikurqani	1
sawkayuwachkarqan	1
saqmawachkarqan	1
wankiqa	1
kanayukurqan	1
illapam	1
yupaychaq	1
saqirqani	1
rururqan	1
chuspikunam	1
añawitaqa	1
muyuparqanku	1
tusuqpa	1
ankunqan	1
chutarparikurqan	1
rukanankunatam	1
tupsirqan	1
wichunqa	1
qiwikurqan	1
pasadorninkuna	1
watakuyta	1
patiopi	1
librowanqa	1
librotaqa	1
kutirachirqani	1
pachas	1
yuyancharqanichu	1
taytamamanpa	1
iñiyninpim	1
charkirqankuchu	1
utinankamaqa	1
gasolinayuq	1
chullunkuta	1
qaymayarqan	1
wankita	1
warkurqani	1
mastakunaqa	1
qhillihina	1
rikukurqanku	1
pirqakunaqa	1
qhawakurqanku	1
llamkanaymanta	1
temprano	1
umaymi	1
nanawarqan	1
umalliqniyqa	1
huñunakuytam	1
allquchaqa	1
qhillicharqan	1
kamirqan	1
runaman	1
masiyman	1
pampachakuyta	1
pampachawarqan	1
chawpipi	1
kaspapas	1
qipinta	1
qipirqan	1
neón	1
pachakusqa	1
rikuqqa	1
sullullchaypi	1
rikusqanta	1
willayta	1
perjurio	1
tumpachikurqan	1
lliphichikurqan	1
qhawakuyta	1
wakinkunawan	1
chaqrukuyta	1
papelniyuq	1
llamkanata	1
qarquchikurqanku	1
runakunapa	1
chansayta	1
sayarirqanku	1
intita	1
ñawsayachiwarqan	1
qarayta	1
chumpiyachirqan	1
ukhuta	1
hanllallirqani	1
kuchunam	1
kuchunaqa	1
aycha	1
anku	1
tukusqantam	1
qullqitawan	1
deuda	1
wasinqa	1
kancharisqa	1
hawamanchu	1
nispa	1
watukuq	1
sinqayman	1
asuchikurqani	1
panqanqa	1
uymayarqan	1
qapayninta	1
muskiyarqani	1
masinwan	1
tuparqan	1
wawankunatam	1
qillqayninpi	1
muyupayarqan	1
tukusqata	1
tukusqa	1
qillqaynintam	1
karruyqa	1
purirqanchu	1
qhatunamanmi	1
ririqani	1
mecánico	1
qillqasqata	1
sutiyuq	1
manan	1
rapranta	1
maywiriyta	1
siqayta	1
sayachirqani	1
armawan	1
urayachirqan	1
tupsichisqaqa	1
semana	1
tukuyuyta	1
anchata	1
tiyuypa	1
wañunanmami	1
sawayninmanmi	1
pachachus	1
kasqanmnataqa	1
rikchasqaña	1
kaspapachas	1
musphaspahina	1
aqtunaywanmi	1
ñitichasqa	1
qillqaqa	1
ñawichayta	1
ñitichaq	1
llimpiyuq	1
raphiyuq	1
estadiopi	1
himno	1
nacional	1
takirqanku	1
unanchata	1
kanchamanmi	1
llaqwaqa	1
qayma	1
qarayukurqani	1
kachiwan	1
yapayurqani	1
unuchasqa	1
tohalla	1
tohallaqa	1
hichasqaqa	1
llawsasqata	1
puchurqan	1
ñawichachkaptin	1
tatichikurqan	1
aviónqa	1
phawaypi	1
chaqwaykunawan	1
tinkurqan	1
amachasqa	1
kanapaq	1
cinturonta	1
matiparqan	1
ayqirikurqan	1
paymantaqa	1
tanqarirqan	1
prótesis	1
wanqurqanku	1
samasqantawan	1
purisqantawan	1
warma	1
warmaman	1
kukuchunta	1
pitirqan	1
qayllaypi	1
rikranta	1
qintikurqan	1
hurqurparirqan	1
hamutayninwan	1
yanapawananpaqmi	1
hamutayninta	1
chanincharqani	1
imapas	1
yacharqani	1
turupi	1
sarururqan	1
zapatonmi	1
turuchakurqan	1
turuqa	1
laqakurqan	1
llaqtapiqa	1
escuelakuna	1
wasikunapi	1
waqaychakurqanku	1
llamkayninqa	1
wasinmanmi	1
wikchunanpaqmi	1
rimapakurqan	1
wasitam	1
thuniyachirqan	1
urmarparirqan	1
qhipatam	1
llanthuyachirqan	1
kurkuqa	1
chiqtarikurqan	1
llantata	1
tawqarqani	1
hachawanmi	1
kurkuta	1
warmiqhariman	1
samincharqanku	1
taqanakurqanku	1
wawachayuq	1
tukusqankuta	1
san	1
valentin	1
cartata	1
waynaman	1
muchayarqan	1
rimasqanmantaqa	1
umayta	1
kumuchirqani	1
chiqaqchu	1
chiqaqmi	1
monedata	1
wikchurqanku	1
paqtachayta	1
honornopi	1
yupana	1
tukukurqan	1
refrigeradoramanmi	1
churayta	1
qallarirqa	1
pizza	1
kaqta	1
hurquyta	1
ruwayninta	1
tukunanpaqpuni	1
takyachikurqan	1
qillarikurqan	1
machuyaymanta	1
legal	1
puriymanmi	1
churinqan	1
urmarirqan	1
churinqa	1
taytanpa	1
hapuqninwanmi	1
hatariqmanmi	1
sarupayarqan	1
hatariqqa	1
hatariqmanta	1
qusñiyayta	1
qhatunapi	1
purichinanpaq	1
licencia	1
qulluchikurqan	1
kachkaptinpas	1
puñurqarisqani	1
chikchaspataq	1
timpuytapas	1
ruwarqaniñachu	1
rikchaspataq	1
timpu	1
ruwakuyta	1
ayparqanim	1
runqaa	1
limosinamanta	1
urayurqan	1
camarografo	1
qhawapayarqanku	1
rueda	1
prensa	1
bañerapi	1
wikchulayarqan	1
chiriyayta	1
tinamanta	1
hatunyachaywasipi	1
yachaqmasinkunawanmi	1
riqsinakuyta	1
fraternidad	1
huñunakuqmanmi	1
ingenieria	1
kallpanchakurqan	1
sawnachakunata	1
llampuyachirqani	1
monedas	1
maskhachkarqani	1
sala	1
allichachkarqani	1
urunquyqa	1
maqtamanmi	1
phawaspa	1
pallakurqan	1
huchayuq	1
llaqtapaq	1
llamkaykunata	1
ruwananparmi	1
huchanrayku	1
wañuchiy	1
matipi	1
azucarta	1
qaywirqani	1
matiqa	1
wapsikurqan	1
azucarqa	1
chhullupurqan	1
waminkaqa	1
wiqru	1
chakintin	1
awqatinkuypaqmi	1
awqanakuypim	1
kirichikurqan	1
policíamanta	1
phawarurqan	1
arpana	1
yanaparirqan	1
qumalliqta	1
qatikacharqan	1
laptopqa	1
hapichikurqanchu	1
baterianta	1
huntachirqani	1
waqmip	1
pachan	1
waqaychananqa	1
pachataqa	1
rantirukurqan	1
patarayarqan	1
qhasusqa	1
wachakurqan	1
académico	1
grado	1
llamkaymanmi	1
aypayta	1
atirurqan	1
llamkananmi	1
utichikurqan	1
kunkanqa	1
auditoriopi	1
micrófono	1
pukyu	1
ruwasqapi	1
moneda	1
ukhukama	1
tuqumanmi	1
tuquman	1
pukllaqmanmi	1
kutirirqan	1
qusñi	1
samayurqani	1
hikiyarqani	1
hachhiyarqani	1
wachimanta	1
rantiyta	1
luces	1
kancharisqata	1
qupata	1
qupaqa	1
asnarachirqan	1
rantisqaymanta	1
qupapi	1
chinkarachirqani	1
zoo	1
uywakunamanta	1
yacharqanku	1
uywakunata	1
qatikacharqanku	1
samayninqa	1
wasa	1
rurunmi	1
surqanninmi	1
concientoman	1
puchuwarqan	1
riytachus	1
manchus	1
munanman	1
aire	1
acondicionado	1
nisqan	1
pakirikusqa	1
qatakunata	1
wayrana	1
wasanmi	1
kicharayarqan	1
llasarqan	1
mamaypaq	1
suñata	1
pastelta	1
paqarisqan	1
punchawninmi	1
muyapi	1
narcisos	1
tikakuna	1
sarunchasqa	1
muyu	1
allichaq	1
wanquyru	1
ardillakuna	1
papanta	1
fosforoqa	1
sasachakuqkunaqa	1
paykunapuralla	1
rimayman	1
tribunalman	1
apakusqankuta	1
allichayta	1
wakcha	1
apachikurqanku	1
taytamamanku	1
wañukapurqanku	1
taytamamankuqa	1
chaqlliyarqanku	1
quchaman	1
meteorito	1
urmarisqa	1
tsunami	1
chikchi	1
puriqqa	1
machaqwanwan	1
tarirukurqan	1
chakisqa	1
hornoqa	1
ruphayña	1
hornota	1
pukuta	1
hornoman	1
limonta	1
qurwayasqa	1
imanarqanpaschu	1
allpanchakurqan	1
vaso	1
hamparamanta	1
urmaykamurqan	1
urmaramurqan	1
kuyuykachakurqan	1
paltapunichu	1
lluskayachkarqan	1
llullakusqantam	1
churinmi	1
chiqan	1
willakurqan	1
rimasqanpi	1
iñirqanpuni	1
umanqa	1
nanaymanta	1
tipuykacharqan	1
uhupaq	1
upyayarqan	1
aspirina	1
millpuyarqan	1
puriyarqan	1
estaciónmanmi	1
asuyarqan	1
chayananmantam	1
terpapiamanmi	1
ayllunpiqa	1
umamanta	1
llaki	1
uyquywanmi	1
kunkantam	1
mikhunanwanmi	1
chakachikurqan	1
rimayninqa	1
aychatam	1
llawsayachkarqan	1
thallayukurqan	1
negocionqa	1
llamkaqkunatam	1
qhapaqyarqan	1
aulamanta	1
campanam	1
llamkanankupaq	1
kurqan	1
manchachiqta	1
qhawasqanmantam	1
iñirqankuchu	1
paymanmi	1
willarikurqanku	1
upayarparirqan	1
mamaquchapi	1
hiqiparirqan	1
bomba	1
tuqyaypi	1
purunpa	1
qaytunta	1
chacharirqan	1
chhasarikurqan	1
hanaqmanmi	1
siqaykurqan	1
rimayninta	1
derrame	1
cerebral	1
ukhumanmi	1
veredapim	1
mitkarikurqan	1
rakra	1
pikunas	1
waqyasqanta	1
runpupakuspa	1
qhipanpi	1
salvavidasmanmi	1
chhallpurirqan	1
atibióticos	1
thaniyarqan	1
chiqirikurqan	1
semáforo	1
qillupi	1
churarikurqan	1
freno	1
bocinanta	1
qhaparichirqan	1
waqaychana	1
plásticoqa	1
plástico	1
cocinapi	1
plásticotaqa	1
qapñurukurqan	1
puka	1
luz	1
carruqa	1
chimparurqan	1
tutantinkama	1
rurarqanchu	1
wasaparqan	1
patanmanta	1
wampuy	1
llamkayninpim	1
makiytam	1
suyquy	1
katatataqnintam	1
uyarqani	1
sunquyqa	1
sinchinta	1
kinranpi	1
hatarichikuchkarqan	1
oficinayqa	1
runalla	1
oficinaypiqa	1
ruqyayarqan	1
wasimasinkunata	1
riqsiyta	1
wasimasinkunawan	1
mikhunankupaq	1
qhipanmanta	1
wasimasinkunataqa	1
piscinamanta	1
chaqchururqan	1
piscinapi	1
tuyturqan	1
sandíata	1
rurunta	1
kiruyta	1
mitkarqan	1
casaca	1
pasadores	1
nisqankunam	1
watasqa	1
ninrinman	1
tapones	1
paywa	1
ruqyaywanmi	1
muyuchikuchkarqan	1
ninrinta	1
tuquchikurqan	1
botellayta	1
llapam	1
yakuytam	1
upyarurqani	1
waqaycharqani	1
telvisiónpi	1
programaqa	1
qullucharqakun	1
qilli	1
simikunawan	1
rimaq	1
willayniyuq	1
wampunata	1
wanpuqkunaqa	1
hiqiparqanku	1
pirata	1
runakunawan	1
musyaymanta	1
tunkiyarqan	1
musyayta	1
sutinyachirqan	1
sutinyachinanpaqqa	1
telefonoqa	1
ñuqallaman	1
qhawawachkarqan	1
qhasillachu	1
huñu	1
museomanta	1
rikchaykunata	1
llapanta	1
rikurqanku	1
ñuqawan	1
kaminakuyta	1
qharitaqa	1
riqsichiwarqan	1
ñuqanmanta	1
bicicletaypa	1
llantanqa	1
chhasayarusqa	1
llantanta	1
punkiyachirqani	1
engranajenta	1
uyanqa	1
qilluyachkarqan	1
willakuytam	1
llamiparqan	1
lapiceropa	1
llimphinqa	1
lapizwan	1
sutiytam	1
siqicharqani	1
qharimanqa	1
qullqitaqa	1
manurqankuchu	1
manukusqaraqmi	1
negocionta	1
rirqanchu	1
varicela	1
supaytam	1
matématicas	1
churana	1
plasticoqa	1
huntam	1
contenedorman	1
qhasiyachinapaqmi	1
lavaplatospa	1
pasananpi	1
winarqani	1
aspiradorawan	1
tiyaqmasiymi	1
ponche	1
hichayasqa	1
alluypa	1
urmayusqa	1
waqayarparirqan	1
computadoranmi	1
law	1
cuartomanmi	1
chuqarqan	1
kallmata	1
ninaman	1
kallmaqa	1
kanarirqan	1
duchamanta	1
tukurukusqa	1
toallata	1
tariyta	1
atisqachu	1
mamataytaqa	1
wawankuna	1
rinankuta	1
matriculanankupaq	1
waqaycharqanku	1
hawakunapi	1
pukllakunankupaqmi	1
wayayachikurqanku	1
mawkayarparirqanku	1
mikhunallatam	1
puchusqantaqa	1
receta	1
muquy	1
punkisqa	1
chullunkuwan	1
loción	1
llusikurqani	1
kicharayasqa	1
llamkaqmasiywan	1
hamparaypi	1
rimarqani	1
salapi	1
rimasqankuta	1
uyarirqarani	1
suyanaymi	1
tiyarikurqani	1
revistata	1
ñawincharqani	1
chuspita	1
sipirqan	1
chuspip	1
unyayninqa	1
uyarikurqanraq	1
chuspiqa	1
kuyurqanñachu	1
testamento	1
wañuyachkarqan	1
pasu	1
phawaqqa	1
atipanakuypim	1
wasapachikuchkarqan	1
phaway	1
utqayta	1
sasakaymanta	1
hamutarqani	1
hukkunapa	1
yachayninkuta	1
sasakayta	1
wasapanapaq	1
umaypi	1
tarirqani	1
warkurayaq	1
chakamanmi	1
rawraq	1
yacharirqanña	1
llallipananmantaqa	1
qhawanapaq	1
huñunakurqan	1
misanakurqan	1
puñuyta	1
rikchachiqta	1
uwihakunata	1
yupayta	1
pilitata	1
kicharurqan	1
hispanaman	1
huntarqun	1
piletamanta	1
cereal	1
mikhunanpi	1
pukunman	1
llamkanan	1
pachamanta	1
samarqan	1
pensionninta	1
manusqa	1
hipotecanta	1
waqaychayta	1
ukuta	1
ukupi	1
kanchayta	1
wañuchirqani	1
hamburger	1
kankarukurqan	1
chullunkuyananpaq	1
aychata	1
kankarqan	1
ranakuqpa	1
rimayninpi	1
iskayarqani	1
munapachiwasqanta	1
chaskirqanichu	1
rantinaypaq	1
tanqayawarqan	1
tutapaqqa	1
qhipakuyta	1
akllarqani	1
qhawaqkuna	1
sayananpaq	1
masiykunam	1
lluqsinaychikpaq	1
waqyaykachawarqanku	1
ñawiy	1
waqachkarqani	1
asikuchkarqani	1
pukurqani	1
velaman	1
asuyachirqani	1
macharqan	1
uman	1
sinqan	1
bolos	1
bolosman	1
hapichinanpaqmi	1
rumputam	1
chakinman	1
mañusqanman	1
llaqtaqa	1
cementeriopi	1
pampacharqan	1
obituario	1
willakunakuypi	1
computaduraymi	1
parlantikunatam	1
datayta	1
umalliqhina	1
kanaytam	1
umalliqninkunam	1
llamkaqhinam	1
paypaqqa	1
rikchakurqanku	1
ikipunmanta	1
chuqamurqan	1
ikipumanta	1
qichurqayta	1
juezmi	1
martillunta	1
jusgadupi	1
waqwaykachayta	1
qallarqanku	1
juradum	1
chaninchasqanta	1
allpayuq	1
irqikunata	1
patiunman	1
hatarqanku	1
muyaninta	1
secuertradorkunaqa	1
kacharirqanku	1
qhispichisqankumantam	1
qullqita	1
carcelmantam	1
waykuqpa	1
cebullan	1
cebullatam	1
unuman	1
tostadorapim	1
ruphayachikurqan	1
diamante	1
siwitam	1
rukananman	1
deletrearqanchu	1
ruwananpaq	1
yachachirmi	1
yanaparqan	1
yachananmanta	1
phiñarikusqaymanta	1
kutirqani	1
suyquymi	1
tiptiyarqan	1
samaykunatam	1
samarqani	1
pilitaman	1
jabonmi	1
makiymanta	1
uyayman	1
challarqan	1
pachanwan	1
pacharqan	1
anchayupa	1
clientinwan	1
huñunakunanpaqmi	1
warminmi	1
corbatata	1
warmita	1
wayllusqanmantam	1
chikikurqam	1
turpusqa	1
ruedayuqmi	1
purichichkarqan	1
clavo	1
manejarqan	1
qhawasqay	1
pakarqun	1
qhipaypi	1
warmiqhari	1
rimachkarqanku	1
ñawpaqiypim	1
hatunkaray	1
tiyachkarqan	1
karrup	1
lucesninkunata	1
qaqyaytam	1
intim	1
haykuykapurqan	1
verdurasninta	1
taytaymi	1
kamachirqan	1
upyarinanpaq	1
postre	1
makinwanmi	1
siminta	1
pakakurqan	1
secretariaqa	1
telefonopi	1
waqyakuqta	1
señalninta	1
telefono	1
waqyaypi	1
suyarqan	1
tawnawan	1
mumikurqan	1
pakikurqan	1
uhurqani	1
qusñitam	1
llañuyachirqani	1
relojqa	1
horaqa	1
huraqa	1
chuwi	1
siminpim	1
luqtururqan	1
qumallipa	1
karrunta	1
maskhapayarqan	1
chiqayta	1
hampita	1
uray	1
chirimitapaq	1
chusarqanku	1
llamkanakumantam	1
utichkarqanku	1
taqasqa	1
kamachisqahinalla	1
huñunakuymanqa	1
masinkuna	1
minkarisqanta	1
masikuna	1
minkarikusqankuta	1
munaspapas	1
rinallanmi	1
sawakuq	1
sawakuytaqa	1
munarqanñachu	1
sawakuyman	1
hamuqkunaqa	1
suñakunatam	1
sawakuynintam	1
machuyarurqan	1
suquyarurqan	1
qhatuyarqan	1
hamburguesallata	1
kuskanpim	1
patmirqanku	1
tiqtisqa	1
papayuqtam	1
rantirqakunku	1
gaseosapa	1
puqpuyarirqan	1
qullsiyta	1
yachachiqwa	1
tapuykachasqa	1
chaninkunatam	1
charkirqanku	1
iskayninpa	1
asignaciónninku	1
kikillahina	1
chayananpaqmi	1
asigaciónnintam	1
quqawintam	1
apanan	1
llamkaqwan	1
uyapura	1
tapuykachanapaqqa	1
sasam	1
llamkaqyninmantam	1
kuskiyta	1
inglesip	1
umalliqkunamanmi	1
churanchakurqan	1
iglesiaman	1
iglesiamanta	1
qarqusqa	1
ganchuwanmi	1
tipakurqan	1
shampunwanmi	1
taqsakurqan	1
siwi	1
rukanaymi	1
punkirurqan	1
silluytam	1
elasticota	1
hukaq	1
kuchumanmi	1
pawarqan	1
chutarikuchkarqan	1
ñitirqani	1
yupiymi	1
raqrakuna	1
hatarparirqan	1
patiyuypi	1
llamirqani	1
patiyuymanta	1
qhichurqani	1
revistaman	1
qillqarikusqayqa	1
tukurirqun	1
lluqsiqtaqa	1
chaniyuqta	1
lluqsiqkunata	1
charkirqanichu	1
kuskiqqa	1
maskhayninpi	1
waqlliyta	1
chaykama	1
tarisqanta	1
tukusqatahina	1
chaykaman	1
iñisqanpipas	1
quspaykachayta	1
wayqinmi	1
wawqiywanmi	1
rakinakurqan	1
graduta	1
saqipurqan	1
mikhurqanchu	1
mamanmi	1
waykurqan	1
mikhunatam	1
almuerzopiqa	1
masintam	1
llunkuykachaspa	1
yanapanantam	1
anchiyasqanmantam	1
llaveqa	1
wulsikumanta	1
chinkarqun	1
wilsikuqa	1
tuquyuq	1
waraqa	1
musuqmi	1
yuyaynintam	1
samarikuspa	1
puñurikurqan	1
phawaypim	1
atinakurqan	1
atipachikurqan	1
atipanakuyqa	1
chawkasqam	1
phawaqmasinkunatam	1
ambulanciatam	1
waqyarirqan	1
michinta	1
chinkachirqan	1
puñuna	1
patamanta	1
frenostam	1
sarurparirqan	1
tarukam	1
rikurparirqan	1
radionmi	1
upallirparirqan	1
wisqana	1
wisqanapim	1
llaveta	1
llavemanta	1
duplicado	1
urqurqani	1
guantes	1
churarikurqani	1
maqchikunaypaqmi	1
bañuta	1
maqchinaypaqmi	1
uywakunaqa	1
chikimanmi	1
urmarqanku	1
kawsasqanku	1
pacham	1
qullusqa	1
uywa	1
sipiqkunam	1
wañurqanku	1
huknirayasqantam	1
chukchantam	1
ruturukurqan	1
sipitam	1
churarqakusqa	1
tarea	1
nisqantam	1
qunqarirqan	1
yachachiq	1
pampachananpaqmi	1
graduman	1
wasapachirqan	1
allqu	1
anyarqa	1
michi	1
sofapi	1
kumpayakurqan	1
takasqankuta	1
urarirqan	1
parque	1
qhatuna	1
ruwakunanpaqmi	1
willakuypi	1
ruwakunanpaq	1
mañakuyta	1
documentalta	1
kusisqan	1
taririkusqankumanta	1
muchanakurqanku	1
samakurqanku	1
ripunanpaqmi	1
kamirusqa	1
añay	1
ñirisqa	1
sachap	1
kallmanmi	1
mayuman	1
urmarusqa	1
kallmataqa	1
mayu	1
mayuqa	1
wiñarparirqan	1
tareankunatam	1
yachaqikunamanqa	1
ruwanakunata	1
rakinakurqanku	1
waqatiyarqanku	1
puquymitamanta	1
chakimitakama	1
mitaqa	1
hukniyakurqa	1
wasinkumantam	1
raphikunam	1
sachakunamanta	1
urmaykamurqanku	1
ñukñasqanmantam	1
politicoqa	1
ñañichikurqan	1
akllachikunanpaqmi	1
vagonta	1
tanqarqani	1
vagonpi	1
urmarparirqanku	1
wagonpa	1
ruedankuna	1
ñawpaqman	1
puririyta	1
lobby	1
huñukuyqa	1
legislaturatam	1
tanqarirqanku	1
qunankupaq	1
suyu	1
umalliq	1
legislatura	1
pachay	1
allchakunayqa	1
rawillaña	1
achalachirqani	1
tutakama	1
tutuqa	1
mayniraqta	1
musqukurqani	1
paqariypiqa	1
puñuy	1
aysasqaraq	1
puriptinqa	1
wulsillunmi	1
chililiyarqanmi	1
wulsillunqa	1
monedakunawan	1
wilsillunpi	1
sirarikurqan	1
clase	1
uykupiqa	1
llapanku	1
yachaqimanqa	1
telefononmi	1
caballo	1
saqarirqan	1
chuspi	1
ichikuqmi	1
piñikuna	1
suwakuqkunaqa	1
suwasqa	1
piñikunaqa	1
dueñunkunamanmi	1
kutichikurqan	1
piñikunap	1
chaniynintam	1
chaninchakurqan	1
politicarayku	1
awqanakuyqa	1
capital	1
astachikurqanku	1
suyukunapim	1
qhispikuyta	1
policiawanmi	1
rehabilitación	1
huchaymantam	1
tarichikurqan	1
willakuq	1
raphita	1
ñawincharqan	1
pikunachus	1
lluqsisqankuta	1
akllarqan	1
qayllanpi	1
uhurqan	1
unqurqan	1
siwikunawan	1
sullullchakurqanku	1
sawakunankupaq	1
wakichikurqanku	1
ayqikunankupaq	1
wakichikurqaku	1
qhatuqwan	1
huñukurqan	1
wasita	1
rantinanpaqmi	1
wasintam	1
pichayta	1
loteria	1
qhapaqmanmi	1
tukurqun	1
munukurqan	1
velamanta	1
mapa	1
chuturqan	1
mapaqa	1
kirkuyapurqan	1
piscina	1
muquytam	1
qiwikurqani	1
uyaymi	1
pasparikurqan	1
sayachisqanmanta	1
multata	1
paralelo	1
nisqahinapi	1
sayachirqan	1
parquímetro	1
nisqanpa	1
pachanmi	1
riqsisqamanmi	1
fotográfo	1
qatirqanku	1
ayqikurqanku	1
tulumpikunawan	1
churakuyta	1
ninrinpi	1
tuquchakunata	1
ruwachikurqan	1
ninriymi	1
tintiwachkarqan	1
museoman	1
takiqkunata	1
uyarikuq	1
wasiyta	1
achkam	1
llamkanayqa	1
watukuqniykunatam	1
suyachkarqani	1
aerolinea	1
millayta	1
qipiytaqa	1
chaqirqusqaku	1
qullpipim	1
qupuwayta	1
munachiwarqanku	1
avionpi	1
phalanaytam	1
qulluchirqunku	1
allichayqa	1
qullqipaqmi	1
musuqtam	1
warmimasinwanmi	1
rimaypi	1
warmimasintam	1
