的	136
黨	112
主	83
民	81
民主	76
主黨	64
在	63
選	59
人	55
議	46
年	44
和	42
了	42
國	42
派	40
0	39
1	36
政	36
一	34
會	33
2	33
員	31
是	30
由	29
9	28
以	28
他	27
保	26
支	26
e	26
也	25
美	24
為	24
共	23
法	23
對	23
克	22
支持	22
19	22
大	22
統	22
參	21
反	20
並	20
聯	20
州	20
a	20
i	20
c	20
共和	19
拉	19
最	19
後	19
民主黨	19
舉	19
多	19
上	19
總	19
自	19
美國	18
得	18
持	18
有	18
4	17
中	17
任	16
黨的	16
加	16
l	16
時	15
部	15
總統	15
和黨	15
制	15
新	15
眾	15
成	15
o	15
黨人	15
及	14
過	14
立	14
於	14
參議	14
r	14
工	13
而	13
敗	13
前	13
數	13
自由	13
長	13
出	13
00	13
個	13
法案	12
不	12
，並	12
這	12
使	12
們	12
通	12
6	12
題	12
守	11
提	11
案	11
都	11
議院	11
生	11
s	11
選舉	11
競	11
所	11
席	11
反對	11
n	11
d	11
當	10
策	10
主義	10
要	10
同時	10
利	10
斯	10
被	10
同	10
包括	10
與	10
內	10
些	10
政策	10
，民	10
德	10
其	10
一些	10
t	10
義	9
將	9
來	9
且	9
院	9
期	9
政府	9
然	9
5	9
地	9
守派	9
常	9
0年	9
迪	9
票	9
外	9
他們	9
卡特	9
此	9
m	9
20	9
員會	9
主張	8
、以	8
邦	8
一個	8
全	8
國會	8
在1	8
全國	8
性	8
便	8
日	8
那	8
府	8
8年	8
控制	8
次	8
開	8
南方	8
許	8
里	8
雷根	8
林	8
尔	7
4年	7
替	7
經	7
3	7
州長	7
表	7
管	7
下	7
張	7
最後	7
許多	7
但	7
南	7
始	7
之	7
議員	7
頓	7
濟	7
改革	7
括	7
受	7
的民	7
希	7
該	7
委	7
組	7
眾議	7
候	7
墮胎	7
認為	7
8	6
黨內	6
派的	6
重	6
爾	6
關	6
爭	6
試	6
兩	6
翰	6
派民	6
杜	6
間	6
如	6
森	6
雖	6
權	6
副總	6
制的	6
就	6
療	6
贏	6
多數	6
分	6
特	6
外交	6
de	6
cr	6
at	6
選人	6
主黨人	6
大多	6
布	6
b	6
f	6
安	6
認	6
胎	6
響	6
聯邦	6
步	6
mo	6
，但	5
2年	5
遜	5
進步	5
定	5
化	5
正	5
投票	5
統選	5
福	5
戰	5
羅	5
體	5
年的	5
連	5
代表	5
」，	5
達	5
裡	5
代	5
增	5
副	5
門	5
行	5
左	5
特·	5
導	5
批	5
著	5
黨在	5
稱	5
直	5
保守	5
式	5
道	5
卡	5
獲	5
成為	5
控	5
場	5
馬	5
能	5
外，	5
競選	5
括了	5
則	5
因	5
少	5
協	5
99	5
度	5
並且	5
提名	5
投	5
其他	5
公	5
在2	5
。民	5
華德	5
·克	5
據	5
，以	5
裔	5
巴	5
。2	5
女	5
減	5
醫	5
通常	5
進	5
顿	4
名	4
仍	4
到	4
改	4
尤其	4
革	4
威	4
長期	4
內的	4
政治	4
開始	4
入	4
的總	4
的選	4
壓	4
倒性	4
的政	4
亦	4
條	4
學	4
商業	4
新政	4
產	4
為「	4
。他	4
盟	4
首	4
6年	4
突	4
约	4
接	4
圖	4
從	4
變	4
經濟	4
業	4
工會	4
查	4
度，	4
白	4
再	4
。在	4
微	4
，他	4
士	4
合	4
1月	4
社	4
以來	4
為民	4
屬	4
參選	4
去	4
國總	4
但卻	4
求	4
意	4
宣	4
巴馬	4
尼克	4
區	4
年美	4
聞	4
第一	4
權。	4
教	4
解	4
的管	4
制度	4
手	4
雷	4
會保	4
蒙	4
可	4
包	4
的主	4
議題	4
黨控	4
阿	4
平	4
最低	4
規定	4
戰爭	4
決	4
li	4
影	4
位	4
18	4
作	4
7	4
務	4
200	4
業的	4
無	4
應	4
主席	4
的保	4
黨支	4
拜	4
奧	4
款	4
01	4
資	4
領	4
物	4
別	4
婚姻	4
資金	4
管制	4
步派	4
p	4
國委	4
輸	3
西	3
已	3
造	3
稅	3
人的	3
小	3
的是	3
創	3
最高	3
酒令	3
以及	3
婦女	3
）。	3
運	3
聯盟	3
艾	3
持。	3
斯福	3
在選	3
串	3
計	3
失業	3
現	3
兩院	3
固	3
第	3
費	3
了1	3
年，	3
93	3
組成	3
擊	3
二	3
大幅	3
社會	3
更	3
少數	3
族	3
勝利	3
他的	3
幾	3
成功	3
的反	3
低	3
月1	3
責	3
魯	3
子	3
魯門	3
马	3
會的	3
94	3
舉中	3
奪	3
回	3
預	3
。最	3
擊敗	3
史	3
組織	3
96	3
軍	3
助	3
蘇	3
讓	3
危	3
肯	3
，被	3
功	3
過了	3
年民	3
漸	3
主要	3
持民	3
方	3
種	3
理	3
h	3
權利	3
標	3
五	3
起	3
的新	3
贏得	3
的提	3
原	3
甘迺	3
明	3
即	3
麥	3
高	3
依	3
事	3
益	3
治	3
亞州	3
以2	3
包括了	3
國家	3
能源	3
作為	3
家	3
儘	3
失敗	3
選時	3
在國	3
79	3
侵	3
個州	3
12	3
院議	3
an	3
是民	3
守主	3
推	3
。而	3
98	3
來自	3
率	3
題上	3
點	3
較	3
動	3
槍械	3
案（	3
千	3
萬	3
林頓	3
否	3
ti	3
力	3
溫和	3
一定	3
心	3
柯林	3
克·	3
在普選	3
團	3
終	3
比	3
1年	3
金	3
影響	3
格	3
霍	3
易	3
機	3
恐	3
選總	3
克里	3
伊拉	3
多民	3
制，	3
05	3
尼	3
的州	3
市	3
小布	3
因為	3
洛	3
伊	3
林顿	3
美国	3
登	3
非	3
的人	3
翰·	3
華	3
，例	3
」的	3
部分	3
黨主	3
等	3
相	3
應該	3
婦	3
反墮	3
過去	3
」（	3
u	3
co	3
ra	3
稱為	3
中間	3
成員	3
em	3
惟	3
系	3
由派	3
ca	3
負	3
全國委	3
、前	3
初	3
ss	3
集	3
黨部	3
大會	2
棄	2
是「	2
托拉	2
」以	2
的分	2
會，	2
91	2
威爾	2
列	2
民的	2
鐵路	2
。其	2
统	2
建立	2
國性	2
憲	2
法第	2
案，	2
確	2
內通	2
過，	2
也是	2
兩黨	2
果	2
簽訂	2
國際	2
面	2
，參	2
活動	2
內部	2
使得	2
獲得	2
壓倒	2
大都	2
鞏	2
富	2
193	2
見	2
禁	2
並大	2
赫	2
伯特	2
福在	2
就任	2
發起	2
恢	2
平、	2
數，	2
34	2
計畫	2
繼續	2
展	2
及農	2
羅斯	2
基	2
困	2
生的	2
期，	2
派」	2
「自	2
政的	2
詞	2
續	2
被稱	2
影響力	2
幅	2
進行	2
和通	2
信	2
群	2
次的	2
。除	2
的壓	2
，羅	2
的衝	2
發	2
斯·	2
殺	2
福利	2
企業	2
人成	2
為保	2
派。	2
45	2
鲁门	2
。民主	2
华	2
北	2
評	2
轉	2
準	2
杜魯	2
月	2
的國會	2
黨議	2
出現	2
連任	2
。不	2
必	2
會選	2
意料的	2
肯尼	2
迪在	2
國總統	2
舉，	2
，同	2
和國	2
關係	2
年1	2
拉斯	2
遇	2
莊遜	2
持者	2
了一	2
融	2
越戰	2
堅定	2
国	2
轉向	2
於民	2
例如	2
芝	2
有一	2
整個	2
，許多	2
票支	2
黨對	2
訂	2
te	2
g	2
侵蝕	2
地方	2
勢力	2
然在	2
首次	2
失去	2
票。	2
攻	2
新罕	2
乎	2
料	2
路	2
表大	2
名了	2
汉	2
弗莱	2
州的	2
堅	2
差	2
總統選	2
的每	2
擇	2
投給	2
始轉	2
都會	2
產生	2
09	2
0的	2
州參	2
撤	2
保障	2
壓倒性	2
水	2
件	2
醜	2
黨有	2
97	2
任後	2
文	2
的「	2
三	2
，使	2
被迫	2
選舉，	2
喬	2
弱	2
票，	2
普選	2
只	2
特的	2
源政	2
策的	2
紀錄	2
擔任	2
位，	2
的成	2
係	2
人權	2
在全	2
上都	2
貨膨	2
朗	2
52	2
天，	2
失	2
年入	2
阿富	2
44	2
僅	2
黨也	2
以民	2
（r	2
根	2
候選	2
統沃	2
举中	2
堅持	2
刑	2
，在	2
當時	2
統候	2
突，	2
爾·	2
減稅	2
畫。	2
絕	2
的減	2
預算	2
提案	2
會妥	2
，結	2
後，	2
的國	2
同意	2
為了	2
84	2
比尔	2
克林	2
州份	2
自從	2
年來	2
萊	2
y	2
須	2
ve	2
）則	2
復	2
。柯	2
然而	2
年代	2
利制	2
利支出	2
），	2
司	2
on	2
，柯	2
北美	2
黨不	2
了。	2
約	2
來第	2
1世紀	2
000	2
州州	2
黨候	2
選票	2
十	2
於選	2
票落	2
人票	2
判	2
七	2
落	2
敗，	2
差距	2
，20	2
加入	2
沒有	2
維持	2
地位	2
04	2
所有	2
員都	2
發動	2
上產	2
生分	2
國愛	2
由於	2
督	2
商	2
通過	2
斯利	2
戈	2
不會	2
·迪	2
约翰	2
逐	2
些民	2
安開	2
在20	2
布希	2
的前	2
拉克	2
效的	2
和選	2
增加	2
四	2
，民主	2
參議員	2
亞	2
會。	2
對於	2
克戰	2
造成	2
的原	2
因。	2
環境	2
，許	2
略	2
奪回	2
院的	2
黨更	2
這些	2
舉上	2
霍華	2
·迪安	2
方州	2
織	2
哈利	2
吉	2
州和	2
長。	2
夫	2
期中	2
取	2
各州	2
議會	2
的議	2
·佩	2
性的	2
用	2
持度	2
律	2
盛	2
工人	2
級	2
視為	2
举	2
韋	2
人约	2
·高	2
國第	2
希拉	2
卿	2
9年	2
險	2
受到	2
全面	2
。
20	2
总统	2
，希	2
普	2
比共	2
納	2
百多	2
工資	2
要議	2
會議	2
的倡	2
對政	2
源的	2
污染	2
保制	2
健	2
的健	2
現代	2
。1	2
個「	2
」。	2
歐巴馬	2
10	2
需	2
護	2
資源	2
嚴	2
法律	2
制。	2
歧，	2
育	2
放	2
取向	2
等。	2
lg	2
幾乎	2
同性	2
生育	2
籌	2
「安	2
合法	2
墮	2
藉	2
胎的	2
數量	2
案的	2
而無	2
府的	2
每	2
生命	2
強	2
的情	2
也有	2
oc	2
ts	2
在黨	2
力，	2
近	2
義的	2
時，	2
採	2
整體	2
論	2
犯	2
他不	2
雙方	2
是1	2
槍	2
械	2
民主黨人	2
對槍	2
械的	2
便是	2
區的	2
目前	2
派系	2
守派民	2
藍狗	2
al	2
和社	2
曾經	2
們反	2
cra	2
na	2
中選舉	2
出的	2
選出	2
籍	2
sa	2
持「	2
削	2
親商	2
符	2
人（	2
中間派	2
袖	2
委員	2
會（	2
ic	2
ou	2
dl	2
黨全	2
與dl	2
正式	2
席。	2
俄	2
n）	2
還是	2
括「	2
」和	2
柯	2
系。	2
該黨	2
相較	2
「進	2
補	2
於2	2
華裔	2
進步派	2
特州	2
迪安	2
民健	2
激進	2
初選	2
之一	2
gr	2
員。	2
貿易	2
活	2
pa	2
of	2
規	2
me	2
統提名	2
姆	2
am	2
突出	2
的勞	2
但它	2
選活	2
動。	2
調	2
依據	2
募	2
的代	2
職	2
選委	2
的委	2
「民	2
理論	2
脱。	1
奥尔	1
·帕	1
年贏得了	1
給了	1
奥多·	1
罗斯福	1
年布莱恩	1
經放	1
了銀	1
幣自	1
鑄	1
和反	1
帝	1
國主義	1
主流	1
的進步主	1
斯法	1
商業壟斷	1
趁著	1
裂，	1
在19	1
0年控制	1
且在	1
6年提	1
名改	1
知	1
識份子	1
伍	1
德罗·威	1
逊當	1
成功的使	1
通過一系	1
，包括了	1
托	1
斯法系	1
統化	1
的，	1
個人的	1
所得	1
對農	1
新政策	1
及對	1
時工時規	1
建了联	1
储	1
备系	1
的中	1
央	1
銀	1
行。	1
且透	1
院將	1
童工	1
非法	1
。頒	1
布禁	1
十八修	1
權的美國	1
十九	1
修	1
案都	1
是在他	1
過兩	1
個修正	1
斡旋	1
下的結	1
（共	1
佔多數	1
遜終	1
結了	1
稅、	1
貨幣	1
、和反	1
斯等	1
的爭	1
，這些	1
策支	1
配了之	1
40多	1
年。	1
領導	1
贏得了第	1
次世界大	1
战	1
了包	1
括成	1
盟在	1
凡	1
赛条约	1
。但	1
年威爾	1
遜的	1
勢和	1
健康	1
急劇	1
衰退	1
，政	1
治局	1
也開始	1
逆轉	1
黨重新控	1
國會兩	1
拒	1
絕加	1
凡爾	1
賽條	1
約以	1
的罷工	1
潮和	1
暴力	1
也產	1
了不小	1
的動	1
亂。	1
也因	1
為禁	1
分裂	1
為南北	1
峙。	1
歧	1
0年、	1
、和1	1
28	1
中都	1
性勝	1
利。不	1
，在此時	1
·史密斯	1
黨在東北	1
市區	1
域	1
固了	1
天	1
主教的	1
票源	1
大萧	1
条使	1
兰克林	1
德拉诺	1
罗斯	1
中獲得	1
的勝	1
戰中提出	1
套	1
模	1
糊	1
承諾將廢	1
除	1
肆批評	1
胡佛的	1
執	1
政失	1
。羅	1
到一	1
百	1
天內	1
了一連	1
龐	1
大的	1
畫：	1
政。	1
些計	1
畫注	1
於平緩	1
恢復	1
並改	1
革美	1
濟，	1
即解除	1
象和	1
農業	1
蕭條	1
將經	1
濟的	1
發展	1
復到	1
恐慌	1
的水	1
且對	1
制進	1
行改	1
革以	1
避免	1
後蕭	1
重現	1
及各	1
都取	1
得了	1
更進一步	1
了多	1
派地位	1
33	1
一連	1
歷史	1
家稱為「	1
波新	1
政」，第	1
一波	1
政基	1
本	1
上代	1
了當時大	1
普遍輿	1
論；	1
斯福試著	1
將新	1
深	1
入推	1
至	1
勞工	1
、農民	1
和消	1
者、	1
都市	1
村。	1
而，到	1
福的	1
策越	1
越具	1
議性	1
羅斯福	1
著將	1
持根	1
從商	1
業界轉往	1
農	1
和勞工	1
在根本	1
是一	1
因應經	1
濟艱	1
時期而	1
和制	1
度。	1
這個	1
個古	1
老	1
名詞在	1
被徹	1
底改	1
變了	1
涵	1
義，	1
持新	1
場，	1
這兩	1
的古	1
典涵	1
則被	1
貼	1
了「	1
和「保守	1
義」	1
的標	1
籤。	1
所激	1
怒，	1
史密	1
的領導	1
於1	1
試圖反	1
但為時	1
晚。	1
控制國	1
絕對	1
數後	1
羅斯福繼	1
展開	1
波新政」	1
計畫。這	1
波	1
增強了工	1
、將	1
國有	1
擴張	1
制（	1
是交	1
業）、	1
提升對商	1
業利	1
潤	1
課稅	1
些政	1
策替	1
黨建	1
了一個	1
新的	1
由不	1
結構	1
，稱	1
「新	1
工會、	1
群（	1
最值	1
注	1
意的	1
：天	1
主教	1
徒	1
、猶	1
太人	1
—黑	1
和1	1
兩次	1
外，新政	1
盟稱霸	1
政界	1
數十	1
直到	1
1968	1
止。
在	1
宣布	1
將擴	1
高法	1
院，這卻	1
畫產生了	1
衝	1
突。	1
次激烈	1
內爆	1
斯福的副	1
·南	1
加纳	1
起頭	1
對他	1
的共	1
黨和保	1
黨人組	1
同盟，	1
一起	1
封	1
來任	1
乎所	1
有的	1
提案。	1
於受到	1
黨內保	1
威脅	1
福試	1
展開清	1
黨，但	1
仍未	1
這段	1
期開	1
始，	1
使「自	1
一詞在	1
的定	1
義轉	1
表支	1
、工	1
商業的管	1
些新	1
對者	1
即那	1
重視	1
影響、支	1
精	1
神和	1
稅賦	1
小政	1
年4	1
日任	1
內去	1
世，	1
哈	1
部的衝	1
開始浮現	1
亨	1
利·	1
a·	1
莱士	1
譴	1
個戰	1
爭販	1
，批評	1
他推	1
的杜	1
歇尔计	1
划、	1
，华	1
莱士的	1
者以	1
的極	1
翼最	1
遭到驅	1
逐，	1
合會	1
6－	1
青壯	1
派反	1
共份	1
子如	1
休	1
伯	1
汉弗	1
莱	1
等人	1
排擠	1
。而共	1
也大力批	1
杜魯門的	1
，扭	1
年以	1
來的	1
少數派	1
位。	1
民主黨領	1
也都	1
備要	1
顛覆	1
們卻沒有	1
代的	1
班人	1
。杜	1
也做	1
出反擊	1
，他大	1
膽	1
在7	1
時召	1
集由共	1
，送	1
一堆他	1
會對共	1
員造	1
麻煩	1
審	1
果不其	1
然，	1
會陷	1
入僵	1
局	1
且毫	1
無進	1
展，杜	1
趁機	1
評他	1
們「	1
毫	1
無用	1
處」。接	1
194	1
了大	1
逆	1
轉的結	1
果，	1
托马	1
·杜威而	1
，同時民	1
也重	1
新奪	1
回了	1
，杜	1
門的許	1
多政	1
策，例	1
全民	1
健制	1
然遭	1
到國會	1
的封	1
95	1
年，德	1
怀	1
艾森	1
豪	1
威尔	1
將軍	1
了伊	1
諾州	1
阿德	1
萊·史	1
蒂	1
文森	1
共和黨重	1
宮	1
。四年之後	1
，艾	1
森豪	1
蒂文	1
雖然掌	1
握多	1
在政	1
上被	1
這位	1
爭英雄	1
的陰	1
影所	1
籠	1
罩	1
須向	1
豪妥協	1
58	1
，由	1
於勞	1
得當	1
裡得	1
到出	1
表現	1
參議員约	1
以極	1
弱差	1
距擊敗副	1
統理	1
·尼克	1
松。	1
然肯尼	1
僅執政了	1
千天	1
左右	1
仍於	1
古巴	1
猪湾入	1
侵，	1
圖阻止	1
柏	1
林圍	1
牆的建	1
也派	1
遣	1
0名	1
兵	1
前往	1
南越	1
擔	1
任越	1
軍的	1
軍事顧問	1
並組	1
事援	1
越南司令部	1
他也	1
升溫	1
了美	1
之間	1
的太	1
空競賽	1
人在	1
69	1
年登	1
上月	1
球。	1
在古	1
巴导弹	1
机	1
緩和	1
兩國	1
緊繃	1
尼迪	1
也推展民	1
和種	1
族融	1
22	1
於達	1
刺身亡	1
。副	1
統林	1
登·	1
翰逊	1
繼任	1
第36	1
美國總統	1
是新	1
堅定支	1
垮了國	1
且通	1
連串	1
偉大	1
會」	1
案。莊	1
遜也成	1
的通	1
要的1	1
權法	1
，開	1
部的	1
種族	1
合。	1
升級	1
使得民主	1
對此	1
始產	1
衝突	1
失利	1
從內戰	1
的非	1
裔美	1
人在19	1
代開	1
始逐	1
黨，	1
是因	1
推行的	1
的濟	1
貧	1
措	1
施、福利	1
及第	1
一夫	1
人埃	1
莉诺·	1
罗	1
斯福對	1
權的支	1
市，	1
加哥	1
，經	1
原本	1
隸	1
部瞬	1
間轉	1
過在1	1
60	1
年代後	1
，新	1
政聯	1
盟開	1
始瓦	1
解，	1
由於越	1
越多	1
黨領導	1
人表態	1
運動，使	1
得民	1
傳統	1
白人	1
源以	1
及在北	1
都市天	1
主教徒	1
度開	1
始崩解。	1
門於1	1
48	1
表態	1
民權以及	1
廢除	1
族隔	1
離法	1
方民主黨	1
便改投	1
持決	1
定獨	1
的迪	1
克斯	1
南卡羅來	1
納州	1
斯特	1
罗姆	1
·瑟蒙	1
權議	1
題的	1
在林	1
登·约	1
逊總統於1	1
64	1
簽	1
達到高	1
潮，	1
他對	1
此發	1
演講	1
我	1
們（	1
）已經失	1
長達	1
世代	1
。」	1
在前	1
·尼	1
森的領	1
則開	1
始實	1
行他	1
們的	1
戰略	1
ut	1
ern	1
tra	1
y），	1
抵抗	1
為目	1
，同時訴諸於南方	1
人的支持，並從民	1
期控	1
擴展	1
國大	1
勝，但	1
個深	1
蓝州	1
分，	1
五個州分	1
去是	1
鐵	1
，對	1
乃至	1
艱	1
的一	1
越共	1
一月發	1
勢雖然在	1
術	1
上失	1
敗了，	1
帶給	1
輿論	1
極大	1
打擊	1
尤金	1
·麥	1
錫以	1
反戰	1
為訴	1
在大	1
校園	1
布夏	1
預選。	1
有意	1
尋	1
求連	1
任的	1
林登	1
·约	1
逊	1
在3月31	1
放棄	1
接著	1
總統甘迺	1
迪的	1
弟	1
弟羅	1
伯·	1
佈	1
選。	1
在他	1
中一	1
進展	1
順遂	1
，卻	1
洛杉	1
磯突然	1
刺身	1
亡	1
時民主	1
黨代	1
會場	1
是激	1
烈	1
的學	1
生反	1
戰示	1
加哥警	1
察的	1
隔離	1
及鎮	1
下，	1
大會最	1
後提	1
休伯	1
，來	1
尼蘇達	1
政支	1
同時阿	1
黨州	1
喬治	1
·華萊士決	1
獨	1
，最	1
後選	1
三邊	1
賽。	1
共和黨的理	1
德·尼	1
克松	1
距獲	1
勝，	1
但民	1
黨仍	1
然繼	1
續掌	1
舉標	1
誌	1
了南	1
方在	1
上的轉	1
捩點	1
，除	1
了德	1
州外	1
方州都選	1
或脫	1
的華	1
萊士	1
此民主	1
票基	1
礎	1
往東	1
西岸	1
與該黨	1
傳統歷	1
戲	1
劇	1
顛	1
倒。	1
此後有	1
黑人	1
主黨候	1
72	1
提名了南	1
科他	1
喬治·	1
麥高文	1
麥高文以	1
鮮明	1
戰立	1
號召，	1
越	1
軍，並	1
有美國	1
低收入	1
高文	1
圖對	1
抗尼	1
森的	1
策，	1
他搭	1
檔	1
夥伴	1
所拖	1
累，	1
在證	1
實了	1
伊格	1
患有憂	1
鬱症	1
且還	1
曾接受	1
電	1
痙攣	1
緊急	1
換候	1
人，	1
經毀	1
損	1
文的	1
公共形	1
象	1
後大	1
便成	1
，麥	1
高文僅	1
了马	1
萨诸	1
塞	1
州。不	1
多數州	1
院保持	1
地位。	1
其後	1
门	1
很快	1
摧毀了	1
任期，	1
了極	1
希望	1
杰拉	1
德·福特	1
統於	1
年8月	1
日繼	1
久	1
便無條	1
件赦	1
免了	1
以對	1
此大作	1
章，猛烈	1
腐	1
敗」	1
在接	1
來幾年	1
舉裡大	1
為得	1
福特	1
場後	1
次期中	1
的參	1
二多	1
褔特	1
盡	1
用否決	1
76年	1
州長吉米	1
·卡	1
黑	1
之姿	1
優勢當選	1
他只	1
240票	1
得選	1
以2個百	1
比領	1
先，	1
为	1
后	1
一个赢	1
所有南	1
党	1
確立	1
及鞏	1
機構	1
建了	1
門—	1
部和	1
育部	1
。卡	1
特試	1
對運	1
、航	1
空、	1
、金	1
、通	1
及石	1
油等	1
產業	1
除管	1
因此拋	1
了長	1
期以	1
於經	1
他鞏	1
了社	1
會福	1
且指	1
了破	1
量的婦女	1
和少	1
數族	1
群人	1
重要	1
府部	1
及法官職	1
也頒	1
布了	1
多環境	1
保護	1
案。	1
事務	1
上，	1
了調	1
贖罪	1
日戰	1
衛營	1
約、	1
巴拿	1
马运	1
河条	1
與中	1
民共	1
国建	1
立正	1
過臺	1
灣	1
，同時	1
與蘇	1
聯進	1
战略	1
武	1
器限	1
制谈	1
判。除	1
此之	1
任內	1
相當	1
強調	1
人权	1
交政	1
主軸	1
，卡	1
交包括向	1
些反	1
實行	1
獨裁	1
統治	1
共國	1
家施	1
壓，	1
迫使	1
些國	1
釋放	1
分政	1
治犯	1
管這	1
努力	1
健保	1
或稅	1
賦	1
，而	1
這些卻	1
他競	1
所承	1
諾	1
的。	1
脹也	1
急	1
遽	1
攀	1
升。	1
超過	1
的伊	1
人质	1
机（	1
4日	1
－198	1
月2	1
）使	1
名美	1
為人	1
質被	1
拘	1
禁了44	1
交和軍事	1
段	1
救	1
援也	1
敗了	1
。蘇	1
汗	1
也使美	1
眾越	1
感	1
無能	1
和脆	1
弱，	1
杯	1
葛莫	1
科奧運。	1
80年	1
以通	1
名大	1
連任，	1
但最	1
11月被	1
的罗	1
纳德	1
根壓	1
，雷根	1
囊	1
倒	1
得6州	1
失去了	1
，這	1
從19	1
54	1
回參	1
議院控	1
議院仍	1
為絕	1
對多	1
數。
促	1
當選的	1
原因	1
，還	1
當時許	1
人也開	1
持保守	1
的政策。	1
ag	1
s）的	1
民在	1
前後	1
主黨員	1
大多數是白人	1
人階級和農民，原是	1
本盤	1
的社	1
和他	1
的強硬	1
政策所吸	1
引	1
。到	1
84年	1
选举	1
人—	1
蒙代	1
仍是	1
堅定支持	1
者	1
總統囊	1
9個州	1
倒性勝	1
得其	1
家鄉	1
份）	1
的选	1
萨	1
诸	1
塞州的	1
基思	1
拋棄	1
色	1
彩	1
，改以公	1
政專	1
形象	1
廢	1
除死	1
高罪	1
案率	1
根本	1
歡	1
迎	1
，此	1
後的	1
均支	1
持死	1
）仍	1
遭	1
乔治	1
·沃	1
·布什	1
勝利擊	1
敗。	1
會依	1
持多	1
數派，	1
儘管	1
黨曾	1
987	1
年間	1
院。民	1
黨經	1
常在	1
產生衝	1
他們反對	1
根資助尼	1
加拉	1
瓜的	1
反政府	1
游	1
擊隊康	1
特拉	1
翻反	1
美親	1
丹尼	1
奧爾	1
加左	1
派社	1
會主	1
義政	1
府。不少	1
人所得	1
，他們亦	1
根對	1
軍事預	1
算的增	1
裁撤扣減社	1
利計	1
議的	1
與增	1
加國	1
防預	1
算案，但	1
卻拒	1
了其他	1
正是和	1
果導	1
致雷根	1
邦的	1
算赤	1
字	1
債飛	1
漲到	1
所未	1
的紀錄	1
。老	1
希成	1
為總	1
正因	1
為與	1
稅，而違	1
承諾	1
挽	1
續三	1
舉的	1
（1	1
0、	1
、1	1
8）	1
些保	1
試著	1
間溫和派	1
立場。在	1
留了原自	1
者的同	1
時，也	1
吸	1
引了	1
各種議	1
抱持	1
溫和或	1
守觀	1
選民	1
，從	1
時開	1
混雜	1
多元	1
觀點	1
執政	1
經過	1
整整	1
92年	1
肯色州	1
顿成功	1
當選	1
頓和	1
樣	1
，都是來	1
方的州	1
份，使他	1
也能	1
。克	1
衡	1
且繼	1
續維	1
持當	1
繁	1
榮	1
的美	1
。在1	1
4年，	1
國經	1
濟達	1
到了	1
脹率	1
25	1
的紀	1
錄。	1
任後，推	1
允	1
許同	1
性戀	1
參軍	1
不問，	1
說政策，	1
且簽	1
下了	1
ad	1
bil	1
l）	1
槍販	1
賣必	1
一律	1
等候	1
被保	1
評；	1
也立法禁止	1
許多形式	1
半	1
自動	1
射擊	1
的買	1
賣（	1
到2	1
終止）	1
庭	1
與醫	1
療假	1
》（	1
mi	1
ly	1
dica	1
ac	1
涵蓋	1
了四	1
的美國人口，	1
供勞工	1
2週的停薪留職	1
假	1
期以照顧小	1
孩	1
或病患	1
了海	1
主制	1
且積	1
極斡	1
旋	1
色列	1
和巴	1
勒斯	1
坦	1
導奧	1
陸	1
協議	1
成了	1
爱尔	1
兰史	1
次停	1
火，	1
另外也	1
促	1
成《達頓	1
議》	1
，終結	1
了在	1
南斯	1
拉夫	1
近四年的	1
和屠殺	1
頓在	1
次當	1
任，	1
為繼	1
兰	1
克林·德	1
拉诺	1
·罗	1
福以	1
功連任	1
屆的民主	1
在199	1
黨革	1
命效	1
應下	1
黨失去	1
了他	1
院長達	1
0年的多	1
派地	1
自19	1
30	1
以來，	1
了兩	1
國會提出	1
的福	1
度改	1
要涉及	1
削減	1
996	1
年接	1
了第	1
三次	1
體制	1
的《	1
私人	1
證券訴訟	1
（p	1
riva	1
ecu	1
it	1
ef	1
act）則在	1
行使否決權下也通過了	1
而自1960年代以來	1
逐漸失去影響	1
的工會	1
則發	1
自身對	1
響力也逐	1
漸衰	1
退；	1
管工	1
強烈反	1
依然	1
3年	1
與加拿	1
大和	1
墨	1
西哥簽	1
了《	1
由贸	1
易协	1
议	1
》，	1
4年1	1
生效。	1
主黨逐	1
轉向中	1
間，	1
派或	1
黨人開始	1
顯	1
內取得	1
的領	1
導地	1
和影	1
響力。	1
些自由	1
和進步	1
則感	1
覺他	1
們被	1
孤立	1
了，	1
並認	1
再關	1
一般人	1
與左	1
翼的	1
身的性	1
醜聞	1
定程	1
度上影	1
響民	1
的聲	1
譽，	1
水門	1
件及	1
斯基	1
聞等政	1
治醜	1
頓窮	1
追	1
猛打	1
，使克	1
頓成	1
68	1
二位	1
彈劾的	1
統，但	1
最終	1
年总	1
统选	1
統艾	1
·高爾	1
為候	1
。高	1
爾與	1
共和黨對	1
—德	1
乔	1
治·沃	1
什在許	1
有不	1
同政見	1
很早	1
便取得	1
但戈	1
尔與	1
緊	1
密	1
招	1
致批	1
評，	1
上其	1
偏向	1
李伯	1
曼	1
作為副	1
，包	1
綠	1
人拉	1
尔夫	1
纳	1
德在	1
，宣	1
稱戈尔	1
沒	1
差別	1
。戈尔	1
比布希	1
舉人	1
，在佛	1
羅里	1
州僅	1
53	1
希得	1
全取	1
過一	1
月的訴訟及	1
法院的	1
決，	1
66	1
。納	1
佛	1
州取	1
得九	1
後來許多	1
批評	1
纳德的	1
搶	1
票效應	1
成戈	1
管戈	1
尔失	1
在參	1
中奪回	1
5個	1
本與	1
5－	1
5的	1
拉至	1
0－5	1
的平手	1
狀	1
態（	1
保有	1
票否	1
決權	1
名自	1
派共	1
退黨	1
黨團，	1
黨重	1
新控制	1
院。不過	1
太	1
久，共	1
和黨再	1
次於	1
2年和	1
4年於	1
院取	1
得多數	1
黨一度	1
只剩	1
44席，	1
1920	1
以來的	1
九	1
一一袭击	1
件之後	1
，美	1
國的政	1
治焦	1
向國防安	1
全的	1
除了	1
1個	1
對票	1
選擇	1
授權	1
富汗	1
參議院	1
主黨領	1
人皆支	1
持《	1
国爱	1
国者	1
》的簽署	1
及2	1
003	1
入侵伊	1
克。2	1
03年	1
否入	1
侵伊	1
克的	1
歧，即使	1
數民	1
票支持伊	1
克戰爭	1
逐漸表	1
示	1
於反	1
恐戰	1
的進	1
展和	1
正當性	1
擔憂	1
，也	1
批評一	1
些由	1
國法所	1
衍	1
國內	1
權和	1
民自	1
安然	1
他公	1
司的	1
融詐	1
騙醜	1
推展	1
項改	1
革監	1
業會	1
計事	1
的法	1
望以	1
此避	1
免進	1
步的	1
詐	1
騙產	1
。這使	1
聯手	1
了萨	1
班	1
斯奥	1
主黨也	1
持一	1
些經	1
甦的	1
備工	1
早在	1
002	1
底便	1
已開	1
始進	1
行，	1
尔宣布他	1
再尋	1
求提	1
。霍	1
安以反戰	1
的姿	1
態	1
加了	1
初選。	1
马萨	1
诸塞	1
被認	1
比迪	1
安還	1
「有資	1
美國產	1
判，	1
國勞	1
漸增	1
人如	1
始改	1
變他	1
們對	1
貿	1
的立	1
場。	1
政府遲	1
遲	1
在伊	1
找	1
到大	1
规模	1
杀伤	1
武器	1
的證	1
、美	1
死傷增加	1
反恐	1
景不	1
，都成	1
為選	1
舉的熱	1
一年	1
黨強	1
調對	1
業率	1
緩	1
和、	1
決伊	1
、並	1
且更	1
對抗	1
怖	1
選舉中	1
，克	1
人團	1
上都輸	1
掉了	1
了足	1
足	1
三百	1
萬票。共	1
席、	1
。這	1
統失	1
在路	1
州、	1
布夏州、	1
和蒙	1
大拿州	1
得州長	1
輸掉	1
了密	1
里州、	1
及民主黨長	1
南方重鎮喬	1
州全	1
面由	1
包括州長	1
州議	1
後許	1
多分	1
析家認為	1
里的	1
略相	1
差勁。	1
快	1
艇老	1
兵尋	1
真	1
相事	1
性婚	1
姻	1
等處	1
置	1
失當	1
的矛	1
盾態	1
都是	1
他失	1
因還	1
穩定	1
的就	1
業市場	1
、股	1
市場	1
繁榮	1
的經	1
選之	1
思	1
考改	1
變政	1
的走	1
向，	1
多不	1
同的	1
被提出。	1
人建議	1
該將	1
政黨	1
朝向	1
更中	1
和右	1
傾	1
的路	1
線，	1
次和	1
8年的	1
舉；	1
則主	1
張將	1
傾以	1
為更	1
黨。	1
論也反映	1
勝出	1
，迪	1
散民主黨	1
中央體	1
並支持	1
的黨	1
，即	1
份	1
亦然	1
院挑	1
·里	1
作為領	1
導人。	1
里德	1
凝	1
聚民	1
在一些議	1
的立場	1
他也阻	1
止了	1
度的民	1
營	1
年，民	1
黨保	1
住了	1
在維	1
澤西州	1
卻	1
繼續在一	1
向	1
重鎮	1
纽约	1
長選舉中	1
，不少民	1
黨選	1
持自由	1
市長	1
米	1
高·彭	1
博，	1
彭	1
博原	1
01年	1
以共	1
人身	1
份參	1
市長。	1
莫	1
關的	1
遊	1
說案醜	1
爆	1
發後，民	1
把握機	1
以此	1
年的競	1
肆	1
炒	1
作。	1
統在	1
颶風	1
里娜中	1
的救	1
災進	1
度遲	1
緩也	1
成為議題	1
。公	1
眾對	1
看法對共	1
有負	1
響，	1
也認	1
使政府	1
開支	1
超	1
出了	1
制，這	1
都使	1
希總	1
認可	1
度持	1
續下降	1
06	1
於眾	1
數派地位	1
也在	1
掌	1
控優勢	1
這是12	1
來民	1
眾議院	1
勝利主	1
要是	1
間選	1
民改	1
的保守	1
候選人	1
舉上也	1
所進	1
展，在	1
席也	1
所增加	1
不單使	1
得民主	1
提名的	1
利福	1
尼亞	1
的蘭	1
，成	1
為第	1
名女	1
國眾	1
還利	1
人數的優勢	1
案在	1
闖	1
關成	1
功。	1
進入	1
高的	1
帶已轉	1
東北	1
、五大	1
湖區	1
域，	1
太平	1
洋海	1
岸包	1
利福尼	1
華盛	1
夏	1
威夷州	1
要的	1
大城市	1
及工	1
業重	1
鎮也有較高	1
度，包	1
纽约、洛	1
杉矶	1
芝加	1
哥	1
、費城	1
波士	1
底特	1
、旧	1
金山	1
、達	1
都華	1
頓特	1
，現時	1
部分民	1
者為大	1
城	1
市的知	1
識	1
精英、	1
科學者	1
富人	1
階層	1
。19	1
90	1
代前	1
在美國	1
尚	1
存	1
優	1
勢－	1
即之	1
前參	1
盟國	1
脫	1
離	1
份，	1
這些南方	1
不少白	1
藍領	1
階	1
，原	1
的鐵	1
時轉	1
而成	1
優勢	1
希拉里·	1
06年	1
任參	1
後，很早	1
是2	1
008	1
总	1
选	1
總統候選	1
，她	1
于20	1
0日	1
布参选。	1
他參	1
選的	1
人還	1
拉华州	1
員喬·	1
康乃狄克	1
員克	1
斯多	1
德、	1
前阿	1
邁	1
·格拉	1
爱	1
荷	1
华州州長湯	1
姆·威	1
爾薩	1
的伊利诺州	1
贝	1
·奥	1
其他可能	1
選包	1
了之	1
前的	1
、艾爾	1
色州	1
退役	1
軍韋	1
克拉	1
終經	1
過初選	1
，巴	1
距擊	1
敗希拉里	1
黨的總	1
，喬	1
則是	1
當選為	1
後奧	1
·克林顿	1
任國	1
歐	1
動醫	1
必須	1
購買醫	1
則將需要	1
繳	1
納罰	1
3月	1
過。	1
一直	1
及抵	1
国中期	1
黨失	1
權，失	1
63	1
席，	1
保持	1
議院的控	1
年美国	1
选举，	1
巴馬成	1
，其	1
及前2	1
04年	1
黨總統候	1
卿，	1
接替	1
拉里	1
林顿。	1
黨保持對	1
議院的	1
总统选	1
首位	1
性總統	1
選人，	1
希拉里在	1
唐	1
川	1
萬票，	1
但掌	1
握的	1
人票較	1
而落	1
美国中	1
取得	1
制權	1
為少	1
舉，前	1
任副	1
總統乔	1
拜登獲	1
名成為	1
黨總統	1
人，其後	1
名參	1
賀錦	1
麗	1
為副	1
手人選	1
票比	1
黨的唐	1
納·	1
川普多	1
萬票	1
并獲得	1
6任總	1
东	1
时	1
间2	1
20日，	1
拜登	1
誓就	1
职美国	1
喬·	1
登於	1
8歲	1
，是美國	1
歷	1
初次	1
齡最	1
長的	1
並增	1
爾街	1
大企	1
協助	1
薪階級	1
低工	1
資是	1
程之	1
，亦	1
是该党	1
内部爭	1
较少	1
題之	1
一。	1
多在	1
發起的	1
持，	1
六	1
議都	1
石油	1
石油產	1
稅，	1
策。	1
黨州長	1
也注	1
重這	1
蒙大	1
拿	1
長便	1
風力	1
農場	1
和「	1
煤燃料	1
可负	1
担且	1
高品	1
質	1
人要	1
域進	1
更多政	1
府干	1
預。	1
以此解	1
保健	1
的高	1
成本	1
風險	1
51	1
年，總	1
·s·	1
曾提	1
一套	1
不了	1
之。近年	1
来	1
泰	1
德·	1
迪便	1
呼	1
籲要	1
照顧	1
所有人的	1
療保	1
009	1
後推動	1
療改	1
，2	1
年3	1
月獲	1
法案要求	1
有美	1
公民	1
都必	1
須購	1
買醫	1
保險，否	1
繳納一	1
筆	1
罰款	1
。法	1
案一	1
抵制	1
日，	1
票支持	1
9票	1
對的	1
票結果，	1
馬醫	1
案內的	1
文廢除	1
但被奧	1
馬否	1
。
環	1
持環	1
境	1
留以	1
環	1
抗污	1
染	1
持保	1
留瀕	1
危的	1
和環	1
境區	1
，提	1
倡	1
對土	1
地的	1
管理	1
支持針	1
對全	1
球暖	1
強對	1
温	1
室气	1
体	1
嚴格	1
提倡	1
用可再	1
過去民	1
的環	1
境保	1
於不	1
少能	1
源	1
煤礦	1
等均	1
黨的支	1
者。	1
校教	1
都支	1
府維	1
立學校	1
育體	1
且應	1
該開	1
給所有	1
適齡學	1
，或至少	1
對學	1
生如	1
獎	1
學金或學	1
費减	1
免的	1
补	1
助。	1
障名	1
額	1
民應	1
機會均	1
，無	1
論他	1
的性	1
年齡	1
、種	1
、性	1
性別認	1
同、	1
宗教	1
、身	1
心障	1
礙、	1
或原	1
國籍	1
非美	1
國本	1
土	1
出身	1
、包	1
移	1
民）	1
因此	1
人支	1
持實	1
权法	1
給予	1
弱勢	1
名額	1
此改	1
善在僱	1
傭上的	1
也支	1
持設	1
禁止	1
雇主	1
身體	1
或精	1
神殘	1
障為	1
拒絕	1
雇用	1
某	1
t權益	1
t權	1
，現	1
時超	1
過7	1
律的同性	1
但亦	1
有一些	1
則由	1
於宗教理	1
由或	1
德立	1
場而	1
性婚姻	1
不過	1
有民	1
，基	1
的歧	1
視是	1
錯	1
誤的	1
年5	1
月9	1
，奧	1
首位公	1
持同	1
法化	1
在任	1
克林頓卸	1
達支	1
持）	1
後民	1
委員會	1
把	1
綱	1
。
生殖	1
信所	1
有婦女	1
都應	1
該有取	1
道，並	1
持政	1
貧窮	1
備避孕	1
工具	1
和2	1
政見	1
堕胎	1
變的	1
全、	1
而少見	1
，反對政	1
干	1
涉女性選	1
胎權	1
國合	1
計劃	1
和廣	1
泛性	1
教育	1
鼓勵收	1
養	1
小孩	1
持1	1
73年美	1
法院認	1
羅訴	1
決議	1
。基	1
隐	1
私权、	1
女性	1
主義、身	1
自主	1
權等原因	1
有生	1
權，	1
干涉	1
都有	1
權利依	1
自己	1
良心	1
判斷墮	1
是否	1
人認	1
替貧	1
窮婦	1
籌備	1
和管	1
道，	1
並主	1
張婦	1
女在	1
到威	1
脅、受	1
姦後	1
懷孕	1
況	1
亦可	1
有自	1
由選	1
擇墮	1
的權	1
過民	1
聲音	1
pr	1
些團	1
體如	1
fo	1
fe	1
女只有在生命受	1
脅、	1
受強	1
姦	1
後懷孕的情況才可墮	1
。一些	1
認為應該	1
少墮	1
發生	1
會、	1
至少	1
得合	1
。參	1
顿在	1
年初	1
曾說	1
她認	1
胎人	1
該尋	1
找一	1
個爭	1
的「共	1
避	1
免	1
要的懷孕	1
和墮	1
特別是	1
分。	1
正是	1
人於1	1
976	1
案，禁	1
止	1
向婦	1
付	1
用。	1
幹細胞	1
研	1
究	1
持幹	1
細胞	1
研究	1
里還	1
持在	1
「最	1
嚴厲	1
的倫	1
尺	1
下」	1
由聯	1
政府籌	1
導幹	1
細	1
胞研	1
究。	1
解釋	1
「我	1
何可	1
拯救	1
人類	1
受苦	1
交議	1
和眾	1
毫無	1
異議	1
授	1
汗的	1
行动以對	1
抗	1
些「應	1
美国最	1
遭受的	1
怖攻	1
擊負	1
責的	1
北约主	1
行动	1
在是	1
否授	1
權入	1
院的民主	1
員選擇	1
投下反	1
从那	1
以后	1
表示	1
悔支持	1
了授權	1
侵，如	1
員约	1
爱德华	1
兹	1
這場	1
侵是	1
一個錯	1
誤	1
了民	1
意代	1
表外	1
許多對	1
戰爭突	1
評者	1
對單	1
邊主	1
，認為	1
使美	1
國遭	1
國防安	1
全上	1
的威	1
脅	1
應該在	1
情況	1
們認	1
為美	1
國應	1
舞	1
台	1
上擁	1
穩固	1
盟和	1
廣泛	1
際支	1
時才	1
取行	1
動，	1
在约	1
戰的	1
題，	1
譴責	1
單邊	1
國於	1
伊拉克失	1
來說	1
傾向	1
国际	1
关系	1
論裡	1
的自	1
主義和	1
新自	1
非現	1
實主	1
，雖	1
現實主	1
義理	1
也對	1
力。
法	1
題
民主	1
美軍以刑	1
讯	1
逼供	1
方式審訊	1
逮捕	1
的囚	1
犯，並	1
將軍事	1
囚	1
歸類	1
法戰鬥	1
人員	1
aw	1
fu	1
ba	1
t）	1
也該	1
享	1
日内	1
瓦公	1
约賦	1
予	1
權利。民主黨認為	1
逼	1
供是違反人道的，並	1
減少	1
際上	1
的道德	1
正當	1
性，	1
且也	1
產生其	1
良影	1
除了來	1
威斯康	1
辛州	1
的拉	1
·费	1
恩	1
尔德	1
初的	1
《美	1
國愛國者法	1
輿	1
論開	1
對於「	1
隱	1
私的侵	1
及公	1
限	1
制後	1
年是	1
否延	1
續法	1
歧。	1
黨參	1
員依	1
擇延續	1
案，不過	1
。
民	1
主黨主	1
張個人	1
有隱	1
私的	1
通常會	1
支持那	1
限制美	1
執法	1
和情	1
報	1
單	1
監視美	1
國公	1
則支	1
持消	1
者保	1
護法	1
，限	1
制商	1
業公	1
能取	1
得的	1
消費	1
者個	1
人資	1
為政	1
府不該	1
人之	1
間的	1
）經	1
意的、	1
包含	1
交	1
易在內	1
的性行	1
，認	1
為那	1
是個	1
人隱	1
私	1
的事	1
務。	1
在不	1
違	1
第二	1
修正	1
況下	1
出枪械	1
控制法	1
案、	1
布萊迪	1
dy	1
ll）	1
、199	1
的犯	1
罪控	1
制法	1
。不過許	1
，尤	1
是來自農村	1
南部和西	1
年總	1
的失	1
為在這	1
農村	1
，全國	1
槍協會一	1
任何	1
。因	1
黨提	1
見上	1
唯一	1
指名	1
，只	1
要求	1
1994	1
擊武	1
器	1
令的延	1
期。	1
內也	1
保守派存	1
，大	1
多是	1
西部	1
部州	1
主黨一	1
黨內的	1
要力	1
量，在	1
0年代	1
以前	1
，保守	1
直是	1
制衡自	1
由派民	1
主黨的	1
並與	1
形	1
成保守派	1
（c	1
nse	1
rva	1
tiv	1
lit	1
。從	1
198	1
代開始	1
，隨	1
共和黨逐漸控制美國中南部	1
區，這些保守派民主	1
於選舉失	1
力減少	1
，在聯邦	1
裡，他	1
們組成	1
（b	1
lue	1
g co	1
io	1
n）的	1
合經	1
主黨人；	1
們大多	1
自美國南部地區，通	1
人更	1
和共	1
妥協	1
在部分	1
上甚	1
至比	1
共和黨人	1
們在過	1
成團結	1
的投	1
盟，	1
並曾	1
擁	1
有超	1
四十	1
聯邦眾	1
員實	1
度有	1
力左	1
右國	1
會立	1
法結	1
，與	1
票，也	1
實	1
行嚴	1
的槍	1
械管	1
或進	1
嘲	1
諷	1
藍狗聯	1
等民主	1
名無	1
實的	1
人」	1
e o	1
nly	1
o），認	1
他們在	1
題上與共和黨無分	1
。部	1
保守派民	1
黨人後來	1
轉投共和	1
國期	1
舉被視	1
為共和	1
希總統	1
第二任	1
考	1
役中藍	1
狗	1
主黨人在	1
會增	1
添了	1
幾個	1
。
近	1
，反墮胎	1
團體和	1
的趨勢	1
中有	1
自他	1
地州	1
主要是	1
中南	1
州分）	1
民意	1
最大	1
胎團體	1
「d	1
for	1
而其	1
受保守	1
人關	1
心的	1
包括：人民擁有槍枝	1
權利、	1
對以公帑	1
女墮	1
以及對	1
企業主	1
低稅	1
策等	1
期選	1
，共	1
院選	1
舉大	1
全勝	1
和南	1
守派民主	1
人紛	1
紛中	1
箭落	1
（因為	1
民結	1
構本來	1
就傾	1
向保守，	1
又	1
對在野	1
的共和	1
有利	1
」成	1
員銳	1
一半	1
、力	1
量	1
削弱	1
易斯	1
那州	1
瑪麗	1
·蘭	1
德魯	1
ar	1
and	1
rie	1
u）以及	1
自加	1
州保守的橙	1
縣	1
、原屬	1
丁	1
裔聯邦眾	1
員桑切茲（lor	1
tt	1
z）	1
其妹l	1
da	1
nch	1
ez	1
加州洛杉磯縣選	1
之現任聯邦眾議	1
da為左傾	1
主黨人）。
温	1
然中	1
人在各	1
題上立場有	1
不同	1
，但他	1
混	1
合式」	1
治觀	1
點。	1
其他派	1
較，	1
支持使用	1
硬的	1
「軍	1
事行	1
仍對	1
役立	1
高度	1
分歧	1
派也	1
更願	1
減福	1
、支	1
革社	1
障	1
ci	1
ur	1
ty	1
及較	1
（財	1
政保	1
）。中間派主	1
他們的立場與大多	1
眾相	1
於他	1
們比	1
更樂	1
意支	1
並接	1
大型企	1
援	1
助，	1
）將	1
新民	1
譏笑	1
的清	1
淡版	1
pub	1
為他們	1
太大區	1
最具影響力的派系之一	1
是民主黨	1
emo	1
ead	1
shi	1
nc	1
il	1
c），	1
個組織支持民主黨的中	1
派立場。組織成員通常	1
將自身稱為「新	1
年前副	1
代爾	1
在對	1
抗共	1
選中慘	1
主黨人成	1
立了	1
「民主	1
望	1
宮。	1
dlc	1
力支	1
統比爾	1
·柯	1
林頓，	1
他反	1
映出了	1
三種	1
路（	1
路線	1
）的	1
行性和	1
。許	1
多進	1
為d	1
c應該	1
年和	1
02年	1
中的	1
起責任	1
c對於	1
會並沒有	1
的控制。	1
992	1
第一個	1
c沒	1
的黨主	1
然而許	1
多評	1
家認	1
仍然是一	1
個有	1
極	1
大影	1
力的派	1
系，	1
保了民	1
和其政	1
見不	1
會影響	1
「商界	1
」利	1
有密	1
切	1
關聯	1
治人物	1
統比	1
國務	1
蕊·柯	1
頓、	1
前副	1
統艾爾	1
爾、	1
前維	1
克·沃	1
而前科	1
聯邦參	1
、前內	1
薩	1
查也稱自	1
己	1
為中	1
間溫	1
另外，夏	1
夷州	1
選出的	1
聯邦眾議	1
花	1
房若	1
ol	1
ee	1
n h	1
ana	1
亦被普遍	1
場較	1
、較能	1
夠跨	1
黨合	1
的中間派民主黨	1
。
值得一提的是	1
員吳	1
振	1
偉（	1
勒	1
岡州	1
，已	1
卸任	1
新民主	1
盟」（n	1
ew	1
員之	1
他於2	1
後的黨團幹部遴選	1
，曾經一度與黨內保	1
派結	1
合不	1
進步自由	1
南茜	1
洛西	1
繼	1
黨領袖	1
，惟	1
來正	1
佩	1
洛西。	1
此外	1
部長	1
美國駐	1
華大使	1
駱家	1
輝	1
被視	1
為溫	1
和派	1
，主	1
盛頓	1
長任	1
內接受	1
之保守財	1
不開徵	1
稅種	1
減州府	1
支」	1
等，	1
他也被	1
界	1
黨總	1
駱	1
氏	1
列名	1
蕊·	1
林頓華	1
州競	1
部」	1
同主席。	1
自由派	1
內中間	1
偏左的	1
雖然	1
們在	1
勢	1
崛起	1
漸萎	1
縮，	1
惟此	1
前他	1
一度	1
導了	1
流派	1
其它保	1
和中	1
溫	1
，自	1
由主	1
義的經	1
反對鷹	1
國防	1
、外交	1
們也以	1
開放	1
社會政策	1
稱。	1
人也	1
常與	1
左的	1
重疊	1
年於	1
加州	1
選上	1
華裔聯	1
趙	1
般被	1
歸	1
類為自	1
時身	1
兼「進步	1
會小	1
組」	1
統後	1
回到	1
流（	1
力量較	1
院領	1
人南	1
希·佩	1
西為	1
全力支	1
持包	1
」、	1
「移民	1
改革」	1
等自由	1
派議	1
係惡劣。	1
病	1
故的	1
麻州	1
泰德	1
甘	1
迺迪	1
生前	1
被認為	1
是突	1
享有	1
派雄	1
獅」之	1
外，華	1
紐約	1
孟	1
昭文	1
州主計	1
江	1
俊輝	1
皆	1
屬自	1
黨候選	1
務卿	1
約翰	1
·克里	1
是典	1
型	1
是源自	1
代反	1
動下	1
浮	1
派，例	1
時競	1
的喬治	1
麥高	1
文；	1
其他人還	1
、佛	1
。進	1
區擁有	1
高支	1
持度，	1
到非	1
廣	1
泛支	1
步派民	1
同主	1
張包	1
對伊	1
战争	1
義、	1
對商	1
公司和	1
財團	1
公辦全	1
、發	1
大規	1
模的	1
共建	1
設等	1
。與	1
他民	1
黨派	1
主黨人最	1
左傾	1
共和黨	1
最具	1
敵意	1
的社會和	1
濟改	1
華裔紐	1
主計	1
劉醇	1
逸於2	1
年競	1
黨紐	1
約市	1
傳媒	1
為數	1
眾多	1
角	1
逐者中	1
派的候選	1
。
進	1
步左	1
派國	1
ssio	1
og	1
ssi	1
au	1
cu	1
cp	1
）是進步左派民主黨人在美國	1
會的組織。它是民主黨在	1
邦眾議院裡最	1
的派系	1
然目	1
前它	1
還沒有	1
院成	1
值	1
得一	1
，加州	1
杉磯	1
縣選出	1
邦眾	1
員趙	1
美心	1
身兼此	1
一黨團	1
副主	1
。cpc	1
擁護	1
保制度	1
公平	1
協議、	1
收入	1
、所	1
有勞工	1
織工會	1
發起罷工	1
集體	1
談	1
判權	1
、撤	1
銷美	1
法的	1
條文	1
、在	1
邦政	1
府成	1
立一	1
部門	1
rt	1
en	1
ea	1
ce	1
化、	1
格的	1
改革法案、徹底自伊拉	1
撤軍	1
打擊企業犯	1
罪	1
利益	1
、對於	1
些他	1
「富	1
有」	1
加所	1
稅率、	1
「貧	1
窮	1
人減	1
稅率	1
；並	1
且全	1
面增	1
制度開	1
銷	1
模。	1
國」	1
cy	1
or	1
df	1
）也	1
人的政治組織，它是	1
前民主	1
主席迪安於參與	1
所創	1
立的	1
；目	1
前df	1
席是	1
安的弟	1
弟詹	1
（j	1
es	1
。df	1
光	1
譜	1
極右	1
翼，並	1
「從底部做	1
造民主黨	1
美國進	1
iv	1
s o	1
er	1
ca）	1
另	1
一個在民主黨內抱持進步	1
義理念的派系，它是	1
俄亥	1
州聯邦眾議員丹	1
庫欽	1
奇	1
den	1
is	1
k	1
uc	1
in	1
ch	1
04年爭	1
取總	1
創立	1
織被認為是進	1
主義色彩最濃厚的	1
，但它對	1
的整	1
體影	1
力並	1
屬佛	1
員伯尼	1
桑德	1
斯（名	1
義上	1
籍，	1
實際	1
主黨團	1
聯邦層	1
名的	1
民主社	1
義者，	1
願人	1
稱他	1
他必	1
稱作	1
自從19	1
代以	1
來，	1
会	1
最重	1
的聯	1
供	1
量的	1
金、	1
基層的政	1
治組	1
織、	1
及投	1
持民主	1
。美	1
國工	1
在私	1
營經	1
五十	1
內已	1
從3	1
5下	1
降至8	1
工業	1
仍佔	1
定影	1
21	1
世	1
紀仍	1
然相	1
當重	1
雇	1
師、	1
警察	1
、護士	1
獄警	1
時也	1
服	1
務業	1
如飯	1
店	1
業和	1
全業	1
些傳	1
的產	1
更支	1
贸易	1
保护	1
主义、	1
體談	1
及健	1
康	1
險的	1
極力	1
對1	1
定。	1
與工	1
有關	1
聯的	1
治人	1
了北	1
達科	1
他州參議	1
拜倫	1
多根	1
、俄	1
亥俄州參	1
謝羅	1
·布	1
，前	1
席霍	1
會有所	1
牽連	1
這個派系	1
的成員	1
步主	1
系緊密	1
結。	1
志	1
公民自	1
由意	1
志主	1
者也	1
，因	1
為認	1
在一	1
些議	1
題如	1
民權和	1
分离	1
上的	1
立場	1
要來	1
的理	1
想，也	1
能是	1
認為民	1
理念。	1
制、毒	1
品管	1
制、	1
贸易保	1
护	1
主义	1
、財	1
貼、政	1
借貸	1
策上	1
的干	1
涉主	1
義。	1
議（	1
re	1
do	1
us	1
）便	1
代表這	1
個派	1
系的	1
織。
當前組織和架構	1
民主黨全國委員	1
負責組織協調	1
的競	1
然d	1
也負	1
責監	1
政見編	1
撰的	1
過程，	1
聚焦於	1
動和	1
織策	1
略，而	1
的公	1
共政策	1
它	1
主導	1
程，	1
階段	1
募款	1
、民	1
測	1
驗、	1
並協	1
選策	1
略。	1
出提	1
名人	1
舉募	1
，超	1
額的	1
就只	1
能在	1
的架	1
構內	1
行了	1
（目	1
前是	1
黛比	1
沃瑟	1
曼·	1
舒爾	1
茲	1
每隔	1
年由	1
出。	1
而當現	1
會支	1
持總	1
統挑	1
的候選	1
人擔	1
任主	1
初擊敗	1
多對	1
手當	1
為黨	1
張民主	1
該只	1
聚	1
焦	1
於那	1
與共和黨	1
相近	1
搖擺	1
州」，	1
而提出	1
謂的	1
「五十	1
州戰	1
的目	1
標是	1
在每	1
個層	1
得勝	1
區都	1
有健	1
部組織	1
黨章	1
實全	1
國代	1
會才	1
權威	1
而非	1
是負	1
平常	1
黨活	1
會是	1
由每	1
黨黨部	1
所組成	1
，總	1
計兩	1
百名	1
席次	1
則依	1
每個	1
州的人	1
口	1
劃分	1
代表通	1
常是	1
或	1
當地	1
出，	1
會擔	1
，有	1
些也	1
各	1
ngr	1
ona	1
cam	1
ig	1
n c	1
mmittee dc	1
c）負責協助各地的眾議院選	1
，它在20052	1
06年的選舉中就募	1
了超過7	1
萬的	1
；當	1
dcc	1
c的	1
伊利諾州眾議員拉	1
伊曼	1
紐	1
。另	1
員會（d	1
c s	1
mpa	1
ign	1
omm	1
ttee），同樣也在	1
議院選舉中替各地候選	1
募集大量資金，目	1
擔任主席的是紐約的	1
員查	1
舒默。	1
模較	1
小的募	1
款組	1
織包	1
責地	1
的團	1
—民主	1
旗下	1
有兩	1
個年	1
輕	1
青年部	1
（y	1
ng	1
moc	1
ric	1
）和	1
院民主	1
olleg	1
democrat	1
每個州都擁有獨	1
，由選	1
委員會成員組成	1
通常是被選出的官員	1
要選	1
員）	1
們選	1
黨部的	1
郡	1
、鎮	1
是由	1
地層次	1
，州	1
和地	1
轄	1
權協調	1
，監	1
督地	1
方的	1
會或	1
和幹	1
會議，	1
有時	1
也會	1
地州的	1
。雖	1
它們	1
很少	1
款資	1
金，	1
年時	1
始了	1
新計畫	1
以全	1
的資	1
金協	1
助這	1
些地	1
的黨部，	1
雇用全	1
工。	1
安對	1
和眾議	1
會不	1
斷要	1
中資	1
投注	1
情逼	1
感到	1
滿，	1
因此決	1
將所有	1
平均的	1
分配	1
給各	1
州，	1
論它	1
情好	1
壞	1
誌和	1
名稱	1
，聯	1
邦黨	1
故	1
使用	1
」這	1
來羞	1
辱	1
傑佛	1
人。不過	1
，到	1
代時	1
一詞已	1
貶	1
抑詞逐	1
變為	1
的名	1
「美國民	1
世紀	1
末	1
s）	1
的簡稱	1
驢	1
子是	1
黨最普	1
遍	1
標誌，	1
民主黨從來沒有正式	1
過它	1
這一	1
誌的	1
並不	1
確，對	1
還有	1
好	1
幾種	1
釋的	1
理論。	1
第一種	1
說驢	1
標誌	1
爭激	1
烈、	1
互	1
揭	1
瘡	1
疤的	1
82	1
德鲁	1
·杰	1
逊的	1
對手	1
佈置	1
齣戲	1
劇，	1
傑克	1
描繪為	1
驢（ja	1
ka	1
挖	1
苦	1
魯·	1
公驢	1
然而傑	1
克遜	1
欣然	1
了這一暱稱；第	1
